suite	task_id	axis	difficulty
libero_10	0	Background Textures	4
libero_10	1	Background Textures	3
libero_10	2	Background Textures	3
libero_10	3	Background Textures	4
libero_10	4	Background Textures	5
libero_10	5	Background Textures	4
libero_10	6	Background Textures	3
libero_10	7	Background Textures	4
libero_10	8	Background Textures	3
libero_10	9	Background Textures	4
libero_10	10	Background Textures	4
libero_10	11	Background Textures	1
libero_10	12	Background Textures	4
libero_10	13	Background Textures	3
libero_10	14	Background Textures	4
libero_10	15	Background Textures	2
libero_10	16	Background Textures	4
libero_10	17	Background Textures	4
libero_10	18	Background Textures	2
libero_10	19	Background Textures	2
libero_10	20	Background Textures	3
libero_10	21	Background Textures	4
libero_10	22	Background Textures	3
libero_10	23	Background Textures	4
libero_10	24	Background Textures	5
libero_10	25	Background Textures	3
libero_10	26	Background Textures	4
libero_10	27	Background Textures	3
libero_10	28	Background Textures	4
libero_10	29	Background Textures	4
libero_10	30	Background Textures	4
libero_10	31	Background Textures	4
libero_10	32	Background Textures	4
libero_10	33	Background Textures	5
libero_10	34	Background Textures	4
libero_10	35	Background Textures	3
libero_10	36	Background Textures	5
libero_10	37	Background Textures	4
libero_10	38	Background Textures	5
libero_10	39	Background Textures	4
libero_10	40	Background Textures	4
libero_10	41	Background Textures	4
libero_10	42	Background Textures	3
libero_10	43	Background Textures	5
libero_10	44	Background Textures	4
libero_10	45	Background Textures	5
libero_10	46	Background Textures	5
libero_10	47	Background Textures	5
libero_10	48	Background Textures	4
libero_10	49	Background Textures	5
libero_10	50	Background Textures	4
libero_10	51	Background Textures	3
libero_10	52	Background Textures	2
libero_10	53	Background Textures	5
libero_10	54	Background Textures	5
libero_10	55	Background Textures	5
libero_10	56	Background Textures	3
libero_10	57	Background Textures	3
libero_10	58	Background Textures	4
libero_10	59	Background Textures	4
libero_10	60	Background Textures	4
libero_10	61	Background Textures	4
libero_10	62	Background Textures	3
libero_10	63	Background Textures	4
libero_10	64	Background Textures	3
libero_10	65	Background Textures	3
libero_10	66	Background Textures	3
libero_10	67	Background Textures	4
libero_10	68	Background Textures	5
libero_10	69	Background Textures	3
libero_10	70	Background Textures	4
libero_10	71	Background Textures	4
libero_10	72	Background Textures	5
libero_10	73	Background Textures	5
libero_10	74	Background Textures	3
libero_10	75	Background Textures	4
libero_10	76	Background Textures	3
libero_10	77	Background Textures	3
libero_10	78	Background Textures	4
libero_10	79	Background Textures	5
libero_10	80	Background Textures	5
libero_10	81	Background Textures	4
libero_10	82	Background Textures	4
libero_10	83	Background Textures	5
libero_10	84	Background Textures	5
libero_10	85	Background Textures	5
libero_10	86	Background Textures	5
libero_10	87	Background Textures	5
libero_10	88	Background Textures	5
libero_10	89	Background Textures	5
libero_10	90	Background Textures	5
libero_10	91	Background Textures	5
libero_10	92	Background Textures	5
libero_10	93	Background Textures	5
libero_10	94	Background Textures	5
libero_10	95	Background Textures	5
libero_10	96	Background Textures	4
libero_10	97	Background Textures	5
libero_10	98	Background Textures	5
libero_10	99	Background Textures	5
libero_10	100	Background Textures	5
libero_10	101	Background Textures	5
libero_10	102	Background Textures	4
libero_10	103	Background Textures	5
libero_10	104	Background Textures	5
libero_10	105	Background Textures	5
libero_10	106	Background Textures	4
libero_10	107	Background Textures	5
libero_10	108	Background Textures	5
libero_10	109	Background Textures	5
libero_10	110	Background Textures	5
libero_10	111	Background Textures	5
libero_10	112	Background Textures	5
libero_10	113	Background Textures	5
libero_10	114	Background Textures	5
libero_10	115	Background Textures	5
libero_10	116	Background Textures	5
libero_10	117	Background Textures	5
libero_10	118	Background Textures	5
libero_10	119	Background Textures	5
libero_10	120	Background Textures	5
libero_10	121	Background Textures	5
libero_10	122	Background Textures	5
libero_10	123	Background Textures	5
libero_10	124	Background Textures	5
libero_10	125	Background Textures	5
libero_10	126	Background Textures	5
libero_10	127	Background Textures	5
libero_10	128	Background Textures	5
libero_10	129	Background Textures	5
libero_10	130	Background Textures	5
libero_10	131	Background Textures	5
libero_10	132	Background Textures	5
libero_10	133	Background Textures	5
libero_10	134	Background Textures	5
libero_10	135	Background Textures	5
libero_10	136	Background Textures	5
libero_10	137	Background Textures	2
libero_10	138	Background Textures	4
libero_10	139	Background Textures	3
libero_10	140	Background Textures	2
libero_10	141	Background Textures	3
libero_10	142	Background Textures	2
libero_10	143	Background Textures	2
libero_10	144	Background Textures	2
libero_10	145	Background Textures	2
libero_10	146	Background Textures	2
libero_10	147	Background Textures	4
libero_10	148	Background Textures	4
libero_10	149	Background Textures	1
libero_10	150	Background Textures	2
libero_10	151	Background Textures	3
libero_10	152	Background Textures	2
libero_10	153	Background Textures	3
libero_10	154	Background Textures	2
libero_10	155	Background Textures	3
libero_10	156	Background Textures	2
libero_10	157	Background Textures	2
libero_10	158	Background Textures	2
libero_10	159	Background Textures	2
libero_10	160	Background Textures	2
libero_10	161	Background Textures	1
libero_10	162	Background Textures	1
libero_10	163	Background Textures	1
libero_10	164	Background Textures	1
libero_10	165	Background Textures	1
libero_10	166	Background Textures	2
libero_10	167	Background Textures	1
libero_10	168	Background Textures	2
libero_10	169	Background Textures	3
libero_10	170	Background Textures	2
libero_10	171	Background Textures	3
libero_10	172	Background Textures	2
libero_10	173	Background Textures	3
libero_10	174	Background Textures	2
libero_10	175	Background Textures	2
libero_10	176	Background Textures	2
libero_10	177	Background Textures	1
libero_10	178	Background Textures	1
libero_10	179	Background Textures	2
libero_10	180	Background Textures	1
libero_10	181	Background Textures	2
libero_10	182	Background Textures	1
libero_10	183	Background Textures	1
libero_10	184	Background Textures	2
libero_10	185	Background Textures	1
libero_10	186	Background Textures	1
libero_10	187	Background Textures	1
libero_10	188	Background Textures	2
libero_10	189	Background Textures	2
libero_10	190	Background Textures	2
libero_10	191	Background Textures	2
libero_10	192	Background Textures	2
libero_10	193	Background Textures	3
libero_10	194	Background Textures	3
libero_10	195	Background Textures	2
libero_10	196	Background Textures	1
libero_10	197	Background Textures	3
libero_10	198	Background Textures	5
libero_10	199	Background Textures	2
libero_10	200	Background Textures	5
libero_10	201	Background Textures	4
libero_10	202	Background Textures	2
libero_10	203	Background Textures	3
libero_10	204	Background Textures	5
libero_10	205	Background Textures	3
libero_10	206	Background Textures	5
libero_10	207	Background Textures	2
libero_10	208	Background Textures	1
libero_10	209	Background Textures	3
libero_10	210	Background Textures	4
libero_10	211	Background Textures	5
libero_10	212	Background Textures	3
libero_10	213	Background Textures	2
libero_10	214	Background Textures	5
libero_10	215	Background Textures	2
libero_10	216	Background Textures	2
libero_10	217	Background Textures	2
libero_10	218	Background Textures	2
libero_10	219	Background Textures	5
libero_10	220	Background Textures	3
libero_10	221	Background Textures	4
libero_10	222	Background Textures	3
libero_10	223	Background Textures	3
libero_10	224	Background Textures	2
libero_10	225	Background Textures	3
libero_10	226	Background Textures	1
libero_10	227	Background Textures	2
libero_10	228	Background Textures	2
libero_10	229	Background Textures	1
libero_10	230	Background Textures	2
libero_10	231	Background Textures	2
libero_10	232	Background Textures	4
libero_10	233	Background Textures	4
libero_10	234	Background Textures	3
libero_10	235	Background Textures	5
libero_10	236	Background Textures	2
libero_10	237	Background Textures	5
libero_10	238	Background Textures	5
libero_10	239	Background Textures	5
libero_10	240	Background Textures	3
libero_10	241	Background Textures	4
libero_10	242	Background Textures	3
libero_10	243	Background Textures	5
libero_10	244	Background Textures	3
libero_10	245	Background Textures	5
libero_10	246	Background Textures	5
libero_10	247	Background Textures	4
libero_10	248	Background Textures	3
libero_10	249	Background Textures	5
libero_10	250	Background Textures	1
libero_10	251	Background Textures	4
libero_10	252	Background Textures	5
libero_10	253	Background Textures	3
libero_10	254	Background Textures	5
libero_10	255	Background Textures	1
libero_10	256	Background Textures	4
libero_10	257	Background Textures	4
libero_10	258	Background Textures	5
libero_10	259	Background Textures	4
libero_10	260	Background Textures	4
libero_10	261	Background Textures	3
libero_10	262	Background Textures	3
libero_10	263	Background Textures	5
libero_10	264	Background Textures	2
libero_10	265	Background Textures	5
libero_10	266	Background Textures	5
libero_10	267	Background Textures	4
libero_10	268	Background Textures	4
libero_10	269	Background Textures	5
libero_10	270	Background Textures	3
libero_10	271	Background Textures	4
libero_10	272	Background Textures	5
libero_10	273	Background Textures	4
libero_10	274	Background Textures	4
libero_10	275	Background Textures	5
libero_10	276	Background Textures	2
libero_10	277	Background Textures	2
libero_10	278	Background Textures	2
libero_10	279	Background Textures	5
libero_10	280	Background Textures	3
libero_10	281	Background Textures	2
libero_10	282	Background Textures	1
libero_10	283	Background Textures	3
libero_10	284	Background Textures	3
libero_10	285	Background Textures	2
libero_10	286	Background Textures	1
libero_10	287	Background Textures	5
libero_10	288	Background Textures	2
libero_10	289	Robot Initial States	2
libero_10	290	Robot Initial States	2
libero_10	291	Robot Initial States	1
libero_10	292	Robot Initial States	1
libero_10	293	Robot Initial States	2
libero_10	294	Robot Initial States	1
libero_10	295	Robot Initial States	4
libero_10	296	Robot Initial States	2
libero_10	297	Robot Initial States	1
libero_10	298	Robot Initial States	5
libero_10	299	Robot Initial States	3
libero_10	300	Robot Initial States	2
libero_10	301	Robot Initial States	2
libero_10	302	Robot Initial States	5
libero_10	303	Robot Initial States	4
libero_10	304	Robot Initial States	5
libero_10	305	Robot Initial States	4
libero_10	306	Robot Initial States	2
libero_10	307	Robot Initial States	2
libero_10	308	Robot Initial States	2
libero_10	309	Robot Initial States	5
libero_10	310	Robot Initial States	4
libero_10	311	Robot Initial States	4
libero_10	312	Robot Initial States	5
libero_10	313	Robot Initial States	4
libero_10	314	Robot Initial States	3
libero_10	315	Robot Initial States	1
libero_10	316	Robot Initial States	3
libero_10	317	Robot Initial States	4
libero_10	318	Robot Initial States	4
libero_10	319	Robot Initial States	3
libero_10	320	Robot Initial States	4
libero_10	321	Robot Initial States	4
libero_10	322	Robot Initial States	5
libero_10	323	Robot Initial States	3
libero_10	324	Robot Initial States	2
libero_10	325	Robot Initial States	1
libero_10	326	Robot Initial States	3
libero_10	327	Robot Initial States	4
libero_10	328	Robot Initial States	3
libero_10	329	Robot Initial States	5
libero_10	330	Robot Initial States	2
libero_10	331	Robot Initial States	1
libero_10	332	Robot Initial States	1
libero_10	333	Robot Initial States	1
libero_10	334	Robot Initial States	2
libero_10	335	Robot Initial States	2
libero_10	336	Robot Initial States	1
libero_10	337	Robot Initial States	1
libero_10	338	Robot Initial States	1
libero_10	339	Robot Initial States	3
libero_10	340	Robot Initial States	4
libero_10	341	Robot Initial States	2
libero_10	342	Robot Initial States	3
libero_10	343	Robot Initial States	1
libero_10	344	Robot Initial States	1
libero_10	345	Robot Initial States	3
libero_10	346	Robot Initial States	3
libero_10	347	Robot Initial States	5
libero_10	348	Robot Initial States	4
libero_10	349	Robot Initial States	3
libero_10	350	Robot Initial States	5
libero_10	351	Robot Initial States	3
libero_10	352	Robot Initial States	3
libero_10	353	Robot Initial States	5
libero_10	354	Robot Initial States	4
libero_10	355	Robot Initial States	3
libero_10	356	Robot Initial States	5
libero_10	357	Robot Initial States	4
libero_10	358	Robot Initial States	3
libero_10	359	Robot Initial States	2
libero_10	360	Robot Initial States	5
libero_10	361	Robot Initial States	5
libero_10	362	Robot Initial States	3
libero_10	363	Robot Initial States	1
libero_10	364	Robot Initial States	2
libero_10	365	Robot Initial States	2
libero_10	366	Robot Initial States	1
libero_10	367	Robot Initial States	1
libero_10	368	Robot Initial States	2
libero_10	369	Robot Initial States	1
libero_10	370	Robot Initial States	1
libero_10	371	Robot Initial States	1
libero_10	372	Robot Initial States	2
libero_10	373	Robot Initial States	1
libero_10	374	Robot Initial States	3
libero_10	375	Robot Initial States	2
libero_10	376	Robot Initial States	2
libero_10	377	Robot Initial States	1
libero_10	378	Robot Initial States	1
libero_10	379	Robot Initial States	1
libero_10	380	Robot Initial States	1
libero_10	381	Robot Initial States	2
libero_10	382	Robot Initial States	2
libero_10	383	Robot Initial States	2
libero_10	384	Robot Initial States	1
libero_10	385	Robot Initial States	2
libero_10	386	Robot Initial States	2
libero_10	387	Robot Initial States	2
libero_10	388	Robot Initial States	1
libero_10	389	Robot Initial States	4
libero_10	390	Robot Initial States	3
libero_10	391	Robot Initial States	2
libero_10	392	Robot Initial States	2
libero_10	393	Robot Initial States	3
libero_10	394	Robot Initial States	2
libero_10	395	Robot Initial States	2
libero_10	396	Robot Initial States	2
libero_10	397	Robot Initial States	5
libero_10	398	Robot Initial States	3
libero_10	399	Robot Initial States	2
libero_10	400	Robot Initial States	3
libero_10	401	Robot Initial States	5
libero_10	402	Robot Initial States	4
libero_10	403	Robot Initial States	3
libero_10	404	Robot Initial States	3
libero_10	405	Robot Initial States	1
libero_10	406	Robot Initial States	2
libero_10	407	Robot Initial States	4
libero_10	408	Robot Initial States	3
libero_10	409	Robot Initial States	4
libero_10	410	Robot Initial States	3
libero_10	411	Robot Initial States	4
libero_10	412	Robot Initial States	3
libero_10	413	Robot Initial States	3
libero_10	414	Robot Initial States	3
libero_10	415	Robot Initial States	2
libero_10	416	Robot Initial States	3
libero_10	417	Robot Initial States	3
libero_10	418	Robot Initial States	3
libero_10	419	Robot Initial States	3
libero_10	420	Robot Initial States	2
libero_10	421	Robot Initial States	3
libero_10	422	Robot Initial States	2
libero_10	423	Robot Initial States	3
libero_10	424	Robot Initial States	4
libero_10	425	Robot Initial States	4
libero_10	426	Robot Initial States	4
libero_10	427	Robot Initial States	3
libero_10	428	Robot Initial States	2
libero_10	429	Robot Initial States	3
libero_10	430	Robot Initial States	3
libero_10	431	Robot Initial States	4
libero_10	432	Robot Initial States	3
libero_10	433	Robot Initial States	4
libero_10	434	Robot Initial States	3
libero_10	435	Robot Initial States	5
libero_10	436	Robot Initial States	3
libero_10	437	Robot Initial States	4
libero_10	438	Robot Initial States	3
libero_10	439	Robot Initial States	3
libero_10	440	Robot Initial States	3
libero_10	441	Robot Initial States	3
libero_10	442	Robot Initial States	4
libero_10	443	Robot Initial States	3
libero_10	444	Robot Initial States	2
libero_10	445	Robot Initial States	4
libero_10	446	Robot Initial States	5
libero_10	447	Robot Initial States	5
libero_10	448	Robot Initial States	5
libero_10	449	Robot Initial States	3
libero_10	450	Robot Initial States	5
libero_10	451	Robot Initial States	4
libero_10	452	Robot Initial States	4
libero_10	453	Robot Initial States	1
libero_10	454	Robot Initial States	1
libero_10	455	Robot Initial States	1
libero_10	456	Robot Initial States	3
libero_10	457	Robot Initial States	3
libero_10	458	Robot Initial States	3
libero_10	459	Robot Initial States	2
libero_10	460	Robot Initial States	3
libero_10	461	Robot Initial States	1
libero_10	462	Robot Initial States	2
libero_10	463	Robot Initial States	4
libero_10	464	Robot Initial States	3
libero_10	465	Robot Initial States	5
libero_10	466	Robot Initial States	5
libero_10	467	Robot Initial States	3
libero_10	468	Robot Initial States	5
libero_10	469	Robot Initial States	4
libero_10	470	Robot Initial States	1
libero_10	471	Robot Initial States	5
libero_10	472	Robot Initial States	4
libero_10	473	Robot Initial States	4
libero_10	474	Robot Initial States	4
libero_10	475	Robot Initial States	3
libero_10	476	Robot Initial States	5
libero_10	477	Robot Initial States	4
libero_10	478	Robot Initial States	5
libero_10	479	Robot Initial States	4
libero_10	480	Robot Initial States	5
libero_10	481	Robot Initial States	3
libero_10	482	Robot Initial States	5
libero_10	483	Robot Initial States	5
libero_10	484	Robot Initial States	4
libero_10	485	Robot Initial States	1
libero_10	486	Robot Initial States	5
libero_10	487	Robot Initial States	5
libero_10	488	Robot Initial States	4
libero_10	489	Robot Initial States	5
libero_10	490	Robot Initial States	5
libero_10	491	Robot Initial States	1
libero_10	492	Robot Initial States	2
libero_10	493	Robot Initial States	1
libero_10	494	Robot Initial States	1
libero_10	495	Robot Initial States	3
libero_10	496	Robot Initial States	1
libero_10	497	Robot Initial States	2
libero_10	498	Robot Initial States	1
libero_10	499	Robot Initial States	1
libero_10	500	Robot Initial States	2
libero_10	501	Robot Initial States	3
libero_10	502	Robot Initial States	3
libero_10	503	Robot Initial States	3
libero_10	504	Robot Initial States	2
libero_10	505	Robot Initial States	2
libero_10	506	Robot Initial States	5
libero_10	507	Robot Initial States	4
libero_10	508	Robot Initial States	4
libero_10	509	Robot Initial States	3
libero_10	510	Robot Initial States	5
libero_10	511	Robot Initial States	3
libero_10	512	Robot Initial States	5
libero_10	513	Robot Initial States	3
libero_10	514	Robot Initial States	3
libero_10	515	Robot Initial States	2
libero_10	516	Robot Initial States	4
libero_10	517	Robot Initial States	3
libero_10	518	Robot Initial States	5
libero_10	519	Robot Initial States	5
libero_10	520	Robot Initial States	2
libero_10	521	Robot Initial States	3
libero_10	522	Robot Initial States	5
libero_10	523	Robot Initial States	5
libero_10	524	Robot Initial States	3
libero_10	525	Robot Initial States	1
libero_10	526	Robot Initial States	1
libero_10	527	Robot Initial States	2
libero_10	528	Robot Initial States	1
libero_10	529	Robot Initial States	1
libero_10	530	Robot Initial States	1
libero_10	531	Robot Initial States	2
libero_10	532	Robot Initial States	1
libero_10	533	Robot Initial States	2
libero_10	534	Robot Initial States	1
libero_10	535	Robot Initial States	1
libero_10	536	Robot Initial States	1
libero_10	537	Robot Initial States	2
libero_10	538	Robot Initial States	4
libero_10	539	Robot Initial States	2
libero_10	540	Robot Initial States	1
libero_10	541	Robot Initial States	3
libero_10	542	Robot Initial States	4
libero_10	543	Robot Initial States	2
libero_10	544	Robot Initial States	3
libero_10	545	Robot Initial States	3
libero_10	546	Robot Initial States	2
libero_10	547	Robot Initial States	3
libero_10	548	Robot Initial States	1
libero_10	549	Robot Initial States	5
libero_10	550	Robot Initial States	5
libero_10	551	Robot Initial States	3
libero_10	552	Robot Initial States	2
libero_10	553	Robot Initial States	2
libero_10	554	Robot Initial States	4
libero_10	555	Robot Initial States	4
libero_10	556	Robot Initial States	3
libero_10	557	Robot Initial States	2
libero_10	558	Robot Initial States	4
libero_10	559	Robot Initial States	3
libero_10	560	Robot Initial States	4
libero_10	561	Robot Initial States	5
libero_10	562	Robot Initial States	5
libero_10	563	Robot Initial States	2
libero_10	564	Robot Initial States	4
libero_10	565	Robot Initial States	3
libero_10	566	Robot Initial States	5
libero_10	567	Robot Initial States	1
libero_10	568	Robot Initial States	3
libero_10	569	Robot Initial States	3
libero_10	570	Robot Initial States	1
libero_10	571	Robot Initial States	1
libero_10	572	Robot Initial States	3
libero_10	573	Robot Initial States	2
libero_10	574	Robot Initial States	3
libero_10	575	Robot Initial States	3
libero_10	576	Robot Initial States	3
libero_10	577	Robot Initial States	1
libero_10	578	Robot Initial States	3
libero_10	579	Robot Initial States	4
libero_10	580	Robot Initial States	3
libero_10	581	Robot Initial States	4
libero_10	582	Robot Initial States	3
libero_10	583	Robot Initial States	5
libero_10	584	Robot Initial States	2
libero_10	585	Robot Initial States	1
libero_10	586	Robot Initial States	3
libero_10	587	Robot Initial States	3
libero_10	588	Robot Initial States	1
libero_10	589	Robot Initial States	4
libero_10	590	Robot Initial States	4
libero_10	591	Robot Initial States	4
libero_10	592	Robot Initial States	5
libero_10	593	Robot Initial States	1
libero_10	594	Robot Initial States	5
libero_10	595	Robot Initial States	4
libero_10	596	Robot Initial States	4
libero_10	597	Robot Initial States	1
libero_10	598	Robot Initial States	4
libero_10	599	Robot Initial States	4
libero_10	600	Robot Initial States	5
libero_10	601	Robot Initial States	5
libero_10	602	Robot Initial States	3
libero_10	603	Robot Initial States	4
libero_10	604	Robot Initial States	4
libero_10	605	Robot Initial States	4
libero_10	606	Robot Initial States	2
libero_10	607	Robot Initial States	5
libero_10	608	Robot Initial States	3
libero_10	609	Robot Initial States	3
libero_10	610	Robot Initial States	2
libero_10	611	Robot Initial States	3
libero_10	612	Robot Initial States	5
libero_10	613	Robot Initial States	4
libero_10	614	Robot Initial States	3
libero_10	615	Robot Initial States	5
libero_10	616	Robot Initial States	3
libero_10	617	Robot Initial States	2
libero_10	618	Robot Initial States	3
libero_10	619	Robot Initial States	3
libero_10	620	Robot Initial States	4
libero_10	621	Robot Initial States	5
libero_10	622	Robot Initial States	3
libero_10	623	Robot Initial States	5
libero_10	624	Robot Initial States	5
libero_10	625	Robot Initial States	4
libero_10	626	Robot Initial States	3
libero_10	627	Robot Initial States	5
libero_10	628	Robot Initial States	4
libero_10	629	Robot Initial States	4
libero_10	630	Robot Initial States	5
libero_10	631	Robot Initial States	4
libero_10	632	Robot Initial States	4
libero_10	633	Robot Initial States	4
libero_10	634	Robot Initial States	4
libero_10	635	Robot Initial States	5
libero_10	636	Robot Initial States	4
libero_10	637	Robot Initial States	5
libero_10	638	Robot Initial States	4
libero_10	639	Robot Initial States	4
libero_10	640	Robot Initial States	2
libero_10	641	Robot Initial States	2
libero_10	642	Robot Initial States	1
libero_10	643	Robot Initial States	2
libero_10	644	Robot Initial States	2
libero_10	645	Robot Initial States	2
libero_10	646	Robot Initial States	2
libero_10	647	Robot Initial States	1
libero_10	648	Robot Initial States	3
libero_10	649	Robot Initial States	2
libero_10	650	Robot Initial States	2
libero_10	651	Robot Initial States	2
libero_10	652	Robot Initial States	2
libero_10	653	Robot Initial States	1
libero_10	654	Robot Initial States	1
libero_10	655	Robot Initial States	2
libero_10	656	Robot Initial States	1
libero_10	657	Robot Initial States	3
libero_10	658	Robot Initial States	2
libero_10	659	Robot Initial States	5
libero_10	660	Robot Initial States	2
libero_10	661	Robot Initial States	4
libero_10	662	Robot Initial States	4
libero_10	663	Robot Initial States	4
libero_10	664	Robot Initial States	4
libero_10	665	Robot Initial States	5
libero_10	666	Robot Initial States	5
libero_10	667	Robot Initial States	4
libero_10	668	Robot Initial States	5
libero_10	669	Robot Initial States	3
libero_10	670	Robot Initial States	5
libero_10	671	Robot Initial States	5
libero_10	672	Robot Initial States	3
libero_10	673	Robot Initial States	5
libero_10	674	Robot Initial States	4
libero_10	675	Robot Initial States	4
libero_10	676	Robot Initial States	5
libero_10	677	Robot Initial States	5
libero_10	678	Robot Initial States	4
libero_10	679	Robot Initial States	4
libero_10	680	Robot Initial States	3
libero_10	681	Robot Initial States	4
libero_10	682	Camera Viewpoints	3
libero_10	683	Camera Viewpoints	4
libero_10	684	Camera Viewpoints	4
libero_10	685	Camera Viewpoints	2
libero_10	686	Camera Viewpoints	2
libero_10	687	Camera Viewpoints	2
libero_10	688	Camera Viewpoints	1
libero_10	689	Camera Viewpoints	2
libero_10	690	Camera Viewpoints	3
libero_10	691	Camera Viewpoints	3
libero_10	692	Camera Viewpoints	3
libero_10	693	Camera Viewpoints	2
libero_10	694	Camera Viewpoints	2
libero_10	695	Camera Viewpoints	3
libero_10	696	Camera Viewpoints	3
libero_10	697	Camera Viewpoints	3
libero_10	698	Camera Viewpoints	2
libero_10	699	Camera Viewpoints	3
libero_10	700	Camera Viewpoints	3
libero_10	701	Camera Viewpoints	2
libero_10	702	Camera Viewpoints	1
libero_10	703	Camera Viewpoints	2
libero_10	704	Camera Viewpoints	1
libero_10	705	Camera Viewpoints	2
libero_10	706	Camera Viewpoints	2
libero_10	707	Camera Viewpoints	1
libero_10	708	Camera Viewpoints	1
libero_10	709	Camera Viewpoints	2
libero_10	710	Camera Viewpoints	1
libero_10	711	Camera Viewpoints	3
libero_10	712	Camera Viewpoints	1
libero_10	713	Camera Viewpoints	2
libero_10	714	Camera Viewpoints	2
libero_10	715	Camera Viewpoints	2
libero_10	716	Camera Viewpoints	1
libero_10	717	Camera Viewpoints	2
libero_10	718	Camera Viewpoints	2
libero_10	719	Camera Viewpoints	2
libero_10	720	Camera Viewpoints	2
libero_10	721	Camera Viewpoints	2
libero_10	722	Camera Viewpoints	2
libero_10	723	Camera Viewpoints	2
libero_10	724	Camera Viewpoints	1
libero_10	725	Camera Viewpoints	2
libero_10	726	Camera Viewpoints	3
libero_10	727	Camera Viewpoints	2
libero_10	728	Camera Viewpoints	3
libero_10	729	Camera Viewpoints	2
libero_10	730	Camera Viewpoints	3
libero_10	731	Camera Viewpoints	2
libero_10	732	Camera Viewpoints	3
libero_10	733	Camera Viewpoints	2
libero_10	734	Camera Viewpoints	4
libero_10	735	Camera Viewpoints	3
libero_10	736	Camera Viewpoints	4
libero_10	737	Camera Viewpoints	3
libero_10	738	Camera Viewpoints	4
libero_10	739	Camera Viewpoints	3
libero_10	740	Camera Viewpoints	4
libero_10	741	Camera Viewpoints	3
libero_10	742	Camera Viewpoints	3
libero_10	743	Camera Viewpoints	3
libero_10	744	Camera Viewpoints	2
libero_10	745	Camera Viewpoints	1
libero_10	746	Camera Viewpoints	3
libero_10	747	Camera Viewpoints	1
libero_10	748	Camera Viewpoints	3
libero_10	749	Camera Viewpoints	2
libero_10	750	Camera Viewpoints	2
libero_10	751	Camera Viewpoints	2
libero_10	752	Camera Viewpoints	2
libero_10	753	Camera Viewpoints	2
libero_10	754	Camera Viewpoints	5
libero_10	755	Camera Viewpoints	3
libero_10	756	Camera Viewpoints	5
libero_10	757	Camera Viewpoints	4
libero_10	758	Camera Viewpoints	5
libero_10	759	Camera Viewpoints	3
libero_10	760	Camera Viewpoints	5
libero_10	761	Camera Viewpoints	4
libero_10	762	Camera Viewpoints	5
libero_10	763	Camera Viewpoints	4
libero_10	764	Camera Viewpoints	5
libero_10	765	Camera Viewpoints	3
libero_10	766	Camera Viewpoints	5
libero_10	767	Camera Viewpoints	3
libero_10	768	Camera Viewpoints	5
libero_10	769	Camera Viewpoints	4
libero_10	770	Camera Viewpoints	5
libero_10	771	Camera Viewpoints	4
libero_10	772	Camera Viewpoints	5
libero_10	773	Camera Viewpoints	4
libero_10	774	Camera Viewpoints	5
libero_10	775	Camera Viewpoints	5
libero_10	776	Camera Viewpoints	5
libero_10	777	Camera Viewpoints	5
libero_10	778	Camera Viewpoints	5
libero_10	779	Camera Viewpoints	5
libero_10	780	Camera Viewpoints	5
libero_10	781	Camera Viewpoints	4
libero_10	782	Camera Viewpoints	4
libero_10	783	Camera Viewpoints	4
libero_10	784	Camera Viewpoints	4
libero_10	785	Camera Viewpoints	5
libero_10	786	Camera Viewpoints	5
libero_10	787	Camera Viewpoints	3
libero_10	788	Camera Viewpoints	5
libero_10	789	Camera Viewpoints	4
libero_10	790	Camera Viewpoints	5
libero_10	791	Camera Viewpoints	5
libero_10	792	Camera Viewpoints	5
libero_10	793	Camera Viewpoints	5
libero_10	794	Camera Viewpoints	5
libero_10	795	Camera Viewpoints	5
libero_10	796	Camera Viewpoints	5
libero_10	797	Camera Viewpoints	5
libero_10	798	Camera Viewpoints	5
libero_10	799	Camera Viewpoints	3
libero_10	800	Camera Viewpoints	3
libero_10	801	Camera Viewpoints	5
libero_10	802	Camera Viewpoints	5
libero_10	803	Camera Viewpoints	5
libero_10	804	Camera Viewpoints	5
libero_10	805	Camera Viewpoints	5
libero_10	806	Camera Viewpoints	5
libero_10	807	Camera Viewpoints	5
libero_10	808	Camera Viewpoints	5
libero_10	809	Camera Viewpoints	5
libero_10	810	Camera Viewpoints	4
libero_10	811	Camera Viewpoints	5
libero_10	812	Camera Viewpoints	5
libero_10	813	Camera Viewpoints	5
libero_10	814	Camera Viewpoints	5
libero_10	815	Camera Viewpoints	5
libero_10	816	Camera Viewpoints	5
libero_10	817	Camera Viewpoints	3
libero_10	818	Camera Viewpoints	5
libero_10	819	Camera Viewpoints	5
libero_10	820	Camera Viewpoints	5
libero_10	821	Camera Viewpoints	5
libero_10	822	Camera Viewpoints	5
libero_10	823	Camera Viewpoints	5
libero_10	824	Camera Viewpoints	5
libero_10	825	Camera Viewpoints	4
libero_10	826	Camera Viewpoints	5
libero_10	827	Camera Viewpoints	5
libero_10	828	Camera Viewpoints	5
libero_10	829	Camera Viewpoints	3
libero_10	830	Camera Viewpoints	3
libero_10	831	Camera Viewpoints	3
libero_10	832	Camera Viewpoints	5
libero_10	833	Camera Viewpoints	3
libero_10	834	Camera Viewpoints	3
libero_10	835	Camera Viewpoints	4
libero_10	836	Camera Viewpoints	4
libero_10	837	Camera Viewpoints	4
libero_10	838	Camera Viewpoints	5
libero_10	839	Camera Viewpoints	5
libero_10	840	Camera Viewpoints	5
libero_10	841	Camera Viewpoints	5
libero_10	842	Camera Viewpoints	5
libero_10	843	Camera Viewpoints	5
libero_10	844	Camera Viewpoints	5
libero_10	845	Camera Viewpoints	5
libero_10	846	Camera Viewpoints	4
libero_10	847	Camera Viewpoints	5
libero_10	848	Camera Viewpoints	5
libero_10	849	Camera Viewpoints	5
libero_10	850	Camera Viewpoints	5
libero_10	851	Camera Viewpoints	5
libero_10	852	Camera Viewpoints	5
libero_10	853	Camera Viewpoints	5
libero_10	854	Camera Viewpoints	5
libero_10	855	Camera Viewpoints	5
libero_10	856	Camera Viewpoints	5
libero_10	857	Camera Viewpoints	5
libero_10	858	Camera Viewpoints	5
libero_10	859	Camera Viewpoints	5
libero_10	860	Camera Viewpoints	5
libero_10	861	Camera Viewpoints	5
libero_10	862	Camera Viewpoints	5
libero_10	863	Camera Viewpoints	5
libero_10	864	Camera Viewpoints	5
libero_10	865	Camera Viewpoints	5
libero_10	866	Camera Viewpoints	5
libero_10	867	Camera Viewpoints	5
libero_10	868	Camera Viewpoints	5
libero_10	869	Camera Viewpoints	5
libero_10	870	Camera Viewpoints	5
libero_10	871	Camera Viewpoints	5
libero_10	872	Camera Viewpoints	5
libero_10	873	Camera Viewpoints	5
libero_10	874	Camera Viewpoints	5
libero_10	875	Camera Viewpoints	5
libero_10	876	Camera Viewpoints	5
libero_10	877	Camera Viewpoints	5
libero_10	878	Camera Viewpoints	5
libero_10	879	Camera Viewpoints	5
libero_10	880	Camera Viewpoints	5
libero_10	881	Camera Viewpoints	5
libero_10	882	Camera Viewpoints	5
libero_10	883	Camera Viewpoints	5
libero_10	884	Camera Viewpoints	5
libero_10	885	Camera Viewpoints	5
libero_10	886	Camera Viewpoints	5
libero_10	887	Camera Viewpoints	5
libero_10	888	Camera Viewpoints	5
libero_10	889	Camera Viewpoints	5
libero_10	890	Camera Viewpoints	5
libero_10	891	Camera Viewpoints	5
libero_10	892	Camera Viewpoints	5
libero_10	893	Camera Viewpoints	4
libero_10	894	Camera Viewpoints	3
libero_10	895	Camera Viewpoints	5
libero_10	896	Camera Viewpoints	5
libero_10	897	Camera Viewpoints	5
libero_10	898	Camera Viewpoints	5
libero_10	899	Camera Viewpoints	5
libero_10	900	Camera Viewpoints	5
libero_10	901	Camera Viewpoints	5
libero_10	902	Camera Viewpoints	3
libero_10	903	Camera Viewpoints	5
libero_10	904	Camera Viewpoints	5
libero_10	905	Camera Viewpoints	5
libero_10	906	Camera Viewpoints	5
libero_10	907	Camera Viewpoints	5
libero_10	908	Camera Viewpoints	5
libero_10	909	Camera Viewpoints	5
libero_10	910	Camera Viewpoints	4
libero_10	911	Camera Viewpoints	5
libero_10	912	Camera Viewpoints	5
libero_10	913	Camera Viewpoints	5
libero_10	914	Camera Viewpoints	5
libero_10	915	Camera Viewpoints	5
libero_10	916	Camera Viewpoints	5
libero_10	917	Camera Viewpoints	5
libero_10	918	Camera Viewpoints	5
libero_10	919	Camera Viewpoints	5
libero_10	920	Camera Viewpoints	5
libero_10	921	Camera Viewpoints	5
libero_10	922	Camera Viewpoints	4
libero_10	923	Camera Viewpoints	4
libero_10	924	Camera Viewpoints	4
libero_10	925	Camera Viewpoints	4
libero_10	926	Camera Viewpoints	4
libero_10	927	Camera Viewpoints	3
libero_10	928	Camera Viewpoints	4
libero_10	929	Camera Viewpoints	4
libero_10	930	Camera Viewpoints	4
libero_10	931	Camera Viewpoints	3
libero_10	932	Camera Viewpoints	3
libero_10	933	Camera Viewpoints	5
libero_10	934	Camera Viewpoints	5
libero_10	935	Camera Viewpoints	4
libero_10	936	Camera Viewpoints	2
libero_10	937	Camera Viewpoints	1
libero_10	938	Camera Viewpoints	5
libero_10	939	Camera Viewpoints	5
libero_10	940	Camera Viewpoints	5
libero_10	941	Camera Viewpoints	5
libero_10	942	Camera Viewpoints	5
libero_10	943	Camera Viewpoints	5
libero_10	944	Camera Viewpoints	3
libero_10	945	Camera Viewpoints	5
libero_10	946	Camera Viewpoints	4
libero_10	947	Camera Viewpoints	5
libero_10	948	Camera Viewpoints	5
libero_10	949	Camera Viewpoints	5
libero_10	950	Camera Viewpoints	5
libero_10	951	Camera Viewpoints	5
libero_10	952	Camera Viewpoints	5
libero_10	953	Camera Viewpoints	5
libero_10	954	Camera Viewpoints	5
libero_10	955	Camera Viewpoints	5
libero_10	956	Camera Viewpoints	4
libero_10	957	Camera Viewpoints	5
libero_10	958	Camera Viewpoints	5
libero_10	959	Camera Viewpoints	5
libero_10	960	Camera Viewpoints	5
libero_10	961	Camera Viewpoints	5
libero_10	962	Camera Viewpoints	5
libero_10	963	Camera Viewpoints	5
libero_10	964	Camera Viewpoints	5
libero_10	965	Camera Viewpoints	5
libero_10	966	Camera Viewpoints	5
libero_10	967	Camera Viewpoints	5
libero_10	968	Camera Viewpoints	3
libero_10	969	Camera Viewpoints	3
libero_10	970	Camera Viewpoints	3
libero_10	971	Camera Viewpoints	3
libero_10	972	Camera Viewpoints	3
libero_10	973	Camera Viewpoints	3
libero_10	974	Camera Viewpoints	3
libero_10	975	Camera Viewpoints	3
libero_10	976	Camera Viewpoints	3
libero_10	977	Camera Viewpoints	2
libero_10	978	Camera Viewpoints	2
libero_10	979	Camera Viewpoints	2
libero_10	980	Camera Viewpoints	2
libero_10	981	Camera Viewpoints	2
libero_10	982	Camera Viewpoints	2
libero_10	983	Camera Viewpoints	3
libero_10	984	Camera Viewpoints	3
libero_10	985	Camera Viewpoints	1
libero_10	986	Camera Viewpoints	2
libero_10	987	Camera Viewpoints	1
libero_10	988	Camera Viewpoints	4
libero_10	989	Camera Viewpoints	4
libero_10	990	Camera Viewpoints	4
libero_10	991	Camera Viewpoints	4
libero_10	992	Camera Viewpoints	3
libero_10	993	Camera Viewpoints	4
libero_10	994	Camera Viewpoints	4
libero_10	995	Camera Viewpoints	5
libero_10	996	Camera Viewpoints	5
libero_10	997	Camera Viewpoints	5
libero_10	998	Camera Viewpoints	5
libero_10	999	Camera Viewpoints	5
libero_10	1000	Camera Viewpoints	5
libero_10	1001	Camera Viewpoints	5
libero_10	1002	Camera Viewpoints	4
libero_10	1003	Camera Viewpoints	5
libero_10	1004	Camera Viewpoints	5
libero_10	1005	Camera Viewpoints	5
libero_10	1006	Camera Viewpoints	4
libero_10	1007	Camera Viewpoints	5
libero_10	1008	Camera Viewpoints	5
libero_10	1009	Camera Viewpoints	5
libero_10	1010	Camera Viewpoints	5
libero_10	1011	Camera Viewpoints	5
libero_10	1012	Camera Viewpoints	5
libero_10	1013	Camera Viewpoints	5
libero_10	1014	Camera Viewpoints	5
libero_10	1015	Camera Viewpoints	5
libero_10	1016	Camera Viewpoints	5
libero_10	1017	Camera Viewpoints	5
libero_10	1018	Camera Viewpoints	5
libero_10	1019	Camera Viewpoints	5
libero_10	1020	Camera Viewpoints	5
libero_10	1021	Camera Viewpoints	5
libero_10	1022	Camera Viewpoints	5
libero_10	1023	Camera Viewpoints	5
libero_10	1024	Camera Viewpoints	5
libero_10	1025	Camera Viewpoints	5
libero_10	1026	Camera Viewpoints	5
libero_10	1027	Camera Viewpoints	4
libero_10	1028	Camera Viewpoints	5
libero_10	1029	Camera Viewpoints	5
libero_10	1030	Camera Viewpoints	5
libero_10	1031	Camera Viewpoints	5
libero_10	1032	Camera Viewpoints	5
libero_10	1033	Camera Viewpoints	4
libero_10	1034	Camera Viewpoints	5
libero_10	1035	Camera Viewpoints	5
libero_10	1036	Camera Viewpoints	5
libero_10	1037	Camera Viewpoints	5
libero_10	1038	Camera Viewpoints	5
libero_10	1039	Camera Viewpoints	5
libero_10	1040	Camera Viewpoints	5
libero_10	1041	Camera Viewpoints	5
libero_10	1042	Camera Viewpoints	5
libero_10	1043	Camera Viewpoints	5
libero_10	1044	Camera Viewpoints	5
libero_10	1045	Camera Viewpoints	5
libero_10	1046	Camera Viewpoints	5
libero_10	1047	Camera Viewpoints	5
libero_10	1048	Camera Viewpoints	5
libero_10	1049	Camera Viewpoints	5
libero_10	1050	Camera Viewpoints	5
libero_10	1051	Camera Viewpoints	5
libero_10	1052	Camera Viewpoints	5
libero_10	1053	Camera Viewpoints	5
libero_10	1054	Camera Viewpoints	5
libero_10	1055	Camera Viewpoints	5
libero_10	1056	Camera Viewpoints	5
libero_10	1057	Camera Viewpoints	5
libero_10	1058	Camera Viewpoints	5
libero_10	1059	Camera Viewpoints	5
libero_10	1060	Camera Viewpoints	5
libero_10	1061	Camera Viewpoints	5
libero_10	1062	Camera Viewpoints	5
libero_10	1063	Camera Viewpoints	5
libero_10	1064	Camera Viewpoints	5
libero_10	1065	Camera Viewpoints	5
libero_10	1066	Camera Viewpoints	5
libero_10	1067	Camera Viewpoints	5
libero_10	1068	Camera Viewpoints	5
libero_10	1069	Camera Viewpoints	5
libero_10	1070	Camera Viewpoints	5
libero_10	1071	Camera Viewpoints	2
libero_10	1072	Camera Viewpoints	4
libero_10	1073	Camera Viewpoints	4
libero_10	1074	Camera Viewpoints	5
libero_10	1075	Camera Viewpoints	5
libero_10	1076	Camera Viewpoints	5
libero_10	1077	Camera Viewpoints	5
libero_10	1078	Camera Viewpoints	4
libero_10	1079	Camera Viewpoints	2
libero_10	1080	Camera Viewpoints	2
libero_10	1081	Camera Viewpoints	1
libero_10	1082	Camera Viewpoints	2
libero_10	1083	Camera Viewpoints	3
libero_10	1084	Camera Viewpoints	4
libero_10	1085	Camera Viewpoints	3
libero_10	1086	Camera Viewpoints	4
libero_10	1087	Camera Viewpoints	4
libero_10	1088	Camera Viewpoints	4
libero_10	1089	Camera Viewpoints	4
libero_10	1090	Camera Viewpoints	2
libero_10	1091	Camera Viewpoints	4
libero_10	1092	Camera Viewpoints	1
libero_10	1093	Camera Viewpoints	4
libero_10	1094	Camera Viewpoints	2
libero_10	1095	Camera Viewpoints	5
libero_10	1096	Camera Viewpoints	5
libero_10	1097	Camera Viewpoints	5
libero_10	1098	Camera Viewpoints	4
libero_10	1099	Camera Viewpoints	5
libero_10	1100	Camera Viewpoints	4
libero_10	1101	Language Instructions	2
libero_10	1102	Language Instructions	4
libero_10	1103	Language Instructions	5
libero_10	1104	Language Instructions	1
libero_10	1105	Language Instructions	2
libero_10	1106	Language Instructions	2
libero_10	1107	Language Instructions	2
libero_10	1108	Language Instructions	5
libero_10	1109	Language Instructions	2
libero_10	1110	Language Instructions	5
libero_10	1111	Language Instructions	4
libero_10	1112	Language Instructions	5
libero_10	1113	Language Instructions	1
libero_10	1114	Language Instructions	2
libero_10	1115	Language Instructions	5
libero_10	1116	Language Instructions	2
libero_10	1117	Language Instructions	3
libero_10	1118	Language Instructions	2
libero_10	1119	Language Instructions	2
libero_10	1120	Language Instructions	1
libero_10	1121	Language Instructions	5
libero_10	1122	Language Instructions	3
libero_10	1123	Language Instructions	1
libero_10	1124	Language Instructions	5
libero_10	1125	Language Instructions	5
libero_10	1126	Language Instructions	2
libero_10	1127	Language Instructions	3
libero_10	1128	Language Instructions	5
libero_10	1129	Language Instructions	3
libero_10	1130	Language Instructions	3
libero_10	1131	Language Instructions	2
libero_10	1132	Language Instructions	3
libero_10	1133	Language Instructions	5
libero_10	1134	Language Instructions	4
libero_10	1135	Language Instructions	1
libero_10	1136	Language Instructions	4
libero_10	1137	Language Instructions	2
libero_10	1138	Language Instructions	1
libero_10	1139	Language Instructions	5
libero_10	1140	Language Instructions	5
libero_10	1141	Language Instructions	1
libero_10	1142	Language Instructions	5
libero_10	1143	Language Instructions	1
libero_10	1144	Language Instructions	3
libero_10	1145	Language Instructions	5
libero_10	1146	Language Instructions	4
libero_10	1147	Language Instructions	5
libero_10	1148	Language Instructions	1
libero_10	1149	Language Instructions	5
libero_10	1150	Language Instructions	3
libero_10	1151	Language Instructions	1
libero_10	1152	Language Instructions	5
libero_10	1153	Language Instructions	4
libero_10	1154	Language Instructions	3
libero_10	1155	Language Instructions	2
libero_10	1156	Language Instructions	5
libero_10	1157	Language Instructions	5
libero_10	1158	Language Instructions	1
libero_10	1159	Language Instructions	2
libero_10	1160	Language Instructions	3
libero_10	1161	Language Instructions	2
libero_10	1162	Language Instructions	5
libero_10	1163	Language Instructions	5
libero_10	1164	Language Instructions	5
libero_10	1165	Language Instructions	5
libero_10	1166	Language Instructions	1
libero_10	1167	Language Instructions	4
libero_10	1168	Language Instructions	5
libero_10	1169	Language Instructions	3
libero_10	1170	Language Instructions	4
libero_10	1171	Language Instructions	3
libero_10	1172	Language Instructions	4
libero_10	1173	Language Instructions	4
libero_10	1174	Language Instructions	3
libero_10	1175	Language Instructions	5
libero_10	1176	Language Instructions	3
libero_10	1177	Language Instructions	3
libero_10	1178	Language Instructions	4
libero_10	1179	Language Instructions	4
libero_10	1180	Language Instructions	3
libero_10	1181	Language Instructions	4
libero_10	1182	Language Instructions	5
libero_10	1183	Language Instructions	3
libero_10	1184	Language Instructions	4
libero_10	1185	Language Instructions	4
libero_10	1186	Language Instructions	4
libero_10	1187	Language Instructions	4
libero_10	1188	Language Instructions	3
libero_10	1189	Language Instructions	2
libero_10	1190	Language Instructions	4
libero_10	1191	Language Instructions	3
libero_10	1192	Language Instructions	3
libero_10	1193	Language Instructions	3
libero_10	1194	Language Instructions	4
libero_10	1195	Language Instructions	3
libero_10	1196	Language Instructions	1
libero_10	1197	Language Instructions	4
libero_10	1198	Language Instructions	4
libero_10	1199	Language Instructions	3
libero_10	1200	Language Instructions	3
libero_10	1201	Language Instructions	4
libero_10	1202	Language Instructions	4
libero_10	1203	Language Instructions	1
libero_10	1204	Language Instructions	4
libero_10	1205	Language Instructions	5
libero_10	1206	Language Instructions	3
libero_10	1207	Language Instructions	3
libero_10	1208	Language Instructions	4
libero_10	1209	Language Instructions	3
libero_10	1210	Language Instructions	4
libero_10	1211	Language Instructions	3
libero_10	1212	Language Instructions	4
libero_10	1213	Language Instructions	5
libero_10	1214	Language Instructions	4
libero_10	1215	Language Instructions	4
libero_10	1216	Language Instructions	4
libero_10	1217	Language Instructions	4
libero_10	1218	Language Instructions	4
libero_10	1219	Language Instructions	4
libero_10	1220	Language Instructions	4
libero_10	1221	Language Instructions	4
libero_10	1222	Language Instructions	1
libero_10	1223	Language Instructions	4
libero_10	1224	Language Instructions	4
libero_10	1225	Language Instructions	4
libero_10	1226	Language Instructions	4
libero_10	1227	Language Instructions	2
libero_10	1228	Language Instructions	5
libero_10	1229	Language Instructions	4
libero_10	1230	Language Instructions	4
libero_10	1231	Language Instructions	5
libero_10	1232	Language Instructions	5
libero_10	1233	Language Instructions	3
libero_10	1234	Language Instructions	5
libero_10	1235	Language Instructions	4
libero_10	1236	Language Instructions	4
libero_10	1237	Language Instructions	3
libero_10	1238	Language Instructions	4
libero_10	1239	Language Instructions	5
libero_10	1240	Language Instructions	4
libero_10	1241	Language Instructions	4
libero_10	1242	Language Instructions	1
libero_10	1243	Language Instructions	5
libero_10	1244	Language Instructions	4
libero_10	1245	Language Instructions	2
libero_10	1246	Language Instructions	4
libero_10	1247	Language Instructions	4
libero_10	1248	Language Instructions	5
libero_10	1249	Language Instructions	5
libero_10	1250	Language Instructions	5
libero_10	1251	Language Instructions	5
libero_10	1252	Language Instructions	4
libero_10	1253	Language Instructions	4
libero_10	1254	Language Instructions	4
libero_10	1255	Language Instructions	5
libero_10	1256	Language Instructions	2
libero_10	1257	Language Instructions	2
libero_10	1258	Language Instructions	3
libero_10	1259	Language Instructions	3
libero_10	1260	Language Instructions	3
libero_10	1261	Language Instructions	3
libero_10	1262	Language Instructions	3
libero_10	1263	Language Instructions	4
libero_10	1264	Language Instructions	3
libero_10	1265	Language Instructions	2
libero_10	1266	Language Instructions	1
libero_10	1267	Language Instructions	2
libero_10	1268	Language Instructions	2
libero_10	1269	Language Instructions	2
libero_10	1270	Language Instructions	1
libero_10	1271	Language Instructions	4
libero_10	1272	Language Instructions	1
libero_10	1273	Language Instructions	2
libero_10	1274	Language Instructions	2
libero_10	1275	Language Instructions	3
libero_10	1276	Language Instructions	2
libero_10	1277	Language Instructions	2
libero_10	1278	Language Instructions	3
libero_10	1279	Language Instructions	2
libero_10	1280	Language Instructions	3
libero_10	1281	Language Instructions	2
libero_10	1282	Language Instructions	3
libero_10	1283	Language Instructions	2
libero_10	1284	Language Instructions	3
libero_10	1285	Language Instructions	2
libero_10	1286	Language Instructions	2
libero_10	1287	Language Instructions	1
libero_10	1288	Language Instructions	2
libero_10	1289	Language Instructions	2
libero_10	1290	Language Instructions	3
libero_10	1291	Language Instructions	2
libero_10	1292	Language Instructions	1
libero_10	1293	Language Instructions	2
libero_10	1294	Language Instructions	1
libero_10	1295	Language Instructions	2
libero_10	1296	Language Instructions	3
libero_10	1297	Language Instructions	3
libero_10	1298	Language Instructions	3
libero_10	1299	Language Instructions	1
libero_10	1300	Language Instructions	5
libero_10	1301	Language Instructions	1
libero_10	1302	Language Instructions	2
libero_10	1303	Language Instructions	1
libero_10	1304	Language Instructions	4
libero_10	1305	Language Instructions	1
libero_10	1306	Language Instructions	1
libero_10	1307	Language Instructions	2
libero_10	1308	Language Instructions	1
libero_10	1309	Language Instructions	2
libero_10	1310	Language Instructions	1
libero_10	1311	Language Instructions	3
libero_10	1312	Language Instructions	1
libero_10	1313	Language Instructions	2
libero_10	1314	Language Instructions	1
libero_10	1315	Language Instructions	1
libero_10	1316	Language Instructions	3
libero_10	1317	Language Instructions	1
libero_10	1318	Language Instructions	1
libero_10	1319	Language Instructions	2
libero_10	1320	Language Instructions	2
libero_10	1321	Language Instructions	4
libero_10	1322	Language Instructions	2
libero_10	1323	Language Instructions	1
libero_10	1324	Language Instructions	5
libero_10	1325	Language Instructions	4
libero_10	1326	Language Instructions	3
libero_10	1327	Language Instructions	1
libero_10	1328	Language Instructions	4
libero_10	1329	Language Instructions	2
libero_10	1330	Language Instructions	5
libero_10	1331	Language Instructions	4
libero_10	1332	Language Instructions	4
libero_10	1333	Language Instructions	5
libero_10	1334	Language Instructions	4
libero_10	1335	Language Instructions	2
libero_10	1336	Language Instructions	2
libero_10	1337	Language Instructions	3
libero_10	1338	Language Instructions	4
libero_10	1339	Language Instructions	4
libero_10	1340	Language Instructions	4
libero_10	1341	Language Instructions	3
libero_10	1342	Language Instructions	4
libero_10	1343	Language Instructions	1
libero_10	1344	Language Instructions	4
libero_10	1345	Language Instructions	3
libero_10	1346	Language Instructions	5
libero_10	1347	Language Instructions	3
libero_10	1348	Language Instructions	3
libero_10	1349	Language Instructions	1
libero_10	1350	Language Instructions	4
libero_10	1351	Language Instructions	3
libero_10	1352	Language Instructions	1
libero_10	1353	Language Instructions	4
libero_10	1354	Language Instructions	4
libero_10	1355	Language Instructions	4
libero_10	1356	Language Instructions	3
libero_10	1357	Language Instructions	5
libero_10	1358	Language Instructions	4
libero_10	1359	Language Instructions	4
libero_10	1360	Language Instructions	5
libero_10	1361	Language Instructions	2
libero_10	1362	Language Instructions	4
libero_10	1363	Language Instructions	4
libero_10	1364	Language Instructions	3
libero_10	1365	Language Instructions	2
libero_10	1366	Language Instructions	2
libero_10	1367	Language Instructions	4
libero_10	1368	Language Instructions	1
libero_10	1369	Language Instructions	5
libero_10	1370	Language Instructions	3
libero_10	1371	Language Instructions	1
libero_10	1372	Language Instructions	2
libero_10	1373	Language Instructions	2
libero_10	1374	Language Instructions	1
libero_10	1375	Language Instructions	1
libero_10	1376	Language Instructions	1
libero_10	1377	Language Instructions	1
libero_10	1378	Language Instructions	5
libero_10	1379	Language Instructions	3
libero_10	1380	Language Instructions	1
libero_10	1381	Language Instructions	1
libero_10	1382	Language Instructions	1
libero_10	1383	Language Instructions	1
libero_10	1384	Language Instructions	1
libero_10	1385	Language Instructions	1
libero_10	1386	Language Instructions	2
libero_10	1387	Language Instructions	1
libero_10	1388	Language Instructions	2
libero_10	1389	Language Instructions	2
libero_10	1390	Language Instructions	3
libero_10	1391	Language Instructions	2
libero_10	1392	Language Instructions	2
libero_10	1393	Language Instructions	1
libero_10	1394	Language Instructions	1
libero_10	1395	Language Instructions	4
libero_10	1396	Language Instructions	1
libero_10	1397	Language Instructions	1
libero_10	1398	Language Instructions	3
libero_10	1399	Language Instructions	3
libero_10	1400	Language Instructions	3
libero_10	1401	Language Instructions	1
libero_10	1402	Language Instructions	2
libero_10	1403	Language Instructions	5
libero_10	1404	Language Instructions	1
libero_10	1405	Language Instructions	1
libero_10	1406	Language Instructions	1
libero_10	1407	Language Instructions	2
libero_10	1408	Language Instructions	2
libero_10	1409	Language Instructions	1
libero_10	1410	Language Instructions	1
libero_10	1411	Language Instructions	5
libero_10	1412	Language Instructions	5
libero_10	1413	Language Instructions	5
libero_10	1414	Language Instructions	5
libero_10	1415	Language Instructions	4
libero_10	1416	Language Instructions	4
libero_10	1417	Language Instructions	2
libero_10	1418	Language Instructions	1
libero_10	1419	Language Instructions	4
libero_10	1420	Language Instructions	5
libero_10	1421	Language Instructions	3
libero_10	1422	Language Instructions	5
libero_10	1423	Language Instructions	4
libero_10	1424	Language Instructions	5
libero_10	1425	Language Instructions	5
libero_10	1426	Language Instructions	4
libero_10	1427	Language Instructions	3
libero_10	1428	Language Instructions	1
libero_10	1429	Language Instructions	3
libero_10	1430	Language Instructions	5
libero_10	1431	Language Instructions	4
libero_10	1432	Language Instructions	4
libero_10	1433	Language Instructions	3
libero_10	1434	Language Instructions	5
libero_10	1435	Language Instructions	5
libero_10	1436	Language Instructions	5
libero_10	1437	Language Instructions	4
libero_10	1438	Language Instructions	3
libero_10	1439	Language Instructions	5
libero_10	1440	Language Instructions	1
libero_10	1441	Language Instructions	4
libero_10	1442	Language Instructions	4
libero_10	1443	Language Instructions	4
libero_10	1444	Language Instructions	3
libero_10	1445	Language Instructions	3
libero_10	1446	Language Instructions	4
libero_10	1447	Language Instructions	5
libero_10	1448	Language Instructions	4
libero_10	1449	Language Instructions	4
libero_10	1450	Language Instructions	4
libero_10	1451	Language Instructions	4
libero_10	1452	Language Instructions	4
libero_10	1453	Language Instructions	4
libero_10	1454	Language Instructions	3
libero_10	1455	Language Instructions	3
libero_10	1456	Language Instructions	4
libero_10	1457	Language Instructions	4
libero_10	1458	Language Instructions	5
libero_10	1459	Language Instructions	3
libero_10	1460	Language Instructions	5
libero_10	1461	Language Instructions	5
libero_10	1462	Language Instructions	5
libero_10	1463	Language Instructions	4
libero_10	1464	Language Instructions	5
libero_10	1465	Language Instructions	5
libero_10	1466	Language Instructions	3
libero_10	1467	Language Instructions	2
libero_10	1468	Language Instructions	5
libero_10	1469	Language Instructions	4
libero_10	1470	Language Instructions	3
libero_10	1471	Language Instructions	3
libero_10	1472	Language Instructions	4
libero_10	1473	Language Instructions	3
libero_10	1474	Language Instructions	5
libero_10	1475	Language Instructions	4
libero_10	1476	Language Instructions	4
libero_10	1477	Language Instructions	4
libero_10	1478	Language Instructions	5
libero_10	1479	Language Instructions	5
libero_10	1480	Language Instructions	4
libero_10	1481	Language Instructions	2
libero_10	1482	Language Instructions	3
libero_10	1483	Language Instructions	4
libero_10	1484	Sensor Noise	1
libero_10	1485	Sensor Noise	2
libero_10	1486	Sensor Noise	3
libero_10	1487	Sensor Noise	4
libero_10	1488	Sensor Noise	4
libero_10	1489	Sensor Noise	5
libero_10	1490	Sensor Noise	4
libero_10	1491	Sensor Noise	5
libero_10	1492	Sensor Noise	5
libero_10	1493	Sensor Noise	2
libero_10	1494	Sensor Noise	4
libero_10	1495	Sensor Noise	4
libero_10	1496	Sensor Noise	4
libero_10	1497	Sensor Noise	4
libero_10	1498	Sensor Noise	4
libero_10	1499	Sensor Noise	4
libero_10	1500	Sensor Noise	5
libero_10	1501	Sensor Noise	5
libero_10	1502	Sensor Noise	1
libero_10	1503	Sensor Noise	2
libero_10	1504	Sensor Noise	1
libero_10	1505	Sensor Noise	3
libero_10	1506	Sensor Noise	3
libero_10	1507	Sensor Noise	5
libero_10	1508	Sensor Noise	4
libero_10	1509	Sensor Noise	4
libero_10	1510	Sensor Noise	4
libero_10	1511	Sensor Noise	1
libero_10	1512	Sensor Noise	3
libero_10	1513	Sensor Noise	2
libero_10	1514	Sensor Noise	4
libero_10	1515	Sensor Noise	3
libero_10	1516	Sensor Noise	3
libero_10	1517	Sensor Noise	3
libero_10	1518	Sensor Noise	4
libero_10	1519	Sensor Noise	4
libero_10	1520	Sensor Noise	4
libero_10	1521	Sensor Noise	2
libero_10	1522	Sensor Noise	3
libero_10	1523	Sensor Noise	4
libero_10	1524	Sensor Noise	4
libero_10	1525	Sensor Noise	4
libero_10	1526	Sensor Noise	4
libero_10	1527	Sensor Noise	3
libero_10	1528	Sensor Noise	3
libero_10	1529	Sensor Noise	3
libero_10	1530	Sensor Noise	1
libero_10	1531	Sensor Noise	2
libero_10	1532	Sensor Noise	2
libero_10	1533	Sensor Noise	2
libero_10	1534	Sensor Noise	3
libero_10	1535	Sensor Noise	3
libero_10	1536	Sensor Noise	3
libero_10	1537	Sensor Noise	4
libero_10	1538	Sensor Noise	2
libero_10	1539	Sensor Noise	2
libero_10	1540	Sensor Noise	2
libero_10	1541	Sensor Noise	3
libero_10	1542	Sensor Noise	3
libero_10	1543	Sensor Noise	4
libero_10	1544	Sensor Noise	4
libero_10	1545	Sensor Noise	4
libero_10	1546	Sensor Noise	1
libero_10	1547	Sensor Noise	2
libero_10	1548	Sensor Noise	2
libero_10	1549	Sensor Noise	4
libero_10	1550	Sensor Noise	4
libero_10	1551	Sensor Noise	1
libero_10	1552	Sensor Noise	1
libero_10	1553	Sensor Noise	2
libero_10	1554	Sensor Noise	3
libero_10	1555	Sensor Noise	4
libero_10	1556	Sensor Noise	4
libero_10	1557	Sensor Noise	2
libero_10	1558	Sensor Noise	2
libero_10	1559	Sensor Noise	3
libero_10	1560	Sensor Noise	2
libero_10	1561	Sensor Noise	3
libero_10	1562	Sensor Noise	2
libero_10	1563	Sensor Noise	2
libero_10	1564	Sensor Noise	3
libero_10	1565	Sensor Noise	2
libero_10	1566	Sensor Noise	3
libero_10	1567	Sensor Noise	3
libero_10	1568	Sensor Noise	4
libero_10	1569	Sensor Noise	4
libero_10	1570	Sensor Noise	4
libero_10	1571	Sensor Noise	4
libero_10	1572	Sensor Noise	5
libero_10	1573	Sensor Noise	2
libero_10	1574	Sensor Noise	4
libero_10	1575	Sensor Noise	4
libero_10	1576	Sensor Noise	5
libero_10	1577	Sensor Noise	5
libero_10	1578	Sensor Noise	5
libero_10	1579	Sensor Noise	5
libero_10	1580	Sensor Noise	5
libero_10	1581	Sensor Noise	5
libero_10	1582	Sensor Noise	5
libero_10	1583	Sensor Noise	2
libero_10	1584	Sensor Noise	2
libero_10	1585	Sensor Noise	2
libero_10	1586	Sensor Noise	2
libero_10	1587	Sensor Noise	4
libero_10	1588	Sensor Noise	2
libero_10	1589	Sensor Noise	4
libero_10	1590	Sensor Noise	3
libero_10	1591	Sensor Noise	4
libero_10	1592	Sensor Noise	4
libero_10	1593	Sensor Noise	2
libero_10	1594	Sensor Noise	2
libero_10	1595	Sensor Noise	2
libero_10	1596	Sensor Noise	2
libero_10	1597	Sensor Noise	2
libero_10	1598	Sensor Noise	2
libero_10	1599	Sensor Noise	2
libero_10	1600	Sensor Noise	4
libero_10	1601	Sensor Noise	4
libero_10	1602	Sensor Noise	5
libero_10	1603	Sensor Noise	2
libero_10	1604	Sensor Noise	2
libero_10	1605	Sensor Noise	4
libero_10	1606	Sensor Noise	4
libero_10	1607	Sensor Noise	4
libero_10	1608	Sensor Noise	4
libero_10	1609	Sensor Noise	5
libero_10	1610	Sensor Noise	5
libero_10	1611	Sensor Noise	5
libero_10	1612	Sensor Noise	5
libero_10	1613	Sensor Noise	3
libero_10	1614	Sensor Noise	3
libero_10	1615	Sensor Noise	3
libero_10	1616	Sensor Noise	3
libero_10	1617	Sensor Noise	4
libero_10	1618	Sensor Noise	4
libero_10	1619	Sensor Noise	4
libero_10	1620	Sensor Noise	5
libero_10	1621	Sensor Noise	5
libero_10	1622	Sensor Noise	5
libero_10	1623	Sensor Noise	2
libero_10	1624	Sensor Noise	4
libero_10	1625	Sensor Noise	5
libero_10	1626	Sensor Noise	4
libero_10	1627	Sensor Noise	5
libero_10	1628	Sensor Noise	5
libero_10	1629	Sensor Noise	5
libero_10	1630	Sensor Noise	5
libero_10	1631	Sensor Noise	5
libero_10	1632	Sensor Noise	3
libero_10	1633	Sensor Noise	2
libero_10	1634	Sensor Noise	3
libero_10	1635	Sensor Noise	3
libero_10	1636	Sensor Noise	4
libero_10	1637	Sensor Noise	4
libero_10	1638	Sensor Noise	2
libero_10	1639	Sensor Noise	4
libero_10	1640	Sensor Noise	4
libero_10	1641	Sensor Noise	5
libero_10	1642	Sensor Noise	3
libero_10	1643	Sensor Noise	3
libero_10	1644	Sensor Noise	3
libero_10	1645	Sensor Noise	3
libero_10	1646	Sensor Noise	3
libero_10	1647	Sensor Noise	4
libero_10	1648	Sensor Noise	3
libero_10	1649	Sensor Noise	4
libero_10	1650	Sensor Noise	4
libero_10	1651	Sensor Noise	3
libero_10	1652	Sensor Noise	4
libero_10	1653	Sensor Noise	4
libero_10	1654	Sensor Noise	5
libero_10	1655	Sensor Noise	5
libero_10	1656	Sensor Noise	5
libero_10	1657	Sensor Noise	5
libero_10	1658	Sensor Noise	5
libero_10	1659	Sensor Noise	5
libero_10	1660	Sensor Noise	5
libero_10	1661	Sensor Noise	2
libero_10	1662	Sensor Noise	1
libero_10	1663	Sensor Noise	2
libero_10	1664	Sensor Noise	2
libero_10	1665	Sensor Noise	3
libero_10	1666	Sensor Noise	4
libero_10	1667	Sensor Noise	5
libero_10	1668	Sensor Noise	5
libero_10	1669	Sensor Noise	5
libero_10	1670	Sensor Noise	2
libero_10	1671	Sensor Noise	3
libero_10	1672	Sensor Noise	3
libero_10	1673	Sensor Noise	5
libero_10	1674	Sensor Noise	5
libero_10	1675	Sensor Noise	5
libero_10	1676	Sensor Noise	5
libero_10	1677	Sensor Noise	5
libero_10	1678	Sensor Noise	5
libero_10	1679	Sensor Noise	3
libero_10	1680	Sensor Noise	1
libero_10	1681	Sensor Noise	2
libero_10	1682	Sensor Noise	2
libero_10	1683	Sensor Noise	2
libero_10	1684	Sensor Noise	2
libero_10	1685	Sensor Noise	2
libero_10	1686	Sensor Noise	5
libero_10	1687	Sensor Noise	5
libero_10	1688	Sensor Noise	5
libero_10	1689	Sensor Noise	2
libero_10	1690	Sensor Noise	2
libero_10	1691	Sensor Noise	1
libero_10	1692	Sensor Noise	2
libero_10	1693	Sensor Noise	2
libero_10	1694	Sensor Noise	3
libero_10	1695	Sensor Noise	2
libero_10	1696	Sensor Noise	4
libero_10	1697	Sensor Noise	4
libero_10	1698	Sensor Noise	5
libero_10	1699	Sensor Noise	2
libero_10	1700	Sensor Noise	1
libero_10	1701	Sensor Noise	4
libero_10	1702	Sensor Noise	3
libero_10	1703	Sensor Noise	5
libero_10	1704	Sensor Noise	4
libero_10	1705	Sensor Noise	5
libero_10	1706	Sensor Noise	4
libero_10	1707	Sensor Noise	4
libero_10	1708	Sensor Noise	5
libero_10	1709	Sensor Noise	2
libero_10	1710	Sensor Noise	2
libero_10	1711	Sensor Noise	2
libero_10	1712	Sensor Noise	2
libero_10	1713	Sensor Noise	4
libero_10	1714	Sensor Noise	4
libero_10	1715	Sensor Noise	3
libero_10	1716	Sensor Noise	4
libero_10	1717	Sensor Noise	5
libero_10	1718	Sensor Noise	5
libero_10	1719	Sensor Noise	2
libero_10	1720	Sensor Noise	5
libero_10	1721	Sensor Noise	4
libero_10	1722	Sensor Noise	5
libero_10	1723	Sensor Noise	5
libero_10	1724	Sensor Noise	5
libero_10	1725	Sensor Noise	5
libero_10	1726	Sensor Noise	5
libero_10	1727	Sensor Noise	1
libero_10	1728	Sensor Noise	2
libero_10	1729	Sensor Noise	2
libero_10	1730	Sensor Noise	2
libero_10	1731	Sensor Noise	2
libero_10	1732	Sensor Noise	1
libero_10	1733	Sensor Noise	3
libero_10	1734	Sensor Noise	5
libero_10	1735	Sensor Noise	5
libero_10	1736	Sensor Noise	5
libero_10	1737	Sensor Noise	2
libero_10	1738	Sensor Noise	2
libero_10	1739	Sensor Noise	2
libero_10	1740	Sensor Noise	3
libero_10	1741	Sensor Noise	2
libero_10	1742	Sensor Noise	2
libero_10	1743	Sensor Noise	3
libero_10	1744	Sensor Noise	5
libero_10	1745	Sensor Noise	5
libero_10	1746	Sensor Noise	1
libero_10	1747	Sensor Noise	1
libero_10	1748	Sensor Noise	4
libero_10	1749	Sensor Noise	4
libero_10	1750	Sensor Noise	4
libero_10	1751	Sensor Noise	3
libero_10	1752	Sensor Noise	4
libero_10	1753	Sensor Noise	4
libero_10	1754	Sensor Noise	4
libero_10	1755	Sensor Noise	3
libero_10	1756	Sensor Noise	2
libero_10	1757	Sensor Noise	1
libero_10	1758	Sensor Noise	3
libero_10	1759	Sensor Noise	3
libero_10	1760	Sensor Noise	3
libero_10	1761	Sensor Noise	4
libero_10	1762	Sensor Noise	4
libero_10	1763	Sensor Noise	4
libero_10	1764	Sensor Noise	1
libero_10	1765	Sensor Noise	3
libero_10	1766	Sensor Noise	2
libero_10	1767	Sensor Noise	4
libero_10	1768	Sensor Noise	4
libero_10	1769	Sensor Noise	5
libero_10	1770	Sensor Noise	5
libero_10	1771	Sensor Noise	5
libero_10	1772	Sensor Noise	2
libero_10	1773	Sensor Noise	3
libero_10	1774	Sensor Noise	3
libero_10	1775	Sensor Noise	2
libero_10	1776	Sensor Noise	3
libero_10	1777	Sensor Noise	4
libero_10	1778	Sensor Noise	5
libero_10	1779	Sensor Noise	5
libero_10	1780	Sensor Noise	2
libero_10	1781	Sensor Noise	2
libero_10	1782	Sensor Noise	2
libero_10	1783	Sensor Noise	2
libero_10	1784	Sensor Noise	1
libero_10	1785	Sensor Noise	2
libero_10	1786	Sensor Noise	4
libero_10	1787	Sensor Noise	4
libero_10	1788	Sensor Noise	5
libero_10	1789	Sensor Noise	2
libero_10	1790	Sensor Noise	3
libero_10	1791	Sensor Noise	4
libero_10	1792	Sensor Noise	3
libero_10	1793	Sensor Noise	4
libero_10	1794	Sensor Noise	4
libero_10	1795	Sensor Noise	4
libero_10	1796	Sensor Noise	4
libero_10	1797	Sensor Noise	4
libero_10	1798	Sensor Noise	4
libero_10	1799	Sensor Noise	1
libero_10	1800	Sensor Noise	2
libero_10	1801	Sensor Noise	2
libero_10	1802	Sensor Noise	4
libero_10	1803	Sensor Noise	2
libero_10	1804	Sensor Noise	2
libero_10	1805	Sensor Noise	4
libero_10	1806	Sensor Noise	1
libero_10	1807	Sensor Noise	2
libero_10	1808	Sensor Noise	3
libero_10	1809	Sensor Noise	4
libero_10	1810	Sensor Noise	4
libero_10	1811	Sensor Noise	4
libero_10	1812	Sensor Noise	4
libero_10	1813	Sensor Noise	4
libero_10	1814	Sensor Noise	4
libero_10	1815	Sensor Noise	1
libero_10	1816	Sensor Noise	1
libero_10	1817	Sensor Noise	1
libero_10	1818	Sensor Noise	2
libero_10	1819	Sensor Noise	2
libero_10	1820	Sensor Noise	3
libero_10	1821	Sensor Noise	4
libero_10	1822	Sensor Noise	4
libero_10	1823	Sensor Noise	1
libero_10	1824	Sensor Noise	2
libero_10	1825	Sensor Noise	2
libero_10	1826	Sensor Noise	3
libero_10	1827	Sensor Noise	5
libero_10	1828	Sensor Noise	4
libero_10	1829	Sensor Noise	1
libero_10	1830	Sensor Noise	2
libero_10	1831	Sensor Noise	3
libero_10	1832	Sensor Noise	3
libero_10	1833	Sensor Noise	2
libero_10	1834	Sensor Noise	3
libero_10	1835	Sensor Noise	3
libero_10	1836	Sensor Noise	3
libero_10	1837	Sensor Noise	3
libero_10	1838	Sensor Noise	4
libero_10	1839	Sensor Noise	3
libero_10	1840	Sensor Noise	4
libero_10	1841	Sensor Noise	4
libero_10	1842	Sensor Noise	4
libero_10	1843	Sensor Noise	5
libero_10	1844	Sensor Noise	5
libero_10	1845	Sensor Noise	5
libero_10	1846	Sensor Noise	5
libero_10	1847	Sensor Noise	5
libero_10	1848	Sensor Noise	3
libero_10	1849	Sensor Noise	4
libero_10	1850	Sensor Noise	5
libero_10	1851	Sensor Noise	5
libero_10	1852	Sensor Noise	5
libero_10	1853	Sensor Noise	5
libero_10	1854	Sensor Noise	5
libero_10	1855	Sensor Noise	5
libero_10	1856	Sensor Noise	5
libero_10	1857	Sensor Noise	3
libero_10	1858	Sensor Noise	3
libero_10	1859	Sensor Noise	3
libero_10	1860	Sensor Noise	4
libero_10	1861	Sensor Noise	4
libero_10	1862	Sensor Noise	5
libero_10	1863	Sensor Noise	5
libero_10	1864	Sensor Noise	5
libero_10	1865	Sensor Noise	5
libero_10	1866	Sensor Noise	4
libero_10	1867	Sensor Noise	2
libero_10	1868	Sensor Noise	4
libero_10	1869	Sensor Noise	3
libero_10	1870	Sensor Noise	4
libero_10	1871	Sensor Noise	4
libero_10	1872	Sensor Noise	5
libero_10	1873	Sensor Noise	5
libero_10	1874	Sensor Noise	5
libero_10	1875	Sensor Noise	3
libero_10	1876	Sensor Noise	5
libero_10	1877	Sensor Noise	5
libero_10	1878	Sensor Noise	5
libero_10	1879	Sensor Noise	5
libero_10	1880	Sensor Noise	5
libero_10	1881	Sensor Noise	5
libero_10	1882	Sensor Noise	5
libero_10	1883	Sensor Noise	5
libero_10	1884	Sensor Noise	2
libero_10	1885	Sensor Noise	3
libero_10	1886	Sensor Noise	4
libero_10	1887	Sensor Noise	4
libero_10	1888	Sensor Noise	5
libero_10	1889	Sensor Noise	4
libero_10	1890	Sensor Noise	4
libero_10	1891	Sensor Noise	5
libero_10	1892	Sensor Noise	4
libero_10	1893	Sensor Noise	5
libero_10	1894	Sensor Noise	3
libero_10	1895	Sensor Noise	4
libero_10	1896	Sensor Noise	5
libero_10	1897	Sensor Noise	5
libero_10	1898	Sensor Noise	5
libero_10	1899	Sensor Noise	5
libero_10	1900	Sensor Noise	5
libero_10	1901	Sensor Noise	5
libero_10	1902	Sensor Noise	5
libero_10	1903	Sensor Noise	5
libero_10	1904	Sensor Noise	1
libero_10	1905	Sensor Noise	2
libero_10	1906	Sensor Noise	2
libero_10	1907	Sensor Noise	2
libero_10	1908	Sensor Noise	3
libero_10	1909	Sensor Noise	3
libero_10	1910	Sensor Noise	3
libero_10	1911	Sensor Noise	4
libero_10	1912	Sensor Noise	4
libero_10	1913	Sensor Noise	5
libero_10	1914	Sensor Noise	2
libero_10	1915	Sensor Noise	2
libero_10	1916	Sensor Noise	3
libero_10	1917	Sensor Noise	2
libero_10	1918	Sensor Noise	4
libero_10	1919	Sensor Noise	4
libero_10	1920	Sensor Noise	2
libero_10	1921	Sensor Noise	3
libero_10	1922	Sensor Noise	5
libero_10	1923	Sensor Noise	5
libero_10	1924	Sensor Noise	4
libero_10	1925	Sensor Noise	5
libero_10	1926	Sensor Noise	5
libero_10	1927	Sensor Noise	5
libero_10	1928	Sensor Noise	4
libero_10	1929	Sensor Noise	5
libero_10	1930	Sensor Noise	5
libero_10	1931	Sensor Noise	5
libero_10	1932	Sensor Noise	5
libero_10	1933	Objects Layout	1
libero_10	1934	Objects Layout	1
libero_10	1935	Objects Layout	1
libero_10	1936	Objects Layout	1
libero_10	1937	Objects Layout	1
libero_10	1938	Objects Layout	1
libero_10	1939	Objects Layout	1
libero_10	1940	Objects Layout	2
libero_10	1941	Objects Layout	1
libero_10	1942	Objects Layout	1
libero_10	1943	Objects Layout	1
libero_10	1944	Objects Layout	1
libero_10	1945	Objects Layout	1
libero_10	1946	Objects Layout	1
libero_10	1947	Objects Layout	1
libero_10	1948	Objects Layout	1
libero_10	1949	Objects Layout	2
libero_10	1950	Objects Layout	1
libero_10	1951	Objects Layout	1
libero_10	1952	Objects Layout	2
libero_10	1953	Objects Layout	1
libero_10	1954	Objects Layout	2
libero_10	1955	Objects Layout	2
libero_10	1956	Objects Layout	5
libero_10	1957	Objects Layout	3
libero_10	1958	Objects Layout	1
libero_10	1959	Objects Layout	1
libero_10	1960	Objects Layout	1
libero_10	1961	Objects Layout	2
libero_10	1962	Objects Layout	1
libero_10	1963	Objects Layout	2
libero_10	1964	Objects Layout	1
libero_10	1965	Objects Layout	1
libero_10	1966	Objects Layout	1
libero_10	1967	Objects Layout	1
libero_10	1968	Objects Layout	1
libero_10	1969	Objects Layout	1
libero_10	1970	Objects Layout	1
libero_10	1971	Objects Layout	1
libero_10	1972	Objects Layout	1
libero_10	1973	Objects Layout	1
libero_10	1974	Objects Layout	3
libero_10	1975	Objects Layout	1
libero_10	1976	Objects Layout	1
libero_10	1977	Objects Layout	1
libero_10	1978	Objects Layout	4
libero_10	1979	Objects Layout	1
libero_10	1980	Objects Layout	4
libero_10	1981	Objects Layout	1
libero_10	1982	Objects Layout	1
libero_10	1983	Objects Layout	1
libero_10	1984	Objects Layout	1
libero_10	1985	Objects Layout	2
libero_10	1986	Objects Layout	1
libero_10	1987	Objects Layout	1
libero_10	1988	Objects Layout	3
libero_10	1989	Objects Layout	1
libero_10	1990	Objects Layout	2
libero_10	1991	Objects Layout	2
libero_10	1992	Objects Layout	1
libero_10	1993	Objects Layout	2
libero_10	1994	Objects Layout	1
libero_10	1995	Objects Layout	2
libero_10	1996	Objects Layout	1
libero_10	1997	Objects Layout	1
libero_10	1998	Objects Layout	1
libero_10	1999	Objects Layout	2
libero_10	2000	Objects Layout	1
libero_10	2001	Objects Layout	1
libero_10	2002	Objects Layout	1
libero_10	2003	Objects Layout	2
libero_10	2004	Objects Layout	1
libero_10	2005	Objects Layout	1
libero_10	2006	Objects Layout	1
libero_10	2007	Objects Layout	3
libero_10	2008	Objects Layout	1
libero_10	2009	Objects Layout	2
libero_10	2010	Objects Layout	3
libero_10	2011	Objects Layout	3
libero_10	2012	Objects Layout	3
libero_10	2013	Objects Layout	1
libero_10	2014	Objects Layout	1
libero_10	2015	Objects Layout	3
libero_10	2016	Objects Layout	2
libero_10	2017	Objects Layout	2
libero_10	2018	Objects Layout	3
libero_10	2019	Objects Layout	3
libero_10	2020	Objects Layout	3
libero_10	2021	Objects Layout	1
libero_10	2022	Objects Layout	1
libero_10	2023	Objects Layout	1
libero_10	2024	Objects Layout	2
libero_10	2025	Objects Layout	2
libero_10	2026	Objects Layout	2
libero_10	2027	Objects Layout	2
libero_10	2028	Objects Layout	1
libero_10	2029	Objects Layout	2
libero_10	2030	Objects Layout	1
libero_10	2031	Objects Layout	2
libero_10	2032	Objects Layout	1
libero_10	2033	Objects Layout	1
libero_10	2034	Objects Layout	1
libero_10	2035	Objects Layout	1
libero_10	2036	Objects Layout	2
libero_10	2037	Objects Layout	2
libero_10	2038	Objects Layout	1
libero_10	2039	Objects Layout	3
libero_10	2040	Objects Layout	1
libero_10	2041	Objects Layout	1
libero_10	2042	Objects Layout	1
libero_10	2043	Objects Layout	2
libero_10	2044	Objects Layout	1
libero_10	2045	Objects Layout	2
libero_10	2046	Objects Layout	1
libero_10	2047	Objects Layout	1
libero_10	2048	Objects Layout	1
libero_10	2049	Objects Layout	1
libero_10	2050	Objects Layout	1
libero_10	2051	Objects Layout	5
libero_10	2052	Objects Layout	1
libero_10	2053	Objects Layout	2
libero_10	2054	Objects Layout	1
libero_10	2055	Objects Layout	2
libero_10	2056	Objects Layout	1
libero_10	2057	Objects Layout	3
libero_10	2058	Objects Layout	1
libero_10	2059	Objects Layout	4
libero_10	2060	Objects Layout	3
libero_10	2061	Objects Layout	4
libero_10	2062	Objects Layout	4
libero_10	2063	Objects Layout	2
libero_10	2064	Objects Layout	4
libero_10	2065	Objects Layout	2
libero_10	2066	Objects Layout	3
libero_10	2067	Objects Layout	1
libero_10	2068	Objects Layout	3
libero_10	2069	Objects Layout	4
libero_10	2070	Objects Layout	4
libero_10	2071	Objects Layout	3
libero_10	2072	Objects Layout	3
libero_10	2073	Objects Layout	2
libero_10	2074	Objects Layout	4
libero_10	2075	Objects Layout	4
libero_10	2076	Objects Layout	3
libero_10	2077	Objects Layout	1
libero_10	2078	Objects Layout	2
libero_10	2079	Objects Layout	1
libero_10	2080	Objects Layout	1
libero_10	2081	Objects Layout	1
libero_10	2082	Objects Layout	3
libero_10	2083	Objects Layout	3
libero_10	2084	Objects Layout	2
libero_10	2085	Objects Layout	2
libero_10	2086	Objects Layout	3
libero_10	2087	Objects Layout	4
libero_10	2088	Objects Layout	2
libero_10	2089	Objects Layout	4
libero_10	2090	Objects Layout	2
libero_10	2091	Objects Layout	2
libero_10	2092	Objects Layout	5
libero_10	2093	Objects Layout	1
libero_10	2094	Objects Layout	1
libero_10	2095	Objects Layout	2
libero_10	2096	Objects Layout	1
libero_10	2097	Objects Layout	3
libero_10	2098	Objects Layout	1
libero_10	2099	Objects Layout	1
libero_10	2100	Objects Layout	3
libero_10	2101	Objects Layout	2
libero_10	2102	Objects Layout	2
libero_10	2103	Objects Layout	2
libero_10	2104	Objects Layout	2
libero_10	2105	Objects Layout	1
libero_10	2106	Objects Layout	1
libero_10	2107	Objects Layout	1
libero_10	2108	Objects Layout	1
libero_10	2109	Objects Layout	1
libero_10	2110	Objects Layout	1
libero_10	2111	Objects Layout	1
libero_10	2112	Objects Layout	1
libero_10	2113	Objects Layout	1
libero_10	2114	Objects Layout	1
libero_10	2115	Objects Layout	2
libero_10	2116	Objects Layout	1
libero_10	2117	Objects Layout	1
libero_10	2118	Objects Layout	1
libero_10	2119	Objects Layout	3
libero_10	2120	Objects Layout	2
libero_10	2121	Objects Layout	1
libero_10	2122	Objects Layout	3
libero_10	2123	Objects Layout	3
libero_10	2124	Objects Layout	3
libero_10	2125	Objects Layout	1
libero_10	2126	Objects Layout	3
libero_10	2127	Objects Layout	1
libero_10	2128	Objects Layout	2
libero_10	2129	Objects Layout	1
libero_10	2130	Objects Layout	1
libero_10	2131	Objects Layout	1
libero_10	2132	Objects Layout	1
libero_10	2133	Objects Layout	1
libero_10	2134	Objects Layout	2
libero_10	2135	Objects Layout	1
libero_10	2136	Objects Layout	1
libero_10	2137	Objects Layout	1
libero_10	2138	Objects Layout	1
libero_10	2139	Objects Layout	1
libero_10	2140	Objects Layout	1
libero_10	2141	Objects Layout	2
libero_10	2142	Objects Layout	1
libero_10	2143	Objects Layout	2
libero_10	2144	Objects Layout	2
libero_10	2145	Objects Layout	1
libero_10	2146	Objects Layout	1
libero_10	2147	Objects Layout	1
libero_10	2148	Objects Layout	1
libero_10	2149	Objects Layout	2
libero_10	2150	Objects Layout	1
libero_10	2151	Objects Layout	2
libero_10	2152	Objects Layout	1
libero_10	2153	Objects Layout	1
libero_10	2154	Objects Layout	2
libero_10	2155	Objects Layout	2
libero_10	2156	Objects Layout	3
libero_10	2157	Objects Layout	2
libero_10	2158	Objects Layout	1
libero_10	2159	Objects Layout	3
libero_10	2160	Objects Layout	3
libero_10	2161	Objects Layout	2
libero_10	2162	Objects Layout	1
libero_10	2163	Objects Layout	1
libero_10	2164	Objects Layout	1
libero_10	2165	Objects Layout	2
libero_10	2166	Objects Layout	1
libero_10	2167	Objects Layout	1
libero_10	2168	Objects Layout	1
libero_10	2169	Objects Layout	1
libero_10	2170	Objects Layout	1
libero_10	2171	Objects Layout	2
libero_10	2172	Objects Layout	1
libero_10	2173	Objects Layout	1
libero_10	2174	Objects Layout	1
libero_10	2175	Objects Layout	2
libero_10	2176	Objects Layout	1
libero_10	2177	Objects Layout	1
libero_10	2178	Objects Layout	1
libero_10	2179	Objects Layout	1
libero_10	2180	Objects Layout	1
libero_10	2181	Objects Layout	1
libero_10	2182	Objects Layout	1
libero_10	2183	Objects Layout	2
libero_10	2184	Objects Layout	2
libero_10	2185	Objects Layout	2
libero_10	2186	Objects Layout	2
libero_10	2187	Objects Layout	2
libero_10	2188	Objects Layout	1
libero_10	2189	Objects Layout	3
libero_10	2190	Objects Layout	3
libero_10	2191	Objects Layout	3
libero_10	2192	Objects Layout	3
libero_10	2193	Objects Layout	2
libero_10	2194	Objects Layout	3
libero_10	2195	Objects Layout	4
libero_10	2196	Objects Layout	3
libero_10	2197	Objects Layout	3
libero_10	2198	Objects Layout	1
libero_10	2199	Objects Layout	3
libero_10	2200	Objects Layout	3
libero_10	2201	Objects Layout	4
libero_10	2202	Objects Layout	3
libero_10	2203	Objects Layout	4
libero_10	2204	Objects Layout	3
libero_10	2205	Objects Layout	3
libero_10	2206	Objects Layout	4
libero_10	2207	Objects Layout	2
libero_10	2208	Objects Layout	3
libero_10	2209	Objects Layout	3
libero_10	2210	Objects Layout	2
libero_10	2211	Objects Layout	4
libero_10	2212	Objects Layout	3
libero_10	2213	Objects Layout	3
libero_10	2214	Objects Layout	3
libero_10	2215	Objects Layout	3
libero_10	2216	Objects Layout	4
libero_10	2217	Objects Layout	4
libero_10	2218	Objects Layout	3
libero_10	2219	Objects Layout	2
libero_10	2220	Objects Layout	1
libero_10	2221	Objects Layout	1
libero_10	2222	Objects Layout	1
libero_10	2223	Objects Layout	2
libero_10	2224	Objects Layout	3
libero_10	2225	Objects Layout	2
libero_10	2226	Objects Layout	1
libero_10	2227	Objects Layout	2
libero_10	2228	Objects Layout	3
libero_10	2229	Objects Layout	3
libero_10	2230	Objects Layout	2
libero_10	2231	Objects Layout	3
libero_10	2232	Objects Layout	3
libero_10	2233	Objects Layout	3
libero_10	2234	Objects Layout	3
libero_10	2235	Objects Layout	2
libero_10	2236	Objects Layout	3
libero_10	2237	Objects Layout	3
libero_10	2238	Objects Layout	3
libero_10	2239	Objects Layout	3
libero_10	2240	Objects Layout	3
libero_10	2241	Objects Layout	3
libero_10	2242	Objects Layout	2
libero_10	2243	Objects Layout	4
libero_10	2244	Objects Layout	3
libero_10	2245	Light Conditions	4
libero_10	2246	Light Conditions	4
libero_10	2247	Light Conditions	4
libero_10	2248	Light Conditions	4
libero_10	2249	Light Conditions	4
libero_10	2250	Light Conditions	4
libero_10	2251	Light Conditions	5
libero_10	2252	Light Conditions	4
libero_10	2253	Light Conditions	5
libero_10	2254	Light Conditions	5
libero_10	2255	Light Conditions	4
libero_10	2256	Light Conditions	4
libero_10	2257	Light Conditions	5
libero_10	2258	Light Conditions	4
libero_10	2259	Light Conditions	3
libero_10	2260	Light Conditions	2
libero_10	2261	Light Conditions	3
libero_10	2262	Light Conditions	4
libero_10	2263	Light Conditions	4
libero_10	2264	Light Conditions	4
libero_10	2265	Light Conditions	2
libero_10	2266	Light Conditions	4
libero_10	2267	Light Conditions	3
libero_10	2268	Light Conditions	3
libero_10	2269	Light Conditions	4
libero_10	2270	Light Conditions	3
libero_10	2271	Light Conditions	2
libero_10	2272	Light Conditions	4
libero_10	2273	Light Conditions	3
libero_10	2274	Light Conditions	5
libero_10	2275	Light Conditions	2
libero_10	2276	Light Conditions	4
libero_10	2277	Light Conditions	5
libero_10	2278	Light Conditions	4
libero_10	2279	Light Conditions	5
libero_10	2280	Light Conditions	4
libero_10	2281	Light Conditions	4
libero_10	2282	Light Conditions	5
libero_10	2283	Light Conditions	4
libero_10	2284	Light Conditions	5
libero_10	2285	Light Conditions	3
libero_10	2286	Light Conditions	3
libero_10	2287	Light Conditions	2
libero_10	2288	Light Conditions	3
libero_10	2289	Light Conditions	4
libero_10	2290	Light Conditions	4
libero_10	2291	Light Conditions	3
libero_10	2292	Light Conditions	3
libero_10	2293	Light Conditions	5
libero_10	2294	Light Conditions	3
libero_10	2295	Light Conditions	4
libero_10	2296	Light Conditions	5
libero_10	2297	Light Conditions	3
libero_10	2298	Light Conditions	4
libero_10	2299	Light Conditions	4
libero_10	2300	Light Conditions	3
libero_10	2301	Light Conditions	4
libero_10	2302	Light Conditions	3
libero_10	2303	Light Conditions	4
libero_10	2304	Light Conditions	5
libero_10	2305	Light Conditions	5
libero_10	2306	Light Conditions	4
libero_10	2307	Light Conditions	4
libero_10	2308	Light Conditions	5
libero_10	2309	Light Conditions	4
libero_10	2310	Light Conditions	5
libero_10	2311	Light Conditions	4
libero_10	2312	Light Conditions	4
libero_10	2313	Light Conditions	4
libero_10	2314	Light Conditions	4
libero_10	2315	Light Conditions	4
libero_10	2316	Light Conditions	5
libero_10	2317	Light Conditions	4
libero_10	2318	Light Conditions	4
libero_10	2319	Light Conditions	5
libero_10	2320	Light Conditions	5
libero_10	2321	Light Conditions	5
libero_10	2322	Light Conditions	4
libero_10	2323	Light Conditions	5
libero_10	2324	Light Conditions	4
libero_10	2325	Light Conditions	5
libero_10	2326	Light Conditions	4
libero_10	2327	Light Conditions	5
libero_10	2328	Light Conditions	5
libero_10	2329	Light Conditions	4
libero_10	2330	Light Conditions	5
libero_10	2331	Light Conditions	5
libero_10	2332	Light Conditions	3
libero_10	2333	Light Conditions	2
libero_10	2334	Light Conditions	3
libero_10	2335	Light Conditions	4
libero_10	2336	Light Conditions	5
libero_10	2337	Light Conditions	5
libero_10	2338	Light Conditions	3
libero_10	2339	Light Conditions	4
libero_10	2340	Light Conditions	5
libero_10	2341	Light Conditions	5
libero_10	2342	Light Conditions	5
libero_10	2343	Light Conditions	5
libero_10	2344	Light Conditions	5
libero_10	2345	Light Conditions	5
libero_10	2346	Light Conditions	5
libero_10	2347	Light Conditions	5
libero_10	2348	Light Conditions	5
libero_10	2349	Light Conditions	4
libero_10	2350	Light Conditions	5
libero_10	2351	Light Conditions	5
libero_10	2352	Light Conditions	5
libero_10	2353	Light Conditions	5
libero_10	2354	Light Conditions	5
libero_10	2355	Light Conditions	3
libero_10	2356	Light Conditions	4
libero_10	2357	Light Conditions	5
libero_10	2358	Light Conditions	5
libero_10	2359	Light Conditions	5
libero_10	2360	Light Conditions	4
libero_10	2361	Light Conditions	4
libero_10	2362	Light Conditions	4
libero_10	2363	Light Conditions	5
libero_10	2364	Light Conditions	2
libero_10	2365	Light Conditions	5
libero_10	2366	Light Conditions	4
libero_10	2367	Light Conditions	5
libero_10	2368	Light Conditions	5
libero_10	2369	Light Conditions	4
libero_10	2370	Light Conditions	4
libero_10	2371	Light Conditions	4
libero_10	2372	Light Conditions	5
libero_10	2373	Light Conditions	5
libero_10	2374	Light Conditions	5
libero_10	2375	Light Conditions	5
libero_10	2376	Light Conditions	4
libero_10	2377	Light Conditions	5
libero_10	2378	Light Conditions	5
libero_10	2379	Light Conditions	5
libero_10	2380	Light Conditions	5
libero_10	2381	Light Conditions	4
libero_10	2382	Light Conditions	5
libero_10	2383	Light Conditions	5
libero_10	2384	Light Conditions	5
libero_10	2385	Light Conditions	5
libero_10	2386	Light Conditions	5
libero_10	2387	Light Conditions	5
libero_10	2388	Light Conditions	5
libero_10	2389	Light Conditions	5
libero_10	2390	Light Conditions	5
libero_10	2391	Light Conditions	5
libero_10	2392	Light Conditions	5
libero_10	2393	Light Conditions	5
libero_10	2394	Light Conditions	5
libero_10	2395	Light Conditions	5
libero_10	2396	Light Conditions	5
libero_10	2397	Light Conditions	5
libero_10	2398	Light Conditions	3
libero_10	2399	Light Conditions	2
libero_10	2400	Light Conditions	2
libero_10	2401	Light Conditions	4
libero_10	2402	Light Conditions	4
libero_10	2403	Light Conditions	3
libero_10	2404	Light Conditions	3
libero_10	2405	Light Conditions	5
libero_10	2406	Light Conditions	5
libero_10	2407	Light Conditions	5
libero_10	2408	Light Conditions	5
libero_10	2409	Light Conditions	5
libero_10	2410	Light Conditions	5
libero_10	2411	Light Conditions	5
libero_10	2412	Light Conditions	4
libero_10	2413	Light Conditions	5
libero_10	2414	Light Conditions	4
libero_10	2415	Light Conditions	1
libero_10	2416	Light Conditions	2
libero_10	2417	Light Conditions	2
libero_10	2418	Light Conditions	2
libero_10	2419	Light Conditions	1
libero_10	2420	Light Conditions	1
libero_10	2421	Light Conditions	1
libero_10	2422	Light Conditions	2
libero_10	2423	Light Conditions	1
libero_10	2424	Light Conditions	2
libero_10	2425	Light Conditions	1
libero_10	2426	Light Conditions	2
libero_10	2427	Light Conditions	1
libero_10	2428	Light Conditions	1
libero_10	2429	Light Conditions	2
libero_10	2430	Light Conditions	1
libero_10	2431	Light Conditions	2
libero_10	2432	Light Conditions	1
libero_10	2433	Light Conditions	2
libero_10	2434	Light Conditions	3
libero_10	2435	Light Conditions	3
libero_10	2436	Light Conditions	3
libero_10	2437	Light Conditions	3
libero_10	2438	Light Conditions	3
libero_10	2439	Light Conditions	3
libero_10	2440	Light Conditions	3
libero_10	2441	Light Conditions	3
libero_10	2442	Light Conditions	3
libero_10	2443	Light Conditions	3
libero_10	2444	Light Conditions	2
libero_10	2445	Light Conditions	3
libero_10	2446	Light Conditions	2
libero_10	2447	Light Conditions	3
libero_10	2448	Light Conditions	5
libero_10	2449	Light Conditions	3
libero_10	2450	Light Conditions	3
libero_10	2451	Light Conditions	3
libero_10	2452	Light Conditions	4
libero_10	2453	Light Conditions	2
libero_10	2454	Light Conditions	2
libero_10	2455	Light Conditions	4
libero_10	2456	Light Conditions	2
libero_10	2457	Light Conditions	3
libero_10	2458	Light Conditions	4
libero_10	2459	Light Conditions	2
libero_10	2460	Light Conditions	3
libero_10	2461	Light Conditions	5
libero_10	2462	Light Conditions	2
libero_10	2463	Light Conditions	4
libero_10	2464	Light Conditions	1
libero_10	2465	Light Conditions	3
libero_10	2466	Light Conditions	5
libero_10	2467	Light Conditions	3
libero_10	2468	Light Conditions	4
libero_10	2469	Light Conditions	5
libero_10	2470	Light Conditions	2
libero_10	2471	Light Conditions	5
libero_10	2472	Light Conditions	5
libero_10	2473	Light Conditions	4
libero_10	2474	Light Conditions	5
libero_10	2475	Light Conditions	5
libero_10	2476	Light Conditions	5
libero_10	2477	Light Conditions	5
libero_10	2478	Light Conditions	4
libero_10	2479	Light Conditions	5
libero_10	2480	Light Conditions	4
libero_10	2481	Light Conditions	5
libero_10	2482	Light Conditions	5
libero_10	2483	Light Conditions	5
libero_10	2484	Light Conditions	5
libero_10	2485	Light Conditions	5
libero_10	2486	Light Conditions	5
libero_10	2487	Light Conditions	5
libero_10	2488	Light Conditions	4
libero_10	2489	Light Conditions	5
libero_10	2490	Light Conditions	5
libero_10	2491	Light Conditions	3
libero_10	2492	Light Conditions	5
libero_10	2493	Light Conditions	4
libero_10	2494	Light Conditions	5
libero_10	2495	Light Conditions	4
libero_10	2496	Light Conditions	4
libero_10	2497	Light Conditions	3
libero_10	2498	Light Conditions	2
libero_10	2499	Light Conditions	2
libero_10	2500	Light Conditions	4
libero_10	2501	Light Conditions	2
libero_10	2502	Light Conditions	2
libero_10	2503	Light Conditions	3
libero_10	2504	Light Conditions	2
libero_10	2505	Light Conditions	3
libero_10	2506	Light Conditions	3
libero_10	2507	Light Conditions	3
libero_10	2508	Light Conditions	2
libero_10	2509	Light Conditions	3
libero_10	2510	Light Conditions	3
libero_10	2511	Light Conditions	3
libero_10	2512	Light Conditions	2
libero_10	2513	Light Conditions	3
libero_10	2514	Light Conditions	2
libero_10	2515	Light Conditions	3
libero_10	2516	Light Conditions	2
libero_10	2517	Light Conditions	3
libero_10	2518	Light Conditions	4
libero_goal	0	Background Textures	3
libero_goal	1	Background Textures	1
libero_goal	2	Background Textures	3
libero_goal	3	Background Textures	2
libero_goal	4	Background Textures	4
libero_goal	5	Background Textures	4
libero_goal	6	Background Textures	3
libero_goal	7	Background Textures	2
libero_goal	8	Background Textures	2
libero_goal	9	Background Textures	4
libero_goal	10	Background Textures	3
libero_goal	11	Background Textures	4
libero_goal	12	Background Textures	3
libero_goal	13	Background Textures	3
libero_goal	14	Background Textures	2
libero_goal	15	Background Textures	2
libero_goal	16	Background Textures	2
libero_goal	17	Background Textures	2
libero_goal	18	Background Textures	3
libero_goal	19	Background Textures	2
libero_goal	20	Background Textures	5
libero_goal	21	Background Textures	1
libero_goal	22	Background Textures	3
libero_goal	23	Background Textures	3
libero_goal	24	Background Textures	3
libero_goal	25	Background Textures	3
libero_goal	26	Background Textures	3
libero_goal	27	Background Textures	3
libero_goal	28	Background Textures	4
libero_goal	29	Background Textures	4
libero_goal	30	Background Textures	4
libero_goal	31	Background Textures	5
libero_goal	32	Background Textures	5
libero_goal	33	Background Textures	1
libero_goal	34	Background Textures	2
libero_goal	35	Background Textures	3
libero_goal	36	Background Textures	2
libero_goal	37	Background Textures	5
libero_goal	38	Background Textures	2
libero_goal	39	Background Textures	2
libero_goal	40	Background Textures	4
libero_goal	41	Background Textures	2
libero_goal	42	Background Textures	3
libero_goal	43	Background Textures	5
libero_goal	44	Background Textures	2
libero_goal	45	Background Textures	2
libero_goal	46	Background Textures	5
libero_goal	47	Background Textures	2
libero_goal	48	Background Textures	5
libero_goal	49	Background Textures	4
libero_goal	50	Background Textures	3
libero_goal	51	Background Textures	3
libero_goal	52	Background Textures	5
libero_goal	53	Background Textures	3
libero_goal	54	Background Textures	5
libero_goal	55	Background Textures	5
libero_goal	56	Background Textures	3
libero_goal	57	Background Textures	2
libero_goal	58	Background Textures	3
libero_goal	59	Background Textures	4
libero_goal	60	Background Textures	3
libero_goal	61	Background Textures	4
libero_goal	62	Background Textures	4
libero_goal	63	Background Textures	4
libero_goal	64	Background Textures	4
libero_goal	65	Background Textures	3
libero_goal	66	Background Textures	5
libero_goal	67	Background Textures	4
libero_goal	68	Background Textures	3
libero_goal	69	Background Textures	4
libero_goal	70	Background Textures	3
libero_goal	71	Background Textures	4
libero_goal	72	Background Textures	4
libero_goal	73	Background Textures	1
libero_goal	74	Background Textures	2
libero_goal	75	Background Textures	3
libero_goal	76	Background Textures	4
libero_goal	77	Background Textures	2
libero_goal	78	Background Textures	1
libero_goal	79	Background Textures	2
libero_goal	80	Background Textures	3
libero_goal	81	Background Textures	3
libero_goal	82	Background Textures	2
libero_goal	83	Background Textures	1
libero_goal	84	Background Textures	2
libero_goal	85	Background Textures	2
libero_goal	86	Background Textures	1
libero_goal	87	Background Textures	2
libero_goal	88	Background Textures	3
libero_goal	89	Background Textures	2
libero_goal	90	Background Textures	1
libero_goal	91	Background Textures	4
libero_goal	92	Background Textures	4
libero_goal	93	Background Textures	1
libero_goal	94	Background Textures	2
libero_goal	95	Background Textures	2
libero_goal	96	Background Textures	2
libero_goal	97	Background Textures	1
libero_goal	98	Background Textures	3
libero_goal	99	Background Textures	1
libero_goal	100	Background Textures	2
libero_goal	101	Background Textures	2
libero_goal	102	Background Textures	1
libero_goal	103	Background Textures	2
libero_goal	104	Background Textures	1
libero_goal	105	Background Textures	2
libero_goal	106	Background Textures	2
libero_goal	107	Background Textures	1
libero_goal	108	Background Textures	1
libero_goal	109	Background Textures	3
libero_goal	110	Background Textures	1
libero_goal	111	Background Textures	2
libero_goal	112	Background Textures	2
libero_goal	113	Background Textures	1
libero_goal	114	Background Textures	2
libero_goal	115	Background Textures	1
libero_goal	116	Background Textures	3
libero_goal	117	Background Textures	1
libero_goal	118	Background Textures	2
libero_goal	119	Background Textures	2
libero_goal	120	Background Textures	1
libero_goal	121	Background Textures	2
libero_goal	122	Background Textures	3
libero_goal	123	Background Textures	2
libero_goal	124	Background Textures	1
libero_goal	125	Background Textures	2
libero_goal	126	Background Textures	3
libero_goal	127	Background Textures	2
libero_goal	128	Background Textures	3
libero_goal	129	Background Textures	2
libero_goal	130	Background Textures	2
libero_goal	131	Background Textures	1
libero_goal	132	Background Textures	3
libero_goal	133	Background Textures	3
libero_goal	134	Background Textures	3
libero_goal	135	Background Textures	2
libero_goal	136	Background Textures	3
libero_goal	137	Background Textures	1
libero_goal	138	Background Textures	4
libero_goal	139	Background Textures	3
libero_goal	140	Background Textures	2
libero_goal	141	Background Textures	4
libero_goal	142	Background Textures	4
libero_goal	143	Background Textures	3
libero_goal	144	Background Textures	3
libero_goal	145	Background Textures	2
libero_goal	146	Background Textures	2
libero_goal	147	Background Textures	2
libero_goal	148	Background Textures	2
libero_goal	149	Background Textures	4
libero_goal	150	Background Textures	3
libero_goal	151	Background Textures	4
libero_goal	152	Background Textures	5
libero_goal	153	Background Textures	4
libero_goal	154	Background Textures	4
libero_goal	155	Background Textures	5
libero_goal	156	Background Textures	5
libero_goal	157	Background Textures	5
libero_goal	158	Background Textures	4
libero_goal	159	Background Textures	5
libero_goal	160	Background Textures	5
libero_goal	161	Background Textures	4
libero_goal	162	Background Textures	4
libero_goal	163	Background Textures	3
libero_goal	164	Background Textures	3
libero_goal	165	Background Textures	3
libero_goal	166	Background Textures	4
libero_goal	167	Background Textures	5
libero_goal	168	Background Textures	5
libero_goal	169	Background Textures	5
libero_goal	170	Background Textures	5
libero_goal	171	Background Textures	4
libero_goal	172	Background Textures	5
libero_goal	173	Background Textures	5
libero_goal	174	Background Textures	4
libero_goal	175	Background Textures	5
libero_goal	176	Background Textures	5
libero_goal	177	Background Textures	5
libero_goal	178	Background Textures	5
libero_goal	179	Background Textures	5
libero_goal	180	Background Textures	5
libero_goal	181	Background Textures	5
libero_goal	182	Background Textures	5
libero_goal	183	Background Textures	3
libero_goal	184	Background Textures	2
libero_goal	185	Background Textures	2
libero_goal	186	Background Textures	5
libero_goal	187	Background Textures	3
libero_goal	188	Background Textures	4
libero_goal	189	Background Textures	1
libero_goal	190	Background Textures	3
libero_goal	191	Background Textures	2
libero_goal	192	Background Textures	5
libero_goal	193	Background Textures	5
libero_goal	194	Background Textures	4
libero_goal	195	Background Textures	4
libero_goal	196	Background Textures	3
libero_goal	197	Background Textures	4
libero_goal	198	Background Textures	5
libero_goal	199	Background Textures	3
libero_goal	200	Background Textures	4
libero_goal	201	Background Textures	4
libero_goal	202	Background Textures	4
libero_goal	203	Background Textures	2
libero_goal	204	Background Textures	3
libero_goal	205	Background Textures	4
libero_goal	206	Background Textures	5
libero_goal	207	Background Textures	5
libero_goal	208	Background Textures	4
libero_goal	209	Background Textures	4
libero_goal	210	Background Textures	3
libero_goal	211	Background Textures	4
libero_goal	212	Background Textures	4
libero_goal	213	Background Textures	4
libero_goal	214	Background Textures	4
libero_goal	215	Background Textures	3
libero_goal	216	Background Textures	5
libero_goal	217	Background Textures	3
libero_goal	218	Background Textures	4
libero_goal	219	Background Textures	5
libero_goal	220	Background Textures	2
libero_goal	221	Background Textures	4
libero_goal	222	Background Textures	5
libero_goal	223	Background Textures	4
libero_goal	224	Background Textures	2
libero_goal	225	Background Textures	1
libero_goal	226	Background Textures	2
libero_goal	227	Background Textures	5
libero_goal	228	Background Textures	3
libero_goal	229	Background Textures	1
libero_goal	230	Background Textures	3
libero_goal	231	Background Textures	3
libero_goal	232	Background Textures	2
libero_goal	233	Background Textures	5
libero_goal	234	Background Textures	4
libero_goal	235	Background Textures	1
libero_goal	236	Background Textures	5
libero_goal	237	Background Textures	1
libero_goal	238	Background Textures	3
libero_goal	239	Background Textures	2
libero_goal	240	Background Textures	3
libero_goal	241	Background Textures	5
libero_goal	242	Background Textures	2
libero_goal	243	Background Textures	1
libero_goal	244	Background Textures	4
libero_goal	245	Background Textures	2
libero_goal	246	Background Textures	5
libero_goal	247	Background Textures	2
libero_goal	248	Background Textures	3
libero_goal	249	Background Textures	3
libero_goal	250	Background Textures	4
libero_goal	251	Background Textures	4
libero_goal	252	Background Textures	3
libero_goal	253	Background Textures	2
libero_goal	254	Background Textures	3
libero_goal	255	Background Textures	4
libero_goal	256	Background Textures	3
libero_goal	257	Background Textures	3
libero_goal	258	Background Textures	3
libero_goal	259	Background Textures	3
libero_goal	260	Background Textures	3
libero_goal	261	Background Textures	3
libero_goal	262	Background Textures	2
libero_goal	263	Background Textures	4
libero_goal	264	Background Textures	4
libero_goal	265	Background Textures	4
libero_goal	266	Background Textures	3
libero_goal	267	Background Textures	4
libero_goal	268	Background Textures	3
libero_goal	269	Background Textures	3
libero_goal	270	Background Textures	2
libero_goal	271	Background Textures	2
libero_goal	272	Background Textures	1
libero_goal	273	Background Textures	1
libero_goal	274	Background Textures	3
libero_goal	275	Background Textures	2
libero_goal	276	Background Textures	1
libero_goal	277	Background Textures	1
libero_goal	278	Background Textures	2
libero_goal	279	Background Textures	2
libero_goal	280	Background Textures	1
libero_goal	281	Robot Initial States	3
libero_goal	282	Robot Initial States	1
libero_goal	283	Robot Initial States	4
libero_goal	284	Robot Initial States	2
libero_goal	285	Robot Initial States	3
libero_goal	286	Robot Initial States	3
libero_goal	287	Robot Initial States	2
libero_goal	288	Robot Initial States	3
libero_goal	289	Robot Initial States	1
libero_goal	290	Robot Initial States	3
libero_goal	291	Robot Initial States	4
libero_goal	292	Robot Initial States	2
libero_goal	293	Robot Initial States	5
libero_goal	294	Robot Initial States	2
libero_goal	295	Robot Initial States	1
libero_goal	296	Robot Initial States	5
libero_goal	297	Robot Initial States	4
libero_goal	298	Robot Initial States	1
libero_goal	299	Robot Initial States	3
libero_goal	300	Robot Initial States	2
libero_goal	301	Robot Initial States	4
libero_goal	302	Robot Initial States	2
libero_goal	303	Robot Initial States	4
libero_goal	304	Robot Initial States	4
libero_goal	305	Robot Initial States	3
libero_goal	306	Robot Initial States	5
libero_goal	307	Robot Initial States	3
libero_goal	308	Robot Initial States	2
libero_goal	309	Robot Initial States	3
libero_goal	310	Robot Initial States	5
libero_goal	311	Robot Initial States	5
libero_goal	312	Robot Initial States	3
libero_goal	313	Robot Initial States	5
libero_goal	314	Robot Initial States	5
libero_goal	315	Robot Initial States	5
libero_goal	316	Robot Initial States	5
libero_goal	317	Robot Initial States	4
libero_goal	318	Robot Initial States	3
libero_goal	319	Robot Initial States	3
libero_goal	320	Robot Initial States	4
libero_goal	321	Robot Initial States	2
libero_goal	322	Robot Initial States	3
libero_goal	323	Robot Initial States	4
libero_goal	324	Robot Initial States	1
libero_goal	325	Robot Initial States	1
libero_goal	326	Robot Initial States	1
libero_goal	327	Robot Initial States	1
libero_goal	328	Robot Initial States	2
libero_goal	329	Robot Initial States	3
libero_goal	330	Robot Initial States	3
libero_goal	331	Robot Initial States	3
libero_goal	332	Robot Initial States	2
libero_goal	333	Robot Initial States	2
libero_goal	334	Robot Initial States	5
libero_goal	335	Robot Initial States	3
libero_goal	336	Robot Initial States	3
libero_goal	337	Robot Initial States	2
libero_goal	338	Robot Initial States	1
libero_goal	339	Robot Initial States	1
libero_goal	340	Robot Initial States	3
libero_goal	341	Robot Initial States	3
libero_goal	342	Robot Initial States	4
libero_goal	343	Robot Initial States	4
libero_goal	344	Robot Initial States	3
libero_goal	345	Robot Initial States	3
libero_goal	346	Robot Initial States	5
libero_goal	347	Robot Initial States	2
libero_goal	348	Robot Initial States	4
libero_goal	349	Robot Initial States	4
libero_goal	350	Robot Initial States	4
libero_goal	351	Robot Initial States	3
libero_goal	352	Robot Initial States	2
libero_goal	353	Robot Initial States	5
libero_goal	354	Robot Initial States	4
libero_goal	355	Robot Initial States	4
libero_goal	356	Robot Initial States	2
libero_goal	357	Robot Initial States	5
libero_goal	358	Robot Initial States	5
libero_goal	359	Robot Initial States	5
libero_goal	360	Robot Initial States	1
libero_goal	361	Robot Initial States	3
libero_goal	362	Robot Initial States	1
libero_goal	363	Robot Initial States	3
libero_goal	364	Robot Initial States	3
libero_goal	365	Robot Initial States	3
libero_goal	366	Robot Initial States	3
libero_goal	367	Robot Initial States	1
libero_goal	368	Robot Initial States	3
libero_goal	369	Robot Initial States	2
libero_goal	370	Robot Initial States	2
libero_goal	371	Robot Initial States	3
libero_goal	372	Robot Initial States	3
libero_goal	373	Robot Initial States	3
libero_goal	374	Robot Initial States	5
libero_goal	375	Robot Initial States	1
libero_goal	376	Robot Initial States	2
libero_goal	377	Robot Initial States	4
libero_goal	378	Robot Initial States	3
libero_goal	379	Robot Initial States	2
libero_goal	380	Robot Initial States	2
libero_goal	381	Robot Initial States	3
libero_goal	382	Robot Initial States	4
libero_goal	383	Robot Initial States	3
libero_goal	384	Robot Initial States	4
libero_goal	385	Robot Initial States	5
libero_goal	386	Robot Initial States	1
libero_goal	387	Robot Initial States	3
libero_goal	388	Robot Initial States	4
libero_goal	389	Robot Initial States	4
libero_goal	390	Robot Initial States	2
libero_goal	391	Robot Initial States	5
libero_goal	392	Robot Initial States	2
libero_goal	393	Robot Initial States	5
libero_goal	394	Robot Initial States	5
libero_goal	395	Robot Initial States	3
libero_goal	396	Robot Initial States	3
libero_goal	397	Robot Initial States	5
libero_goal	398	Robot Initial States	3
libero_goal	399	Robot Initial States	5
libero_goal	400	Robot Initial States	4
libero_goal	401	Robot Initial States	5
libero_goal	402	Robot Initial States	4
libero_goal	403	Robot Initial States	3
libero_goal	404	Robot Initial States	2
libero_goal	405	Robot Initial States	2
libero_goal	406	Robot Initial States	2
libero_goal	407	Robot Initial States	2
libero_goal	408	Robot Initial States	3
libero_goal	409	Robot Initial States	1
libero_goal	410	Robot Initial States	5
libero_goal	411	Robot Initial States	5
libero_goal	412	Robot Initial States	3
libero_goal	413	Robot Initial States	2
libero_goal	414	Robot Initial States	5
libero_goal	415	Robot Initial States	4
libero_goal	416	Robot Initial States	5
libero_goal	417	Robot Initial States	5
libero_goal	418	Robot Initial States	3
libero_goal	419	Robot Initial States	5
libero_goal	420	Robot Initial States	4
libero_goal	421	Robot Initial States	5
libero_goal	422	Robot Initial States	3
libero_goal	423	Robot Initial States	4
libero_goal	424	Robot Initial States	4
libero_goal	425	Robot Initial States	5
libero_goal	426	Robot Initial States	3
libero_goal	427	Robot Initial States	5
libero_goal	428	Robot Initial States	5
libero_goal	429	Robot Initial States	5
libero_goal	430	Robot Initial States	5
libero_goal	431	Robot Initial States	4
libero_goal	432	Robot Initial States	3
libero_goal	433	Robot Initial States	4
libero_goal	434	Robot Initial States	4
libero_goal	435	Robot Initial States	5
libero_goal	436	Robot Initial States	5
libero_goal	437	Robot Initial States	4
libero_goal	438	Robot Initial States	5
libero_goal	439	Robot Initial States	4
libero_goal	440	Robot Initial States	5
libero_goal	441	Robot Initial States	5
libero_goal	442	Robot Initial States	5
libero_goal	443	Robot Initial States	5
libero_goal	444	Robot Initial States	4
libero_goal	445	Robot Initial States	5
libero_goal	446	Robot Initial States	5
libero_goal	447	Robot Initial States	3
libero_goal	448	Robot Initial States	4
libero_goal	449	Robot Initial States	3
libero_goal	450	Robot Initial States	3
libero_goal	451	Robot Initial States	4
libero_goal	452	Robot Initial States	3
libero_goal	453	Robot Initial States	5
libero_goal	454	Robot Initial States	2
libero_goal	455	Robot Initial States	1
libero_goal	456	Robot Initial States	3
libero_goal	457	Robot Initial States	3
libero_goal	458	Robot Initial States	2
libero_goal	459	Robot Initial States	4
libero_goal	460	Robot Initial States	1
libero_goal	461	Robot Initial States	5
libero_goal	462	Robot Initial States	3
libero_goal	463	Robot Initial States	1
libero_goal	464	Robot Initial States	3
libero_goal	465	Robot Initial States	5
libero_goal	466	Robot Initial States	5
libero_goal	467	Robot Initial States	4
libero_goal	468	Robot Initial States	1
libero_goal	469	Robot Initial States	2
libero_goal	470	Robot Initial States	1
libero_goal	471	Robot Initial States	4
libero_goal	472	Robot Initial States	5
libero_goal	473	Robot Initial States	1
libero_goal	474	Robot Initial States	5
libero_goal	475	Robot Initial States	4
libero_goal	476	Robot Initial States	4
libero_goal	477	Robot Initial States	1
libero_goal	478	Robot Initial States	5
libero_goal	479	Robot Initial States	4
libero_goal	480	Robot Initial States	3
libero_goal	481	Robot Initial States	5
libero_goal	482	Robot Initial States	5
libero_goal	483	Robot Initial States	5
libero_goal	484	Robot Initial States	2
libero_goal	485	Robot Initial States	4
libero_goal	486	Robot Initial States	3
libero_goal	487	Robot Initial States	5
libero_goal	488	Robot Initial States	5
libero_goal	489	Robot Initial States	3
libero_goal	490	Robot Initial States	2
libero_goal	491	Robot Initial States	5
libero_goal	492	Robot Initial States	2
libero_goal	493	Robot Initial States	3
libero_goal	494	Robot Initial States	1
libero_goal	495	Robot Initial States	3
libero_goal	496	Robot Initial States	1
libero_goal	497	Robot Initial States	5
libero_goal	498	Robot Initial States	2
libero_goal	499	Robot Initial States	3
libero_goal	500	Robot Initial States	2
libero_goal	501	Robot Initial States	2
libero_goal	502	Robot Initial States	4
libero_goal	503	Robot Initial States	2
libero_goal	504	Robot Initial States	2
libero_goal	505	Robot Initial States	3
libero_goal	506	Robot Initial States	5
libero_goal	507	Robot Initial States	5
libero_goal	508	Robot Initial States	2
libero_goal	509	Robot Initial States	5
libero_goal	510	Robot Initial States	2
libero_goal	511	Robot Initial States	5
libero_goal	512	Robot Initial States	5
libero_goal	513	Robot Initial States	5
libero_goal	514	Robot Initial States	2
libero_goal	515	Robot Initial States	5
libero_goal	516	Robot Initial States	3
libero_goal	517	Robot Initial States	5
libero_goal	518	Robot Initial States	2
libero_goal	519	Robot Initial States	5
libero_goal	520	Robot Initial States	3
libero_goal	521	Robot Initial States	5
libero_goal	522	Robot Initial States	4
libero_goal	523	Robot Initial States	4
libero_goal	524	Robot Initial States	3
libero_goal	525	Robot Initial States	5
libero_goal	526	Robot Initial States	5
libero_goal	527	Robot Initial States	2
libero_goal	528	Robot Initial States	2
libero_goal	529	Robot Initial States	5
libero_goal	530	Robot Initial States	4
libero_goal	531	Robot Initial States	3
libero_goal	532	Robot Initial States	3
libero_goal	533	Robot Initial States	4
libero_goal	534	Robot Initial States	4
libero_goal	535	Robot Initial States	3
libero_goal	536	Robot Initial States	3
libero_goal	537	Robot Initial States	3
libero_goal	538	Robot Initial States	4
libero_goal	539	Robot Initial States	4
libero_goal	540	Robot Initial States	3
libero_goal	541	Robot Initial States	2
libero_goal	542	Robot Initial States	4
libero_goal	543	Robot Initial States	3
libero_goal	544	Robot Initial States	3
libero_goal	545	Robot Initial States	2
libero_goal	546	Robot Initial States	3
libero_goal	547	Robot Initial States	3
libero_goal	548	Robot Initial States	4
libero_goal	549	Robot Initial States	4
libero_goal	550	Robot Initial States	2
libero_goal	551	Robot Initial States	2
libero_goal	552	Robot Initial States	3
libero_goal	553	Robot Initial States	4
libero_goal	554	Robot Initial States	1
libero_goal	555	Robot Initial States	4
libero_goal	556	Robot Initial States	5
libero_goal	557	Robot Initial States	3
libero_goal	558	Robot Initial States	4
libero_goal	559	Robot Initial States	4
libero_goal	560	Robot Initial States	5
libero_goal	561	Robot Initial States	5
libero_goal	562	Robot Initial States	5
libero_goal	563	Robot Initial States	5
libero_goal	564	Robot Initial States	3
libero_goal	565	Robot Initial States	3
libero_goal	566	Robot Initial States	4
libero_goal	567	Robot Initial States	5
libero_goal	568	Robot Initial States	3
libero_goal	569	Robot Initial States	3
libero_goal	570	Robot Initial States	5
libero_goal	571	Robot Initial States	5
libero_goal	572	Robot Initial States	5
libero_goal	573	Robot Initial States	4
libero_goal	574	Robot Initial States	5
libero_goal	575	Robot Initial States	4
libero_goal	576	Robot Initial States	5
libero_goal	577	Robot Initial States	1
libero_goal	578	Robot Initial States	1
libero_goal	579	Robot Initial States	1
libero_goal	580	Robot Initial States	2
libero_goal	581	Robot Initial States	1
libero_goal	582	Robot Initial States	2
libero_goal	583	Robot Initial States	3
libero_goal	584	Robot Initial States	2
libero_goal	585	Robot Initial States	2
libero_goal	586	Robot Initial States	1
libero_goal	587	Robot Initial States	1
libero_goal	588	Robot Initial States	3
libero_goal	589	Robot Initial States	2
libero_goal	590	Robot Initial States	3
libero_goal	591	Robot Initial States	3
libero_goal	592	Robot Initial States	2
libero_goal	593	Robot Initial States	3
libero_goal	594	Robot Initial States	2
libero_goal	595	Robot Initial States	3
libero_goal	596	Robot Initial States	1
libero_goal	597	Robot Initial States	3
libero_goal	598	Robot Initial States	5
libero_goal	599	Robot Initial States	1
libero_goal	600	Robot Initial States	5
libero_goal	601	Robot Initial States	2
libero_goal	602	Robot Initial States	5
libero_goal	603	Robot Initial States	2
libero_goal	604	Robot Initial States	5
libero_goal	605	Robot Initial States	2
libero_goal	606	Robot Initial States	3
libero_goal	607	Robot Initial States	5
libero_goal	608	Robot Initial States	5
libero_goal	609	Robot Initial States	2
libero_goal	610	Robot Initial States	2
libero_goal	611	Robot Initial States	2
libero_goal	612	Robot Initial States	2
libero_goal	613	Robot Initial States	2
libero_goal	614	Robot Initial States	2
libero_goal	615	Robot Initial States	1
libero_goal	616	Robot Initial States	1
libero_goal	617	Robot Initial States	1
libero_goal	618	Robot Initial States	4
libero_goal	619	Robot Initial States	2
libero_goal	620	Robot Initial States	4
libero_goal	621	Robot Initial States	1
libero_goal	622	Robot Initial States	3
libero_goal	623	Robot Initial States	3
libero_goal	624	Robot Initial States	1
libero_goal	625	Robot Initial States	4
libero_goal	626	Robot Initial States	5
libero_goal	627	Robot Initial States	2
libero_goal	628	Robot Initial States	3
libero_goal	629	Robot Initial States	3
libero_goal	630	Robot Initial States	3
libero_goal	631	Robot Initial States	2
libero_goal	632	Robot Initial States	3
libero_goal	633	Robot Initial States	1
libero_goal	634	Robot Initial States	4
libero_goal	635	Robot Initial States	5
libero_goal	636	Robot Initial States	3
libero_goal	637	Robot Initial States	5
libero_goal	638	Robot Initial States	3
libero_goal	639	Robot Initial States	5
libero_goal	640	Robot Initial States	3
libero_goal	641	Robot Initial States	5
libero_goal	642	Robot Initial States	4
libero_goal	643	Robot Initial States	5
libero_goal	644	Robot Initial States	3
libero_goal	645	Robot Initial States	3
libero_goal	646	Robot Initial States	3
libero_goal	647	Robot Initial States	5
libero_goal	648	Robot Initial States	5
libero_goal	649	Robot Initial States	3
libero_goal	650	Robot Initial States	5
libero_goal	651	Robot Initial States	2
libero_goal	652	Robot Initial States	3
libero_goal	653	Robot Initial States	5
libero_goal	654	Robot Initial States	1
libero_goal	655	Robot Initial States	2
libero_goal	656	Robot Initial States	2
libero_goal	657	Robot Initial States	1
libero_goal	658	Robot Initial States	2
libero_goal	659	Robot Initial States	3
libero_goal	660	Robot Initial States	5
libero_goal	661	Robot Initial States	3
libero_goal	662	Robot Initial States	2
libero_goal	663	Robot Initial States	4
libero_goal	664	Robot Initial States	1
libero_goal	665	Robot Initial States	2
libero_goal	666	Robot Initial States	3
libero_goal	667	Robot Initial States	2
libero_goal	668	Robot Initial States	5
libero_goal	669	Robot Initial States	1
libero_goal	670	Robot Initial States	5
libero_goal	671	Robot Initial States	3
libero_goal	672	Robot Initial States	5
libero_goal	673	Robot Initial States	5
libero_goal	674	Robot Initial States	5
libero_goal	675	Robot Initial States	4
libero_goal	676	Robot Initial States	5
libero_goal	677	Robot Initial States	4
libero_goal	678	Robot Initial States	2
libero_goal	679	Robot Initial States	5
libero_goal	680	Robot Initial States	4
libero_goal	681	Robot Initial States	3
libero_goal	682	Robot Initial States	3
libero_goal	683	Robot Initial States	5
libero_goal	684	Robot Initial States	5
libero_goal	685	Robot Initial States	5
libero_goal	686	Robot Initial States	5
libero_goal	687	Robot Initial States	3
libero_goal	688	Robot Initial States	5
libero_goal	689	Robot Initial States	2
libero_goal	690	Camera Viewpoints	2
libero_goal	691	Camera Viewpoints	3
libero_goal	692	Camera Viewpoints	2
libero_goal	693	Camera Viewpoints	3
libero_goal	694	Camera Viewpoints	2
libero_goal	695	Camera Viewpoints	2
libero_goal	696	Camera Viewpoints	1
libero_goal	697	Camera Viewpoints	4
libero_goal	698	Camera Viewpoints	4
libero_goal	699	Camera Viewpoints	3
libero_goal	700	Camera Viewpoints	3
libero_goal	701	Camera Viewpoints	3
libero_goal	702	Camera Viewpoints	2
libero_goal	703	Camera Viewpoints	2
libero_goal	704	Camera Viewpoints	2
libero_goal	705	Camera Viewpoints	3
libero_goal	706	Camera Viewpoints	2
libero_goal	707	Camera Viewpoints	2
libero_goal	708	Camera Viewpoints	3
libero_goal	709	Camera Viewpoints	2
libero_goal	710	Camera Viewpoints	2
libero_goal	711	Camera Viewpoints	1
libero_goal	712	Camera Viewpoints	1
libero_goal	713	Camera Viewpoints	1
libero_goal	714	Camera Viewpoints	1
libero_goal	715	Camera Viewpoints	1
libero_goal	716	Camera Viewpoints	1
libero_goal	717	Camera Viewpoints	1
libero_goal	718	Camera Viewpoints	2
libero_goal	719	Camera Viewpoints	1
libero_goal	720	Camera Viewpoints	2
libero_goal	721	Camera Viewpoints	1
libero_goal	722	Camera Viewpoints	2
libero_goal	723	Camera Viewpoints	1
libero_goal	724	Camera Viewpoints	2
libero_goal	725	Camera Viewpoints	2
libero_goal	726	Camera Viewpoints	2
libero_goal	727	Camera Viewpoints	3
libero_goal	728	Camera Viewpoints	2
libero_goal	729	Camera Viewpoints	2
libero_goal	730	Camera Viewpoints	1
libero_goal	731	Camera Viewpoints	2
libero_goal	732	Camera Viewpoints	1
libero_goal	733	Camera Viewpoints	1
libero_goal	734	Camera Viewpoints	2
libero_goal	735	Camera Viewpoints	2
libero_goal	736	Camera Viewpoints	1
libero_goal	737	Camera Viewpoints	2
libero_goal	738	Camera Viewpoints	2
libero_goal	739	Camera Viewpoints	1
libero_goal	740	Camera Viewpoints	2
libero_goal	741	Camera Viewpoints	2
libero_goal	742	Camera Viewpoints	1
libero_goal	743	Camera Viewpoints	1
libero_goal	744	Camera Viewpoints	2
libero_goal	745	Camera Viewpoints	1
libero_goal	746	Camera Viewpoints	2
libero_goal	747	Camera Viewpoints	1
libero_goal	748	Camera Viewpoints	1
libero_goal	749	Camera Viewpoints	1
libero_goal	750	Camera Viewpoints	1
libero_goal	751	Camera Viewpoints	1
libero_goal	752	Camera Viewpoints	2
libero_goal	753	Camera Viewpoints	3
libero_goal	754	Camera Viewpoints	4
libero_goal	755	Camera Viewpoints	3
libero_goal	756	Camera Viewpoints	3
libero_goal	757	Camera Viewpoints	1
libero_goal	758	Camera Viewpoints	4
libero_goal	759	Camera Viewpoints	3
libero_goal	760	Camera Viewpoints	5
libero_goal	761	Camera Viewpoints	1
libero_goal	762	Camera Viewpoints	5
libero_goal	763	Camera Viewpoints	2
libero_goal	764	Camera Viewpoints	4
libero_goal	765	Camera Viewpoints	3
libero_goal	766	Camera Viewpoints	5
libero_goal	767	Camera Viewpoints	4
libero_goal	768	Camera Viewpoints	5
libero_goal	769	Camera Viewpoints	3
libero_goal	770	Camera Viewpoints	4
libero_goal	771	Camera Viewpoints	4
libero_goal	772	Camera Viewpoints	5
libero_goal	773	Camera Viewpoints	2
libero_goal	774	Camera Viewpoints	5
libero_goal	775	Camera Viewpoints	2
libero_goal	776	Camera Viewpoints	5
libero_goal	777	Camera Viewpoints	2
libero_goal	778	Camera Viewpoints	5
libero_goal	779	Camera Viewpoints	3
libero_goal	780	Camera Viewpoints	5
libero_goal	781	Camera Viewpoints	2
libero_goal	782	Camera Viewpoints	5
libero_goal	783	Camera Viewpoints	3
libero_goal	784	Camera Viewpoints	4
libero_goal	785	Camera Viewpoints	3
libero_goal	786	Camera Viewpoints	4
libero_goal	787	Camera Viewpoints	4
libero_goal	788	Camera Viewpoints	5
libero_goal	789	Camera Viewpoints	5
libero_goal	790	Camera Viewpoints	5
libero_goal	791	Camera Viewpoints	2
libero_goal	792	Camera Viewpoints	4
libero_goal	793	Camera Viewpoints	5
libero_goal	794	Camera Viewpoints	5
libero_goal	795	Camera Viewpoints	5
libero_goal	796	Camera Viewpoints	5
libero_goal	797	Camera Viewpoints	5
libero_goal	798	Camera Viewpoints	3
libero_goal	799	Camera Viewpoints	3
libero_goal	800	Camera Viewpoints	3
libero_goal	801	Camera Viewpoints	5
libero_goal	802	Camera Viewpoints	5
libero_goal	803	Camera Viewpoints	5
libero_goal	804	Camera Viewpoints	5
libero_goal	805	Camera Viewpoints	5
libero_goal	806	Camera Viewpoints	5
libero_goal	807	Camera Viewpoints	5
libero_goal	808	Camera Viewpoints	5
libero_goal	809	Camera Viewpoints	5
libero_goal	810	Camera Viewpoints	5
libero_goal	811	Camera Viewpoints	5
libero_goal	812	Camera Viewpoints	5
libero_goal	813	Camera Viewpoints	5
libero_goal	814	Camera Viewpoints	5
libero_goal	815	Camera Viewpoints	5
libero_goal	816	Camera Viewpoints	5
libero_goal	817	Camera Viewpoints	5
libero_goal	818	Camera Viewpoints	5
libero_goal	819	Camera Viewpoints	5
libero_goal	820	Camera Viewpoints	5
libero_goal	821	Camera Viewpoints	5
libero_goal	822	Camera Viewpoints	5
libero_goal	823	Camera Viewpoints	5
libero_goal	824	Camera Viewpoints	5
libero_goal	825	Camera Viewpoints	5
libero_goal	826	Camera Viewpoints	5
libero_goal	827	Camera Viewpoints	5
libero_goal	828	Camera Viewpoints	5
libero_goal	829	Camera Viewpoints	5
libero_goal	830	Camera Viewpoints	5
libero_goal	831	Camera Viewpoints	2
libero_goal	832	Camera Viewpoints	2
libero_goal	833	Camera Viewpoints	2
libero_goal	834	Camera Viewpoints	2
libero_goal	835	Camera Viewpoints	2
libero_goal	836	Camera Viewpoints	2
libero_goal	837	Camera Viewpoints	2
libero_goal	838	Camera Viewpoints	2
libero_goal	839	Camera Viewpoints	2
libero_goal	840	Camera Viewpoints	3
libero_goal	841	Camera Viewpoints	4
libero_goal	842	Camera Viewpoints	3
libero_goal	843	Camera Viewpoints	3
libero_goal	844	Camera Viewpoints	4
libero_goal	845	Camera Viewpoints	5
libero_goal	846	Camera Viewpoints	5
libero_goal	847	Camera Viewpoints	4
libero_goal	848	Camera Viewpoints	2
libero_goal	849	Camera Viewpoints	3
libero_goal	850	Camera Viewpoints	4
libero_goal	851	Camera Viewpoints	2
libero_goal	852	Camera Viewpoints	4
libero_goal	853	Camera Viewpoints	3
libero_goal	854	Camera Viewpoints	2
libero_goal	855	Camera Viewpoints	3
libero_goal	856	Camera Viewpoints	2
libero_goal	857	Camera Viewpoints	4
libero_goal	858	Camera Viewpoints	4
libero_goal	859	Camera Viewpoints	3
libero_goal	860	Camera Viewpoints	5
libero_goal	861	Camera Viewpoints	3
libero_goal	862	Camera Viewpoints	3
libero_goal	863	Camera Viewpoints	4
libero_goal	864	Camera Viewpoints	4
libero_goal	865	Camera Viewpoints	1
libero_goal	866	Camera Viewpoints	3
libero_goal	867	Camera Viewpoints	3
libero_goal	868	Camera Viewpoints	3
libero_goal	869	Camera Viewpoints	2
libero_goal	870	Camera Viewpoints	4
libero_goal	871	Camera Viewpoints	1
libero_goal	872	Camera Viewpoints	4
libero_goal	873	Camera Viewpoints	1
libero_goal	874	Camera Viewpoints	3
libero_goal	875	Camera Viewpoints	3
libero_goal	876	Camera Viewpoints	2
libero_goal	877	Camera Viewpoints	3
libero_goal	878	Camera Viewpoints	4
libero_goal	879	Camera Viewpoints	2
libero_goal	880	Camera Viewpoints	5
libero_goal	881	Camera Viewpoints	3
libero_goal	882	Camera Viewpoints	3
libero_goal	883	Camera Viewpoints	3
libero_goal	884	Camera Viewpoints	2
libero_goal	885	Camera Viewpoints	4
libero_goal	886	Camera Viewpoints	4
libero_goal	887	Camera Viewpoints	4
libero_goal	888	Camera Viewpoints	3
libero_goal	889	Camera Viewpoints	4
libero_goal	890	Camera Viewpoints	3
libero_goal	891	Camera Viewpoints	1
libero_goal	892	Camera Viewpoints	1
libero_goal	893	Camera Viewpoints	3
libero_goal	894	Camera Viewpoints	3
libero_goal	895	Camera Viewpoints	5
libero_goal	896	Camera Viewpoints	4
libero_goal	897	Camera Viewpoints	3
libero_goal	898	Camera Viewpoints	4
libero_goal	899	Camera Viewpoints	3
libero_goal	900	Camera Viewpoints	5
libero_goal	901	Camera Viewpoints	4
libero_goal	902	Camera Viewpoints	5
libero_goal	903	Camera Viewpoints	5
libero_goal	904	Camera Viewpoints	5
libero_goal	905	Camera Viewpoints	4
libero_goal	906	Camera Viewpoints	5
libero_goal	907	Camera Viewpoints	5
libero_goal	908	Camera Viewpoints	5
libero_goal	909	Camera Viewpoints	5
libero_goal	910	Camera Viewpoints	5
libero_goal	911	Camera Viewpoints	4
libero_goal	912	Camera Viewpoints	5
libero_goal	913	Camera Viewpoints	5
libero_goal	914	Camera Viewpoints	4
libero_goal	915	Camera Viewpoints	5
libero_goal	916	Camera Viewpoints	5
libero_goal	917	Camera Viewpoints	4
libero_goal	918	Camera Viewpoints	5
libero_goal	919	Camera Viewpoints	5
libero_goal	920	Camera Viewpoints	4
libero_goal	921	Camera Viewpoints	5
libero_goal	922	Camera Viewpoints	3
libero_goal	923	Camera Viewpoints	5
libero_goal	924	Camera Viewpoints	5
libero_goal	925	Camera Viewpoints	4
libero_goal	926	Camera Viewpoints	5
libero_goal	927	Camera Viewpoints	4
libero_goal	928	Camera Viewpoints	5
libero_goal	929	Camera Viewpoints	4
libero_goal	930	Camera Viewpoints	2
libero_goal	931	Camera Viewpoints	2
libero_goal	932	Camera Viewpoints	2
libero_goal	933	Camera Viewpoints	2
libero_goal	934	Camera Viewpoints	2
libero_goal	935	Camera Viewpoints	2
libero_goal	936	Camera Viewpoints	2
libero_goal	937	Camera Viewpoints	3
libero_goal	938	Camera Viewpoints	2
libero_goal	939	Camera Viewpoints	3
libero_goal	940	Camera Viewpoints	3
libero_goal	941	Camera Viewpoints	3
libero_goal	942	Camera Viewpoints	4
libero_goal	943	Camera Viewpoints	4
libero_goal	944	Camera Viewpoints	5
libero_goal	945	Camera Viewpoints	3
libero_goal	946	Camera Viewpoints	2
libero_goal	947	Camera Viewpoints	3
libero_goal	948	Camera Viewpoints	3
libero_goal	949	Camera Viewpoints	4
libero_goal	950	Camera Viewpoints	4
libero_goal	951	Camera Viewpoints	3
libero_goal	952	Camera Viewpoints	4
libero_goal	953	Camera Viewpoints	3
libero_goal	954	Camera Viewpoints	4
libero_goal	955	Camera Viewpoints	3
libero_goal	956	Camera Viewpoints	4
libero_goal	957	Camera Viewpoints	3
libero_goal	958	Camera Viewpoints	4
libero_goal	959	Camera Viewpoints	2
libero_goal	960	Camera Viewpoints	5
libero_goal	961	Camera Viewpoints	4
libero_goal	962	Camera Viewpoints	5
libero_goal	963	Camera Viewpoints	3
libero_goal	964	Camera Viewpoints	4
libero_goal	965	Camera Viewpoints	3
libero_goal	966	Camera Viewpoints	4
libero_goal	967	Camera Viewpoints	3
libero_goal	968	Camera Viewpoints	3
libero_goal	969	Camera Viewpoints	3
libero_goal	970	Camera Viewpoints	3
libero_goal	971	Camera Viewpoints	3
libero_goal	972	Camera Viewpoints	3
libero_goal	973	Camera Viewpoints	3
libero_goal	974	Camera Viewpoints	4
libero_goal	975	Camera Viewpoints	2
libero_goal	976	Camera Viewpoints	4
libero_goal	977	Camera Viewpoints	4
libero_goal	978	Camera Viewpoints	4
libero_goal	979	Camera Viewpoints	2
libero_goal	980	Camera Viewpoints	2
libero_goal	981	Camera Viewpoints	2
libero_goal	982	Camera Viewpoints	2
libero_goal	983	Camera Viewpoints	2
libero_goal	984	Camera Viewpoints	2
libero_goal	985	Camera Viewpoints	2
libero_goal	986	Camera Viewpoints	2
libero_goal	987	Camera Viewpoints	2
libero_goal	988	Camera Viewpoints	2
libero_goal	989	Camera Viewpoints	1
libero_goal	990	Camera Viewpoints	1
libero_goal	991	Camera Viewpoints	2
libero_goal	992	Camera Viewpoints	1
libero_goal	993	Camera Viewpoints	1
libero_goal	994	Camera Viewpoints	1
libero_goal	995	Camera Viewpoints	3
libero_goal	996	Camera Viewpoints	3
libero_goal	997	Camera Viewpoints	2
libero_goal	998	Camera Viewpoints	2
libero_goal	999	Camera Viewpoints	2
libero_goal	1000	Camera Viewpoints	3
libero_goal	1001	Camera Viewpoints	2
libero_goal	1002	Camera Viewpoints	2
libero_goal	1003	Camera Viewpoints	2
libero_goal	1004	Camera Viewpoints	4
libero_goal	1005	Camera Viewpoints	2
libero_goal	1006	Camera Viewpoints	2
libero_goal	1007	Camera Viewpoints	2
libero_goal	1008	Camera Viewpoints	2
libero_goal	1009	Camera Viewpoints	2
libero_goal	1010	Camera Viewpoints	2
libero_goal	1011	Camera Viewpoints	2
libero_goal	1012	Camera Viewpoints	1
libero_goal	1013	Camera Viewpoints	2
libero_goal	1014	Camera Viewpoints	2
libero_goal	1015	Camera Viewpoints	2
libero_goal	1016	Camera Viewpoints	2
libero_goal	1017	Camera Viewpoints	2
libero_goal	1018	Camera Viewpoints	1
libero_goal	1019	Camera Viewpoints	2
libero_goal	1020	Camera Viewpoints	1
libero_goal	1021	Camera Viewpoints	1
libero_goal	1022	Camera Viewpoints	2
libero_goal	1023	Camera Viewpoints	1
libero_goal	1024	Camera Viewpoints	2
libero_goal	1025	Camera Viewpoints	3
libero_goal	1026	Camera Viewpoints	3
libero_goal	1027	Camera Viewpoints	3
libero_goal	1028	Camera Viewpoints	4
libero_goal	1029	Camera Viewpoints	4
libero_goal	1030	Camera Viewpoints	4
libero_goal	1031	Camera Viewpoints	4
libero_goal	1032	Camera Viewpoints	3
libero_goal	1033	Camera Viewpoints	4
libero_goal	1034	Camera Viewpoints	3
libero_goal	1035	Camera Viewpoints	1
libero_goal	1036	Camera Viewpoints	1
libero_goal	1037	Camera Viewpoints	2
libero_goal	1038	Camera Viewpoints	1
libero_goal	1039	Camera Viewpoints	2
libero_goal	1040	Camera Viewpoints	2
libero_goal	1041	Camera Viewpoints	3
libero_goal	1042	Camera Viewpoints	3
libero_goal	1043	Camera Viewpoints	3
libero_goal	1044	Camera Viewpoints	3
libero_goal	1045	Camera Viewpoints	1
libero_goal	1046	Camera Viewpoints	3
libero_goal	1047	Camera Viewpoints	1
libero_goal	1048	Camera Viewpoints	4
libero_goal	1049	Camera Viewpoints	1
libero_goal	1050	Camera Viewpoints	3
libero_goal	1051	Camera Viewpoints	3
libero_goal	1052	Camera Viewpoints	3
libero_goal	1053	Camera Viewpoints	2
libero_goal	1054	Camera Viewpoints	3
libero_goal	1055	Camera Viewpoints	2
libero_goal	1056	Camera Viewpoints	4
libero_goal	1057	Camera Viewpoints	4
libero_goal	1058	Camera Viewpoints	4
libero_goal	1059	Camera Viewpoints	3
libero_goal	1060	Camera Viewpoints	4
libero_goal	1061	Camera Viewpoints	4
libero_goal	1062	Camera Viewpoints	4
libero_goal	1063	Camera Viewpoints	4
libero_goal	1064	Camera Viewpoints	4
libero_goal	1065	Camera Viewpoints	4
libero_goal	1066	Camera Viewpoints	2
libero_goal	1067	Camera Viewpoints	4
libero_goal	1068	Camera Viewpoints	4
libero_goal	1069	Camera Viewpoints	3
libero_goal	1070	Camera Viewpoints	2
libero_goal	1071	Camera Viewpoints	2
libero_goal	1072	Camera Viewpoints	1
libero_goal	1073	Camera Viewpoints	1
libero_goal	1074	Camera Viewpoints	1
libero_goal	1075	Camera Viewpoints	2
libero_goal	1076	Camera Viewpoints	3
libero_goal	1077	Camera Viewpoints	2
libero_goal	1078	Camera Viewpoints	3
libero_goal	1079	Camera Viewpoints	2
libero_goal	1080	Camera Viewpoints	3
libero_goal	1081	Camera Viewpoints	2
libero_goal	1082	Camera Viewpoints	3
libero_goal	1083	Camera Viewpoints	1
libero_goal	1084	Camera Viewpoints	3
libero_goal	1085	Camera Viewpoints	3
libero_goal	1086	Camera Viewpoints	2
libero_goal	1087	Camera Viewpoints	3
libero_goal	1088	Camera Viewpoints	2
libero_goal	1089	Camera Viewpoints	3
libero_goal	1090	Camera Viewpoints	1
libero_goal	1091	Camera Viewpoints	3
libero_goal	1092	Camera Viewpoints	3
libero_goal	1093	Camera Viewpoints	3
libero_goal	1094	Camera Viewpoints	1
libero_goal	1095	Camera Viewpoints	3
libero_goal	1096	Camera Viewpoints	3
libero_goal	1097	Camera Viewpoints	3
libero_goal	1098	Language Instructions	3
libero_goal	1099	Language Instructions	4
libero_goal	1100	Language Instructions	3
libero_goal	1101	Language Instructions	5
libero_goal	1102	Language Instructions	4
libero_goal	1103	Language Instructions	4
libero_goal	1104	Language Instructions	4
libero_goal	1105	Language Instructions	5
libero_goal	1106	Language Instructions	5
libero_goal	1107	Language Instructions	5
libero_goal	1108	Language Instructions	5
libero_goal	1109	Language Instructions	5
libero_goal	1110	Language Instructions	2
libero_goal	1111	Language Instructions	4
libero_goal	1112	Language Instructions	5
libero_goal	1113	Language Instructions	4
libero_goal	1114	Language Instructions	3
libero_goal	1115	Language Instructions	5
libero_goal	1116	Language Instructions	5
libero_goal	1117	Language Instructions	5
libero_goal	1118	Language Instructions	2
libero_goal	1119	Language Instructions	3
libero_goal	1120	Language Instructions	4
libero_goal	1121	Language Instructions	4
libero_goal	1122	Language Instructions	5
libero_goal	1123	Language Instructions	4
libero_goal	1124	Language Instructions	2
libero_goal	1125	Language Instructions	3
libero_goal	1126	Language Instructions	5
libero_goal	1127	Language Instructions	5
libero_goal	1128	Language Instructions	5
libero_goal	1129	Language Instructions	5
libero_goal	1130	Language Instructions	4
libero_goal	1131	Language Instructions	5
libero_goal	1132	Language Instructions	4
libero_goal	1133	Language Instructions	5
libero_goal	1134	Language Instructions	5
libero_goal	1135	Language Instructions	5
libero_goal	1136	Language Instructions	4
libero_goal	1137	Language Instructions	5
libero_goal	1138	Language Instructions	5
libero_goal	1139	Language Instructions	5
libero_goal	1140	Language Instructions	3
libero_goal	1141	Language Instructions	4
libero_goal	1142	Language Instructions	3
libero_goal	1143	Language Instructions	5
libero_goal	1144	Language Instructions	2
libero_goal	1145	Language Instructions	5
libero_goal	1146	Language Instructions	4
libero_goal	1147	Language Instructions	1
libero_goal	1148	Language Instructions	5
libero_goal	1149	Language Instructions	5
libero_goal	1150	Language Instructions	1
libero_goal	1151	Language Instructions	3
libero_goal	1152	Language Instructions	4
libero_goal	1153	Language Instructions	4
libero_goal	1154	Language Instructions	2
libero_goal	1155	Language Instructions	3
libero_goal	1156	Language Instructions	5
libero_goal	1157	Language Instructions	1
libero_goal	1158	Language Instructions	4
libero_goal	1159	Language Instructions	5
libero_goal	1160	Language Instructions	1
libero_goal	1161	Language Instructions	5
libero_goal	1162	Language Instructions	4
libero_goal	1163	Language Instructions	1
libero_goal	1164	Language Instructions	5
libero_goal	1165	Language Instructions	5
libero_goal	1166	Language Instructions	4
libero_goal	1167	Language Instructions	3
libero_goal	1168	Language Instructions	1
libero_goal	1169	Language Instructions	2
libero_goal	1170	Language Instructions	5
libero_goal	1171	Language Instructions	2
libero_goal	1172	Language Instructions	5
libero_goal	1173	Language Instructions	5
libero_goal	1174	Language Instructions	5
libero_goal	1175	Language Instructions	3
libero_goal	1176	Language Instructions	2
libero_goal	1177	Language Instructions	2
libero_goal	1178	Language Instructions	5
libero_goal	1179	Language Instructions	1
libero_goal	1180	Language Instructions	2
libero_goal	1181	Language Instructions	5
libero_goal	1182	Language Instructions	4
libero_goal	1183	Language Instructions	4
libero_goal	1184	Language Instructions	3
libero_goal	1185	Language Instructions	5
libero_goal	1186	Language Instructions	5
libero_goal	1187	Language Instructions	5
libero_goal	1188	Language Instructions	1
libero_goal	1189	Language Instructions	4
libero_goal	1190	Language Instructions	1
libero_goal	1191	Language Instructions	4
libero_goal	1192	Language Instructions	5
libero_goal	1193	Language Instructions	4
libero_goal	1194	Language Instructions	5
libero_goal	1195	Language Instructions	3
libero_goal	1196	Language Instructions	2
libero_goal	1197	Language Instructions	5
libero_goal	1198	Language Instructions	2
libero_goal	1199	Language Instructions	5
libero_goal	1200	Language Instructions	2
libero_goal	1201	Language Instructions	5
libero_goal	1202	Language Instructions	3
libero_goal	1203	Language Instructions	4
libero_goal	1204	Language Instructions	5
libero_goal	1205	Language Instructions	1
libero_goal	1206	Language Instructions	3
libero_goal	1207	Language Instructions	5
libero_goal	1208	Language Instructions	5
libero_goal	1209	Language Instructions	5
libero_goal	1210	Language Instructions	5
libero_goal	1211	Language Instructions	5
libero_goal	1212	Language Instructions	4
libero_goal	1213	Language Instructions	5
libero_goal	1214	Language Instructions	5
libero_goal	1215	Language Instructions	5
libero_goal	1216	Language Instructions	5
libero_goal	1217	Language Instructions	5
libero_goal	1218	Language Instructions	3
libero_goal	1219	Language Instructions	5
libero_goal	1220	Language Instructions	5
libero_goal	1221	Language Instructions	5
libero_goal	1222	Language Instructions	4
libero_goal	1223	Language Instructions	3
libero_goal	1224	Language Instructions	5
libero_goal	1225	Language Instructions	5
libero_goal	1226	Language Instructions	4
libero_goal	1227	Language Instructions	5
libero_goal	1228	Language Instructions	5
libero_goal	1229	Language Instructions	5
libero_goal	1230	Language Instructions	5
libero_goal	1231	Language Instructions	5
libero_goal	1232	Language Instructions	5
libero_goal	1233	Language Instructions	5
libero_goal	1234	Language Instructions	3
libero_goal	1235	Language Instructions	5
libero_goal	1236	Language Instructions	1
libero_goal	1237	Language Instructions	5
libero_goal	1238	Language Instructions	5
libero_goal	1239	Language Instructions	4
libero_goal	1240	Language Instructions	5
libero_goal	1241	Language Instructions	5
libero_goal	1242	Language Instructions	5
libero_goal	1243	Language Instructions	5
libero_goal	1244	Language Instructions	5
libero_goal	1245	Language Instructions	5
libero_goal	1246	Language Instructions	4
libero_goal	1247	Language Instructions	5
libero_goal	1248	Language Instructions	4
libero_goal	1249	Language Instructions	5
libero_goal	1250	Language Instructions	3
libero_goal	1251	Language Instructions	5
libero_goal	1252	Language Instructions	3
libero_goal	1253	Language Instructions	5
libero_goal	1254	Language Instructions	5
libero_goal	1255	Language Instructions	4
libero_goal	1256	Language Instructions	5
libero_goal	1257	Language Instructions	3
libero_goal	1258	Language Instructions	2
libero_goal	1259	Language Instructions	4
libero_goal	1260	Language Instructions	4
libero_goal	1261	Language Instructions	5
libero_goal	1262	Language Instructions	5
libero_goal	1263	Language Instructions	5
libero_goal	1264	Language Instructions	4
libero_goal	1265	Language Instructions	3
libero_goal	1266	Language Instructions	5
libero_goal	1267	Language Instructions	5
libero_goal	1268	Language Instructions	5
libero_goal	1269	Language Instructions	3
libero_goal	1270	Language Instructions	5
libero_goal	1271	Language Instructions	2
libero_goal	1272	Language Instructions	2
libero_goal	1273	Language Instructions	3
libero_goal	1274	Language Instructions	4
libero_goal	1275	Language Instructions	4
libero_goal	1276	Language Instructions	5
libero_goal	1277	Language Instructions	2
libero_goal	1278	Language Instructions	5
libero_goal	1279	Language Instructions	1
libero_goal	1280	Language Instructions	5
libero_goal	1281	Language Instructions	5
libero_goal	1282	Language Instructions	4
libero_goal	1283	Language Instructions	4
libero_goal	1284	Language Instructions	4
libero_goal	1285	Language Instructions	1
libero_goal	1286	Language Instructions	5
libero_goal	1287	Language Instructions	5
libero_goal	1288	Language Instructions	5
libero_goal	1289	Language Instructions	5
libero_goal	1290	Language Instructions	5
libero_goal	1291	Language Instructions	4
libero_goal	1292	Language Instructions	2
libero_goal	1293	Language Instructions	2
libero_goal	1294	Language Instructions	5
libero_goal	1295	Language Instructions	2
libero_goal	1296	Language Instructions	1
libero_goal	1297	Language Instructions	5
libero_goal	1298	Language Instructions	5
libero_goal	1299	Language Instructions	5
libero_goal	1300	Language Instructions	5
libero_goal	1301	Language Instructions	2
libero_goal	1302	Language Instructions	2
libero_goal	1303	Language Instructions	2
libero_goal	1304	Language Instructions	5
libero_goal	1305	Language Instructions	5
libero_goal	1306	Language Instructions	5
libero_goal	1307	Language Instructions	5
libero_goal	1308	Language Instructions	4
libero_goal	1309	Language Instructions	1
libero_goal	1310	Language Instructions	3
libero_goal	1311	Language Instructions	5
libero_goal	1312	Language Instructions	5
libero_goal	1313	Language Instructions	2
libero_goal	1314	Language Instructions	5
libero_goal	1315	Language Instructions	1
libero_goal	1316	Language Instructions	5
libero_goal	1317	Language Instructions	5
libero_goal	1318	Language Instructions	2
libero_goal	1319	Language Instructions	5
libero_goal	1320	Language Instructions	5
libero_goal	1321	Language Instructions	5
libero_goal	1322	Language Instructions	5
libero_goal	1323	Language Instructions	5
libero_goal	1324	Language Instructions	2
libero_goal	1325	Language Instructions	3
libero_goal	1326	Language Instructions	4
libero_goal	1327	Language Instructions	2
libero_goal	1328	Language Instructions	5
libero_goal	1329	Language Instructions	5
libero_goal	1330	Language Instructions	5
libero_goal	1331	Language Instructions	4
libero_goal	1332	Language Instructions	1
libero_goal	1333	Language Instructions	5
libero_goal	1334	Language Instructions	1
libero_goal	1335	Language Instructions	4
libero_goal	1336	Language Instructions	5
libero_goal	1337	Language Instructions	5
libero_goal	1338	Language Instructions	5
libero_goal	1339	Language Instructions	5
libero_goal	1340	Language Instructions	5
libero_goal	1341	Language Instructions	2
libero_goal	1342	Language Instructions	4
libero_goal	1343	Language Instructions	4
libero_goal	1344	Language Instructions	5
libero_goal	1345	Language Instructions	5
libero_goal	1346	Language Instructions	5
libero_goal	1347	Language Instructions	3
libero_goal	1348	Language Instructions	5
libero_goal	1349	Language Instructions	5
libero_goal	1350	Language Instructions	3
libero_goal	1351	Language Instructions	5
libero_goal	1352	Language Instructions	5
libero_goal	1353	Language Instructions	5
libero_goal	1354	Language Instructions	5
libero_goal	1355	Language Instructions	4
libero_goal	1356	Language Instructions	5
libero_goal	1357	Language Instructions	4
libero_goal	1358	Language Instructions	5
libero_goal	1359	Language Instructions	5
libero_goal	1360	Language Instructions	4
libero_goal	1361	Language Instructions	5
libero_goal	1362	Language Instructions	5
libero_goal	1363	Language Instructions	3
libero_goal	1364	Language Instructions	3
libero_goal	1365	Language Instructions	3
libero_goal	1366	Language Instructions	5
libero_goal	1367	Language Instructions	5
libero_goal	1368	Language Instructions	5
libero_goal	1369	Language Instructions	5
libero_goal	1370	Language Instructions	4
libero_goal	1371	Language Instructions	3
libero_goal	1372	Language Instructions	5
libero_goal	1373	Language Instructions	4
libero_goal	1374	Language Instructions	4
libero_goal	1375	Language Instructions	5
libero_goal	1376	Language Instructions	3
libero_goal	1377	Language Instructions	2
libero_goal	1378	Language Instructions	5
libero_goal	1379	Language Instructions	3
libero_goal	1380	Language Instructions	3
libero_goal	1381	Language Instructions	4
libero_goal	1382	Language Instructions	5
libero_goal	1383	Language Instructions	3
libero_goal	1384	Language Instructions	4
libero_goal	1385	Language Instructions	2
libero_goal	1386	Language Instructions	4
libero_goal	1387	Language Instructions	1
libero_goal	1388	Language Instructions	4
libero_goal	1389	Language Instructions	1
libero_goal	1390	Language Instructions	5
libero_goal	1391	Language Instructions	4
libero_goal	1392	Language Instructions	3
libero_goal	1393	Language Instructions	4
libero_goal	1394	Language Instructions	4
libero_goal	1395	Language Instructions	1
libero_goal	1396	Language Instructions	1
libero_goal	1397	Language Instructions	5
libero_goal	1398	Language Instructions	2
libero_goal	1399	Language Instructions	4
libero_goal	1400	Language Instructions	3
libero_goal	1401	Language Instructions	5
libero_goal	1402	Language Instructions	4
libero_goal	1403	Language Instructions	1
libero_goal	1404	Language Instructions	4
libero_goal	1405	Language Instructions	3
libero_goal	1406	Language Instructions	1
libero_goal	1407	Language Instructions	2
libero_goal	1408	Language Instructions	1
libero_goal	1409	Language Instructions	1
libero_goal	1410	Language Instructions	1
libero_goal	1411	Language Instructions	3
libero_goal	1412	Language Instructions	2
libero_goal	1413	Language Instructions	4
libero_goal	1414	Language Instructions	4
libero_goal	1415	Language Instructions	4
libero_goal	1416	Language Instructions	3
libero_goal	1417	Language Instructions	5
libero_goal	1418	Language Instructions	1
libero_goal	1419	Language Instructions	4
libero_goal	1420	Language Instructions	4
libero_goal	1421	Language Instructions	3
libero_goal	1422	Language Instructions	4
libero_goal	1423	Language Instructions	5
libero_goal	1424	Language Instructions	5
libero_goal	1425	Language Instructions	2
libero_goal	1426	Language Instructions	5
libero_goal	1427	Language Instructions	1
libero_goal	1428	Language Instructions	5
libero_goal	1429	Language Instructions	5
libero_goal	1430	Language Instructions	1
libero_goal	1431	Language Instructions	5
libero_goal	1432	Language Instructions	1
libero_goal	1433	Language Instructions	4
libero_goal	1434	Language Instructions	1
libero_goal	1435	Language Instructions	5
libero_goal	1436	Language Instructions	5
libero_goal	1437	Language Instructions	2
libero_goal	1438	Language Instructions	5
libero_goal	1439	Language Instructions	2
libero_goal	1440	Language Instructions	5
libero_goal	1441	Language Instructions	5
libero_goal	1442	Language Instructions	2
libero_goal	1443	Language Instructions	1
libero_goal	1444	Language Instructions	1
libero_goal	1445	Language Instructions	1
libero_goal	1446	Language Instructions	1
libero_goal	1447	Language Instructions	2
libero_goal	1448	Language Instructions	1
libero_goal	1449	Language Instructions	1
libero_goal	1450	Language Instructions	2
libero_goal	1451	Language Instructions	5
libero_goal	1452	Language Instructions	5
libero_goal	1453	Language Instructions	5
libero_goal	1454	Language Instructions	4
libero_goal	1455	Language Instructions	2
libero_goal	1456	Language Instructions	1
libero_goal	1457	Language Instructions	1
libero_goal	1458	Language Instructions	1
libero_goal	1459	Language Instructions	4
libero_goal	1460	Language Instructions	3
libero_goal	1461	Language Instructions	5
libero_goal	1462	Language Instructions	1
libero_goal	1463	Language Instructions	5
libero_goal	1464	Language Instructions	5
libero_goal	1465	Language Instructions	2
libero_goal	1466	Language Instructions	3
libero_goal	1467	Language Instructions	5
libero_goal	1468	Language Instructions	2
libero_goal	1469	Language Instructions	3
libero_goal	1470	Language Instructions	5
libero_goal	1471	Language Instructions	2
libero_goal	1472	Language Instructions	3
libero_goal	1473	Language Instructions	4
libero_goal	1474	Language Instructions	4
libero_goal	1475	Language Instructions	2
libero_goal	1476	Language Instructions	3
libero_goal	1477	Language Instructions	4
libero_goal	1478	Language Instructions	5
libero_goal	1479	Language Instructions	5
libero_goal	1480	Language Instructions	3
libero_goal	1481	Language Instructions	4
libero_goal	1482	Language Instructions	2
libero_goal	1483	Language Instructions	5
libero_goal	1484	Language Instructions	3
libero_goal	1485	Language Instructions	4
libero_goal	1486	Language Instructions	5
libero_goal	1487	Language Instructions	4
libero_goal	1488	Language Instructions	5
libero_goal	1489	Language Instructions	4
libero_goal	1490	Language Instructions	3
libero_goal	1491	Language Instructions	5
libero_goal	1492	Language Instructions	5
libero_goal	1493	Language Instructions	5
libero_goal	1494	Language Instructions	3
libero_goal	1495	Language Instructions	1
libero_goal	1496	Language Instructions	5
libero_goal	1497	Language Instructions	1
libero_goal	1498	Language Instructions	2
libero_goal	1499	Language Instructions	5
libero_goal	1500	Language Instructions	5
libero_goal	1501	Language Instructions	5
libero_goal	1502	Language Instructions	2
libero_goal	1503	Language Instructions	2
libero_goal	1504	Language Instructions	1
libero_goal	1505	Language Instructions	3
libero_goal	1506	Language Instructions	2
libero_goal	1507	Language Instructions	5
libero_goal	1508	Sensor Noise	2
libero_goal	1509	Sensor Noise	2
libero_goal	1510	Sensor Noise	2
libero_goal	1511	Sensor Noise	2
libero_goal	1512	Sensor Noise	2
libero_goal	1513	Sensor Noise	4
libero_goal	1514	Sensor Noise	4
libero_goal	1515	Sensor Noise	4
libero_goal	1516	Sensor Noise	5
libero_goal	1517	Sensor Noise	5
libero_goal	1518	Sensor Noise	2
libero_goal	1519	Sensor Noise	4
libero_goal	1520	Sensor Noise	3
libero_goal	1521	Sensor Noise	4
libero_goal	1522	Sensor Noise	4
libero_goal	1523	Sensor Noise	5
libero_goal	1524	Sensor Noise	5
libero_goal	1525	Sensor Noise	5
libero_goal	1526	Sensor Noise	5
libero_goal	1527	Sensor Noise	3
libero_goal	1528	Sensor Noise	1
libero_goal	1529	Sensor Noise	1
libero_goal	1530	Sensor Noise	1
libero_goal	1531	Sensor Noise	1
libero_goal	1532	Sensor Noise	2
libero_goal	1533	Sensor Noise	4
libero_goal	1534	Sensor Noise	1
libero_goal	1535	Sensor Noise	1
libero_goal	1536	Sensor Noise	2
libero_goal	1537	Sensor Noise	3
libero_goal	1538	Sensor Noise	4
libero_goal	1539	Sensor Noise	5
libero_goal	1540	Sensor Noise	1
libero_goal	1541	Sensor Noise	1
libero_goal	1542	Sensor Noise	3
libero_goal	1543	Sensor Noise	2
libero_goal	1544	Sensor Noise	3
libero_goal	1545	Sensor Noise	4
libero_goal	1546	Sensor Noise	4
libero_goal	1547	Sensor Noise	4
libero_goal	1548	Sensor Noise	4
libero_goal	1549	Sensor Noise	4
libero_goal	1550	Sensor Noise	1
libero_goal	1551	Sensor Noise	1
libero_goal	1552	Sensor Noise	2
libero_goal	1553	Sensor Noise	4
libero_goal	1554	Sensor Noise	4
libero_goal	1555	Sensor Noise	4
libero_goal	1556	Sensor Noise	2
libero_goal	1557	Sensor Noise	2
libero_goal	1558	Sensor Noise	3
libero_goal	1559	Sensor Noise	4
libero_goal	1560	Sensor Noise	4
libero_goal	1561	Sensor Noise	4
libero_goal	1562	Sensor Noise	4
libero_goal	1563	Sensor Noise	4
libero_goal	1564	Sensor Noise	1
libero_goal	1565	Sensor Noise	1
libero_goal	1566	Sensor Noise	1
libero_goal	1567	Sensor Noise	2
libero_goal	1568	Sensor Noise	4
libero_goal	1569	Sensor Noise	1
libero_goal	1570	Sensor Noise	1
libero_goal	1571	Sensor Noise	2
libero_goal	1572	Sensor Noise	2
libero_goal	1573	Sensor Noise	2
libero_goal	1574	Sensor Noise	2
libero_goal	1575	Sensor Noise	2
libero_goal	1576	Sensor Noise	3
libero_goal	1577	Sensor Noise	3
libero_goal	1578	Sensor Noise	3
libero_goal	1579	Sensor Noise	1
libero_goal	1580	Sensor Noise	2
libero_goal	1581	Sensor Noise	2
libero_goal	1582	Sensor Noise	2
libero_goal	1583	Sensor Noise	3
libero_goal	1584	Sensor Noise	3
libero_goal	1585	Sensor Noise	4
libero_goal	1586	Sensor Noise	4
libero_goal	1587	Sensor Noise	5
libero_goal	1588	Sensor Noise	1
libero_goal	1589	Sensor Noise	2
libero_goal	1590	Sensor Noise	2
libero_goal	1591	Sensor Noise	2
libero_goal	1592	Sensor Noise	3
libero_goal	1593	Sensor Noise	3
libero_goal	1594	Sensor Noise	4
libero_goal	1595	Sensor Noise	4
libero_goal	1596	Sensor Noise	2
libero_goal	1597	Sensor Noise	1
libero_goal	1598	Sensor Noise	1
libero_goal	1599	Sensor Noise	2
libero_goal	1600	Sensor Noise	5
libero_goal	1601	Sensor Noise	5
libero_goal	1602	Sensor Noise	1
libero_goal	1603	Sensor Noise	1
libero_goal	1604	Sensor Noise	1
libero_goal	1605	Sensor Noise	2
libero_goal	1606	Sensor Noise	4
libero_goal	1607	Sensor Noise	5
libero_goal	1608	Sensor Noise	1
libero_goal	1609	Sensor Noise	2
libero_goal	1610	Sensor Noise	2
libero_goal	1611	Sensor Noise	2
libero_goal	1612	Sensor Noise	2
libero_goal	1613	Sensor Noise	2
libero_goal	1614	Sensor Noise	2
libero_goal	1615	Sensor Noise	2
libero_goal	1616	Sensor Noise	2
libero_goal	1617	Sensor Noise	1
libero_goal	1618	Sensor Noise	2
libero_goal	1619	Sensor Noise	2
libero_goal	1620	Sensor Noise	3
libero_goal	1621	Sensor Noise	4
libero_goal	1622	Sensor Noise	5
libero_goal	1623	Sensor Noise	5
libero_goal	1624	Sensor Noise	5
libero_goal	1625	Sensor Noise	2
libero_goal	1626	Sensor Noise	2
libero_goal	1627	Sensor Noise	4
libero_goal	1628	Sensor Noise	5
libero_goal	1629	Sensor Noise	5
libero_goal	1630	Sensor Noise	5
libero_goal	1631	Sensor Noise	5
libero_goal	1632	Sensor Noise	5
libero_goal	1633	Sensor Noise	2
libero_goal	1634	Sensor Noise	2
libero_goal	1635	Sensor Noise	3
libero_goal	1636	Sensor Noise	2
libero_goal	1637	Sensor Noise	3
libero_goal	1638	Sensor Noise	5
libero_goal	1639	Sensor Noise	5
libero_goal	1640	Sensor Noise	3
libero_goal	1641	Sensor Noise	2
libero_goal	1642	Sensor Noise	3
libero_goal	1643	Sensor Noise	3
libero_goal	1644	Sensor Noise	2
libero_goal	1645	Sensor Noise	4
libero_goal	1646	Sensor Noise	4
libero_goal	1647	Sensor Noise	5
libero_goal	1648	Sensor Noise	2
libero_goal	1649	Sensor Noise	3
libero_goal	1650	Sensor Noise	2
libero_goal	1651	Sensor Noise	2
libero_goal	1652	Sensor Noise	4
libero_goal	1653	Sensor Noise	3
libero_goal	1654	Sensor Noise	5
libero_goal	1655	Sensor Noise	5
libero_goal	1656	Sensor Noise	5
libero_goal	1657	Sensor Noise	5
libero_goal	1658	Sensor Noise	2
libero_goal	1659	Sensor Noise	4
libero_goal	1660	Sensor Noise	5
libero_goal	1661	Sensor Noise	5
libero_goal	1662	Sensor Noise	5
libero_goal	1663	Sensor Noise	4
libero_goal	1664	Sensor Noise	4
libero_goal	1665	Sensor Noise	5
libero_goal	1666	Sensor Noise	5
libero_goal	1667	Sensor Noise	4
libero_goal	1668	Sensor Noise	3
libero_goal	1669	Sensor Noise	4
libero_goal	1670	Sensor Noise	4
libero_goal	1671	Sensor Noise	4
libero_goal	1672	Sensor Noise	5
libero_goal	1673	Sensor Noise	5
libero_goal	1674	Sensor Noise	4
libero_goal	1675	Sensor Noise	5
libero_goal	1676	Sensor Noise	5
libero_goal	1677	Sensor Noise	2
libero_goal	1678	Sensor Noise	4
libero_goal	1679	Sensor Noise	2
libero_goal	1680	Sensor Noise	4
libero_goal	1681	Sensor Noise	4
libero_goal	1682	Sensor Noise	5
libero_goal	1683	Sensor Noise	4
libero_goal	1684	Sensor Noise	5
libero_goal	1685	Sensor Noise	5
libero_goal	1686	Sensor Noise	2
libero_goal	1687	Sensor Noise	4
libero_goal	1688	Sensor Noise	3
libero_goal	1689	Sensor Noise	4
libero_goal	1690	Sensor Noise	3
libero_goal	1691	Sensor Noise	4
libero_goal	1692	Sensor Noise	5
libero_goal	1693	Sensor Noise	5
libero_goal	1694	Sensor Noise	5
libero_goal	1695	Sensor Noise	4
libero_goal	1696	Sensor Noise	3
libero_goal	1697	Sensor Noise	4
libero_goal	1698	Sensor Noise	4
libero_goal	1699	Sensor Noise	4
libero_goal	1700	Sensor Noise	4
libero_goal	1701	Sensor Noise	4
libero_goal	1702	Sensor Noise	4
libero_goal	1703	Sensor Noise	5
libero_goal	1704	Sensor Noise	1
libero_goal	1705	Sensor Noise	2
libero_goal	1706	Sensor Noise	2
libero_goal	1707	Sensor Noise	2
libero_goal	1708	Sensor Noise	4
libero_goal	1709	Sensor Noise	5
libero_goal	1710	Sensor Noise	5
libero_goal	1711	Sensor Noise	1
libero_goal	1712	Sensor Noise	2
libero_goal	1713	Sensor Noise	3
libero_goal	1714	Sensor Noise	5
libero_goal	1715	Sensor Noise	4
libero_goal	1716	Sensor Noise	4
libero_goal	1717	Sensor Noise	4
libero_goal	1718	Sensor Noise	1
libero_goal	1719	Sensor Noise	1
libero_goal	1720	Sensor Noise	2
libero_goal	1721	Sensor Noise	1
libero_goal	1722	Sensor Noise	4
libero_goal	1723	Sensor Noise	4
libero_goal	1724	Sensor Noise	1
libero_goal	1725	Sensor Noise	2
libero_goal	1726	Sensor Noise	4
libero_goal	1727	Sensor Noise	4
libero_goal	1728	Sensor Noise	4
libero_goal	1729	Sensor Noise	3
libero_goal	1730	Sensor Noise	1
libero_goal	1731	Sensor Noise	2
libero_goal	1732	Sensor Noise	4
libero_goal	1733	Sensor Noise	4
libero_goal	1734	Sensor Noise	3
libero_goal	1735	Sensor Noise	3
libero_goal	1736	Sensor Noise	5
libero_goal	1737	Sensor Noise	2
libero_goal	1738	Sensor Noise	2
libero_goal	1739	Sensor Noise	2
libero_goal	1740	Sensor Noise	2
libero_goal	1741	Sensor Noise	4
libero_goal	1742	Sensor Noise	4
libero_goal	1743	Sensor Noise	4
libero_goal	1744	Sensor Noise	4
libero_goal	1745	Sensor Noise	4
libero_goal	1746	Sensor Noise	2
libero_goal	1747	Sensor Noise	2
libero_goal	1748	Sensor Noise	4
libero_goal	1749	Sensor Noise	4
libero_goal	1750	Sensor Noise	4
libero_goal	1751	Sensor Noise	4
libero_goal	1752	Sensor Noise	5
libero_goal	1753	Sensor Noise	4
libero_goal	1754	Sensor Noise	2
libero_goal	1755	Sensor Noise	2
libero_goal	1756	Sensor Noise	1
libero_goal	1757	Sensor Noise	2
libero_goal	1758	Sensor Noise	2
libero_goal	1759	Sensor Noise	1
libero_goal	1760	Sensor Noise	3
libero_goal	1761	Sensor Noise	3
libero_goal	1762	Sensor Noise	4
libero_goal	1763	Sensor Noise	5
libero_goal	1764	Sensor Noise	2
libero_goal	1765	Sensor Noise	2
libero_goal	1766	Sensor Noise	2
libero_goal	1767	Sensor Noise	3
libero_goal	1768	Sensor Noise	1
libero_goal	1769	Sensor Noise	1
libero_goal	1770	Sensor Noise	2
libero_goal	1771	Sensor Noise	1
libero_goal	1772	Sensor Noise	3
libero_goal	1773	Sensor Noise	4
libero_goal	1774	Sensor Noise	2
libero_goal	1775	Sensor Noise	2
libero_goal	1776	Sensor Noise	4
libero_goal	1777	Sensor Noise	2
libero_goal	1778	Sensor Noise	4
libero_goal	1779	Sensor Noise	3
libero_goal	1780	Sensor Noise	3
libero_goal	1781	Sensor Noise	4
libero_goal	1782	Sensor Noise	4
libero_goal	1783	Sensor Noise	4
libero_goal	1784	Sensor Noise	1
libero_goal	1785	Sensor Noise	2
libero_goal	1786	Sensor Noise	1
libero_goal	1787	Sensor Noise	2
libero_goal	1788	Sensor Noise	3
libero_goal	1789	Sensor Noise	4
libero_goal	1790	Sensor Noise	1
libero_goal	1791	Sensor Noise	2
libero_goal	1792	Sensor Noise	3
libero_goal	1793	Sensor Noise	3
libero_goal	1794	Sensor Noise	3
libero_goal	1795	Sensor Noise	3
libero_goal	1796	Sensor Noise	3
libero_goal	1797	Sensor Noise	1
libero_goal	1798	Sensor Noise	1
libero_goal	1799	Sensor Noise	2
libero_goal	1800	Sensor Noise	4
libero_goal	1801	Sensor Noise	1
libero_goal	1802	Sensor Noise	2
libero_goal	1803	Sensor Noise	3
libero_goal	1804	Sensor Noise	4
libero_goal	1805	Sensor Noise	1
libero_goal	1806	Sensor Noise	1
libero_goal	1807	Sensor Noise	2
libero_goal	1808	Sensor Noise	2
libero_goal	1809	Sensor Noise	1
libero_goal	1810	Sensor Noise	2
libero_goal	1811	Sensor Noise	2
libero_goal	1812	Sensor Noise	2
libero_goal	1813	Sensor Noise	2
libero_goal	1814	Sensor Noise	2
libero_goal	1815	Sensor Noise	2
libero_goal	1816	Sensor Noise	2
libero_goal	1817	Sensor Noise	4
libero_goal	1818	Sensor Noise	3
libero_goal	1819	Sensor Noise	2
libero_goal	1820	Sensor Noise	2
libero_goal	1821	Sensor Noise	2
libero_goal	1822	Sensor Noise	2
libero_goal	1823	Sensor Noise	3
libero_goal	1824	Sensor Noise	3
libero_goal	1825	Sensor Noise	3
libero_goal	1826	Sensor Noise	3
libero_goal	1827	Sensor Noise	1
libero_goal	1828	Sensor Noise	1
libero_goal	1829	Sensor Noise	2
libero_goal	1830	Sensor Noise	3
libero_goal	1831	Sensor Noise	4
libero_goal	1832	Sensor Noise	1
libero_goal	1833	Sensor Noise	2
libero_goal	1834	Sensor Noise	4
libero_goal	1835	Sensor Noise	1
libero_goal	1836	Sensor Noise	1
libero_goal	1837	Sensor Noise	2
libero_goal	1838	Sensor Noise	1
libero_goal	1839	Sensor Noise	3
libero_goal	1840	Sensor Noise	2
libero_goal	1841	Sensor Noise	2
libero_goal	1842	Sensor Noise	2
libero_goal	1843	Sensor Noise	2
libero_goal	1844	Sensor Noise	2
libero_goal	1845	Sensor Noise	1
libero_goal	1846	Sensor Noise	2
libero_goal	1847	Sensor Noise	1
libero_goal	1848	Sensor Noise	2
libero_goal	1849	Sensor Noise	3
libero_goal	1850	Sensor Noise	4
libero_goal	1851	Sensor Noise	4
libero_goal	1852	Sensor Noise	5
libero_goal	1853	Sensor Noise	5
libero_goal	1854	Sensor Noise	5
libero_goal	1855	Sensor Noise	2
libero_goal	1856	Sensor Noise	2
libero_goal	1857	Sensor Noise	4
libero_goal	1858	Sensor Noise	4
libero_goal	1859	Sensor Noise	4
libero_goal	1860	Sensor Noise	5
libero_goal	1861	Sensor Noise	5
libero_goal	1862	Sensor Noise	5
libero_goal	1863	Sensor Noise	5
libero_goal	1864	Sensor Noise	2
libero_goal	1865	Sensor Noise	1
libero_goal	1866	Sensor Noise	1
libero_goal	1867	Sensor Noise	1
libero_goal	1868	Sensor Noise	3
libero_goal	1869	Sensor Noise	5
libero_goal	1870	Sensor Noise	5
libero_goal	1871	Sensor Noise	5
libero_goal	1872	Sensor Noise	1
libero_goal	1873	Sensor Noise	2
libero_goal	1874	Sensor Noise	2
libero_goal	1875	Sensor Noise	1
libero_goal	1876	Sensor Noise	1
libero_goal	1877	Sensor Noise	2
libero_goal	1878	Sensor Noise	2
libero_goal	1879	Sensor Noise	3
libero_goal	1880	Sensor Noise	3
libero_goal	1881	Sensor Noise	4
libero_goal	1882	Sensor Noise	4
libero_goal	1883	Sensor Noise	4
libero_goal	1884	Sensor Noise	4
libero_goal	1885	Sensor Noise	5
libero_goal	1886	Sensor Noise	4
libero_goal	1887	Objects Layout	1
libero_goal	1888	Objects Layout	1
libero_goal	1889	Objects Layout	1
libero_goal	1890	Objects Layout	2
libero_goal	1891	Objects Layout	1
libero_goal	1892	Objects Layout	3
libero_goal	1893	Objects Layout	1
libero_goal	1894	Objects Layout	1
libero_goal	1895	Objects Layout	3
libero_goal	1896	Objects Layout	2
libero_goal	1897	Objects Layout	1
libero_goal	1898	Objects Layout	2
libero_goal	1899	Objects Layout	2
libero_goal	1900	Objects Layout	1
libero_goal	1901	Objects Layout	2
libero_goal	1902	Objects Layout	3
libero_goal	1903	Objects Layout	2
libero_goal	1904	Objects Layout	1
libero_goal	1905	Objects Layout	2
libero_goal	1906	Objects Layout	1
libero_goal	1907	Objects Layout	2
libero_goal	1908	Objects Layout	1
libero_goal	1909	Objects Layout	1
libero_goal	1910	Objects Layout	1
libero_goal	1911	Objects Layout	1
libero_goal	1912	Objects Layout	1
libero_goal	1913	Objects Layout	3
libero_goal	1914	Objects Layout	2
libero_goal	1915	Objects Layout	2
libero_goal	1916	Objects Layout	5
libero_goal	1917	Objects Layout	4
libero_goal	1918	Objects Layout	4
libero_goal	1919	Objects Layout	4
libero_goal	1920	Objects Layout	5
libero_goal	1921	Objects Layout	5
libero_goal	1922	Objects Layout	4
libero_goal	1923	Objects Layout	4
libero_goal	1924	Objects Layout	3
libero_goal	1925	Objects Layout	5
libero_goal	1926	Objects Layout	5
libero_goal	1927	Objects Layout	5
libero_goal	1928	Objects Layout	4
libero_goal	1929	Objects Layout	5
libero_goal	1930	Objects Layout	5
libero_goal	1931	Objects Layout	2
libero_goal	1932	Objects Layout	2
libero_goal	1933	Objects Layout	3
libero_goal	1934	Objects Layout	1
libero_goal	1935	Objects Layout	3
libero_goal	1936	Objects Layout	1
libero_goal	1937	Objects Layout	2
libero_goal	1938	Objects Layout	2
libero_goal	1939	Objects Layout	2
libero_goal	1940	Objects Layout	3
libero_goal	1941	Objects Layout	3
libero_goal	1942	Objects Layout	2
libero_goal	1943	Objects Layout	2
libero_goal	1944	Objects Layout	2
libero_goal	1945	Objects Layout	3
libero_goal	1946	Objects Layout	2
libero_goal	1947	Objects Layout	1
libero_goal	1948	Objects Layout	3
libero_goal	1949	Objects Layout	1
libero_goal	1950	Objects Layout	2
libero_goal	1951	Objects Layout	1
libero_goal	1952	Objects Layout	2
libero_goal	1953	Objects Layout	3
libero_goal	1954	Objects Layout	3
libero_goal	1955	Objects Layout	1
libero_goal	1956	Objects Layout	3
libero_goal	1957	Objects Layout	2
libero_goal	1958	Objects Layout	3
libero_goal	1959	Objects Layout	2
libero_goal	1960	Objects Layout	1
libero_goal	1961	Objects Layout	2
libero_goal	1962	Objects Layout	4
libero_goal	1963	Objects Layout	3
libero_goal	1964	Objects Layout	5
libero_goal	1965	Objects Layout	5
libero_goal	1966	Objects Layout	5
libero_goal	1967	Objects Layout	5
libero_goal	1968	Objects Layout	5
libero_goal	1969	Objects Layout	4
libero_goal	1970	Objects Layout	5
libero_goal	1971	Objects Layout	5
libero_goal	1972	Objects Layout	5
libero_goal	1973	Objects Layout	5
libero_goal	1974	Objects Layout	5
libero_goal	1975	Objects Layout	5
libero_goal	1976	Objects Layout	2
libero_goal	1977	Objects Layout	1
libero_goal	1978	Objects Layout	1
libero_goal	1979	Objects Layout	1
libero_goal	1980	Objects Layout	1
libero_goal	1981	Objects Layout	2
libero_goal	1982	Objects Layout	2
libero_goal	1983	Objects Layout	2
libero_goal	1984	Objects Layout	3
libero_goal	1985	Objects Layout	3
libero_goal	1986	Objects Layout	1
libero_goal	1987	Objects Layout	1
libero_goal	1988	Objects Layout	2
libero_goal	1989	Objects Layout	2
libero_goal	1990	Objects Layout	1
libero_goal	1991	Objects Layout	3
libero_goal	1992	Objects Layout	1
libero_goal	1993	Objects Layout	2
libero_goal	1994	Objects Layout	2
libero_goal	1995	Objects Layout	2
libero_goal	1996	Objects Layout	2
libero_goal	1997	Objects Layout	1
libero_goal	1998	Objects Layout	1
libero_goal	1999	Objects Layout	1
libero_goal	2000	Objects Layout	1
libero_goal	2001	Objects Layout	1
libero_goal	2002	Objects Layout	1
libero_goal	2003	Objects Layout	1
libero_goal	2004	Objects Layout	1
libero_goal	2005	Objects Layout	1
libero_goal	2006	Objects Layout	5
libero_goal	2007	Objects Layout	3
libero_goal	2008	Objects Layout	3
libero_goal	2009	Objects Layout	4
libero_goal	2010	Objects Layout	4
libero_goal	2011	Objects Layout	4
libero_goal	2012	Objects Layout	4
libero_goal	2013	Objects Layout	4
libero_goal	2014	Objects Layout	4
libero_goal	2015	Objects Layout	5
libero_goal	2016	Objects Layout	5
libero_goal	2017	Objects Layout	5
libero_goal	2018	Objects Layout	5
libero_goal	2019	Objects Layout	5
libero_goal	2020	Objects Layout	5
libero_goal	2021	Objects Layout	5
libero_goal	2022	Objects Layout	1
libero_goal	2023	Objects Layout	3
libero_goal	2024	Objects Layout	1
libero_goal	2025	Objects Layout	3
libero_goal	2026	Objects Layout	2
libero_goal	2027	Objects Layout	2
libero_goal	2028	Objects Layout	2
libero_goal	2029	Objects Layout	3
libero_goal	2030	Objects Layout	1
libero_goal	2031	Objects Layout	2
libero_goal	2032	Objects Layout	1
libero_goal	2033	Objects Layout	2
libero_goal	2034	Objects Layout	2
libero_goal	2035	Objects Layout	1
libero_goal	2036	Objects Layout	2
libero_goal	2037	Objects Layout	2
libero_goal	2038	Objects Layout	1
libero_goal	2039	Objects Layout	3
libero_goal	2040	Objects Layout	2
libero_goal	2041	Objects Layout	3
libero_goal	2042	Objects Layout	1
libero_goal	2043	Objects Layout	1
libero_goal	2044	Objects Layout	1
libero_goal	2045	Objects Layout	1
libero_goal	2046	Objects Layout	2
libero_goal	2047	Objects Layout	2
libero_goal	2048	Objects Layout	2
libero_goal	2049	Objects Layout	2
libero_goal	2050	Objects Layout	2
libero_goal	2051	Objects Layout	4
libero_goal	2052	Objects Layout	4
libero_goal	2053	Objects Layout	4
libero_goal	2054	Objects Layout	3
libero_goal	2055	Objects Layout	5
libero_goal	2056	Objects Layout	5
libero_goal	2057	Objects Layout	4
libero_goal	2058	Objects Layout	5
libero_goal	2059	Objects Layout	4
libero_goal	2060	Objects Layout	4
libero_goal	2061	Objects Layout	5
libero_goal	2062	Objects Layout	5
libero_goal	2063	Objects Layout	5
libero_goal	2064	Objects Layout	5
libero_goal	2065	Objects Layout	5
libero_goal	2066	Objects Layout	1
libero_goal	2067	Objects Layout	2
libero_goal	2068	Objects Layout	1
libero_goal	2069	Objects Layout	2
libero_goal	2070	Objects Layout	1
libero_goal	2071	Objects Layout	2
libero_goal	2072	Objects Layout	2
libero_goal	2073	Objects Layout	2
libero_goal	2074	Objects Layout	1
libero_goal	2075	Objects Layout	2
libero_goal	2076	Objects Layout	3
libero_goal	2077	Objects Layout	2
libero_goal	2078	Objects Layout	3
libero_goal	2079	Objects Layout	3
libero_goal	2080	Objects Layout	4
libero_goal	2081	Objects Layout	4
libero_goal	2082	Objects Layout	3
libero_goal	2083	Objects Layout	4
libero_goal	2084	Objects Layout	4
libero_goal	2085	Objects Layout	5
libero_goal	2086	Objects Layout	5
libero_goal	2087	Objects Layout	4
libero_goal	2088	Objects Layout	5
libero_goal	2089	Objects Layout	4
libero_goal	2090	Objects Layout	5
libero_goal	2091	Objects Layout	5
libero_goal	2092	Objects Layout	5
libero_goal	2093	Objects Layout	4
libero_goal	2094	Objects Layout	1
libero_goal	2095	Objects Layout	1
libero_goal	2096	Objects Layout	3
libero_goal	2097	Objects Layout	4
libero_goal	2098	Objects Layout	3
libero_goal	2099	Objects Layout	3
libero_goal	2100	Objects Layout	3
libero_goal	2101	Objects Layout	1
libero_goal	2102	Objects Layout	2
libero_goal	2103	Objects Layout	3
libero_goal	2104	Objects Layout	2
libero_goal	2105	Objects Layout	1
libero_goal	2106	Objects Layout	2
libero_goal	2107	Objects Layout	2
libero_goal	2108	Objects Layout	2
libero_goal	2109	Objects Layout	2
libero_goal	2110	Objects Layout	3
libero_goal	2111	Objects Layout	1
libero_goal	2112	Objects Layout	1
libero_goal	2113	Objects Layout	3
libero_goal	2114	Objects Layout	4
libero_goal	2115	Objects Layout	4
libero_goal	2116	Objects Layout	3
libero_goal	2117	Objects Layout	4
libero_goal	2118	Objects Layout	4
libero_goal	2119	Objects Layout	5
libero_goal	2120	Objects Layout	3
libero_goal	2121	Objects Layout	5
libero_goal	2122	Objects Layout	4
libero_goal	2123	Objects Layout	5
libero_goal	2124	Objects Layout	5
libero_goal	2125	Objects Layout	5
libero_goal	2126	Objects Layout	5
libero_goal	2127	Objects Layout	5
libero_goal	2128	Objects Layout	3
libero_goal	2129	Objects Layout	2
libero_goal	2130	Objects Layout	3
libero_goal	2131	Objects Layout	2
libero_goal	2132	Objects Layout	2
libero_goal	2133	Objects Layout	2
libero_goal	2134	Objects Layout	2
libero_goal	2135	Objects Layout	2
libero_goal	2136	Objects Layout	2
libero_goal	2137	Objects Layout	3
libero_goal	2138	Objects Layout	2
libero_goal	2139	Objects Layout	2
libero_goal	2140	Objects Layout	2
libero_goal	2141	Objects Layout	3
libero_goal	2142	Objects Layout	2
libero_goal	2143	Objects Layout	2
libero_goal	2144	Objects Layout	3
libero_goal	2145	Objects Layout	3
libero_goal	2146	Objects Layout	2
libero_goal	2147	Objects Layout	2
libero_goal	2148	Objects Layout	2
libero_goal	2149	Objects Layout	2
libero_goal	2150	Objects Layout	2
libero_goal	2151	Objects Layout	2
libero_goal	2152	Objects Layout	2
libero_goal	2153	Objects Layout	1
libero_goal	2154	Objects Layout	4
libero_goal	2155	Objects Layout	2
libero_goal	2156	Objects Layout	3
libero_goal	2157	Objects Layout	3
libero_goal	2158	Objects Layout	4
libero_goal	2159	Objects Layout	4
libero_goal	2160	Objects Layout	5
libero_goal	2161	Objects Layout	5
libero_goal	2162	Objects Layout	5
libero_goal	2163	Objects Layout	5
libero_goal	2164	Objects Layout	5
libero_goal	2165	Objects Layout	5
libero_goal	2166	Objects Layout	5
libero_goal	2167	Objects Layout	5
libero_goal	2168	Objects Layout	5
libero_goal	2169	Objects Layout	5
libero_goal	2170	Objects Layout	5
libero_goal	2171	Objects Layout	1
libero_goal	2172	Objects Layout	1
libero_goal	2173	Objects Layout	1
libero_goal	2174	Objects Layout	1
libero_goal	2175	Objects Layout	1
libero_goal	2176	Objects Layout	1
libero_goal	2177	Objects Layout	1
libero_goal	2178	Objects Layout	1
libero_goal	2179	Objects Layout	2
libero_goal	2180	Objects Layout	1
libero_goal	2181	Objects Layout	2
libero_goal	2182	Objects Layout	1
libero_goal	2183	Objects Layout	1
libero_goal	2184	Objects Layout	1
libero_goal	2185	Objects Layout	1
libero_goal	2186	Objects Layout	2
libero_goal	2187	Objects Layout	1
libero_goal	2188	Objects Layout	1
libero_goal	2189	Objects Layout	2
libero_goal	2190	Objects Layout	1
libero_goal	2191	Objects Layout	2
libero_goal	2192	Objects Layout	1
libero_goal	2193	Objects Layout	1
libero_goal	2194	Objects Layout	1
libero_goal	2195	Objects Layout	1
libero_goal	2196	Objects Layout	1
libero_goal	2197	Objects Layout	1
libero_goal	2198	Objects Layout	1
libero_goal	2199	Objects Layout	1
libero_goal	2200	Objects Layout	1
libero_goal	2201	Objects Layout	1
libero_goal	2202	Objects Layout	2
libero_goal	2203	Objects Layout	4
libero_goal	2204	Objects Layout	4
libero_goal	2205	Objects Layout	4
libero_goal	2206	Objects Layout	4
libero_goal	2207	Objects Layout	4
libero_goal	2208	Objects Layout	5
libero_goal	2209	Objects Layout	3
libero_goal	2210	Objects Layout	4
libero_goal	2211	Objects Layout	5
libero_goal	2212	Objects Layout	4
libero_goal	2213	Objects Layout	5
libero_goal	2214	Objects Layout	5
libero_goal	2215	Objects Layout	5
libero_goal	2216	Objects Layout	5
libero_goal	2217	Objects Layout	5
libero_goal	2218	Objects Layout	5
libero_goal	2219	Objects Layout	4
libero_goal	2220	Objects Layout	1
libero_goal	2221	Objects Layout	3
libero_goal	2222	Objects Layout	2
libero_goal	2223	Objects Layout	1
libero_goal	2224	Objects Layout	2
libero_goal	2225	Objects Layout	1
libero_goal	2226	Objects Layout	1
libero_goal	2227	Objects Layout	2
libero_goal	2228	Objects Layout	2
libero_goal	2229	Objects Layout	1
libero_goal	2230	Objects Layout	2
libero_goal	2231	Objects Layout	1
libero_goal	2232	Objects Layout	1
libero_goal	2233	Objects Layout	2
libero_goal	2234	Objects Layout	2
libero_goal	2235	Objects Layout	1
libero_goal	2236	Objects Layout	1
libero_goal	2237	Objects Layout	1
libero_goal	2238	Objects Layout	3
libero_goal	2239	Objects Layout	1
libero_goal	2240	Objects Layout	1
libero_goal	2241	Objects Layout	1
libero_goal	2242	Objects Layout	2
libero_goal	2243	Objects Layout	2
libero_goal	2244	Objects Layout	1
libero_goal	2245	Objects Layout	3
libero_goal	2246	Objects Layout	3
libero_goal	2247	Objects Layout	3
libero_goal	2248	Objects Layout	2
libero_goal	2249	Objects Layout	5
libero_goal	2250	Objects Layout	5
libero_goal	2251	Objects Layout	1
libero_goal	2252	Objects Layout	4
libero_goal	2253	Objects Layout	5
libero_goal	2254	Objects Layout	4
libero_goal	2255	Objects Layout	5
libero_goal	2256	Objects Layout	5
libero_goal	2257	Objects Layout	5
libero_goal	2258	Objects Layout	5
libero_goal	2259	Objects Layout	5
libero_goal	2260	Objects Layout	5
libero_goal	2261	Objects Layout	5
libero_goal	2262	Objects Layout	5
libero_goal	2263	Objects Layout	5
libero_goal	2264	Objects Layout	1
libero_goal	2265	Objects Layout	2
libero_goal	2266	Objects Layout	2
libero_goal	2267	Objects Layout	1
libero_goal	2268	Objects Layout	1
libero_goal	2269	Objects Layout	1
libero_goal	2270	Objects Layout	2
libero_goal	2271	Objects Layout	2
libero_goal	2272	Objects Layout	1
libero_goal	2273	Objects Layout	2
libero_goal	2274	Objects Layout	2
libero_goal	2275	Objects Layout	2
libero_goal	2276	Objects Layout	3
libero_goal	2277	Objects Layout	1
libero_goal	2278	Objects Layout	2
libero_goal	2279	Objects Layout	2
libero_goal	2280	Objects Layout	2
libero_goal	2281	Objects Layout	2
libero_goal	2282	Objects Layout	1
libero_goal	2283	Objects Layout	2
libero_goal	2284	Objects Layout	1
libero_goal	2285	Objects Layout	3
libero_goal	2286	Objects Layout	1
libero_goal	2287	Objects Layout	1
libero_goal	2288	Objects Layout	1
libero_goal	2289	Objects Layout	1
libero_goal	2290	Objects Layout	1
libero_goal	2291	Objects Layout	2
libero_goal	2292	Objects Layout	1
libero_goal	2293	Objects Layout	1
libero_goal	2294	Objects Layout	3
libero_goal	2295	Objects Layout	3
libero_goal	2296	Objects Layout	3
libero_goal	2297	Objects Layout	3
libero_goal	2298	Objects Layout	5
libero_goal	2299	Objects Layout	5
libero_goal	2300	Objects Layout	4
libero_goal	2301	Objects Layout	5
libero_goal	2302	Objects Layout	4
libero_goal	2303	Objects Layout	5
libero_goal	2304	Objects Layout	4
libero_goal	2305	Objects Layout	4
libero_goal	2306	Objects Layout	5
libero_goal	2307	Objects Layout	5
libero_goal	2308	Objects Layout	5
libero_goal	2309	Objects Layout	5
libero_goal	2310	Objects Layout	4
libero_goal	2311	Objects Layout	5
libero_goal	2312	Light Conditions	2
libero_goal	2313	Light Conditions	1
libero_goal	2314	Light Conditions	-1
libero_goal	2315	Light Conditions	-1
libero_goal	2316	Light Conditions	-1
libero_goal	2317	Light Conditions	-1
libero_goal	2318	Light Conditions	-1
libero_goal	2319	Light Conditions	1
libero_goal	2320	Light Conditions	1
libero_goal	2321	Light Conditions	-1
libero_goal	2322	Light Conditions	2
libero_goal	2323	Light Conditions	1
libero_goal	2324	Light Conditions	-1
libero_goal	2325	Light Conditions	-1
libero_goal	2326	Light Conditions	-1
libero_goal	2327	Light Conditions	-1
libero_goal	2328	Light Conditions	-1
libero_goal	2329	Light Conditions	-1
libero_goal	2330	Light Conditions	-1
libero_goal	2331	Light Conditions	-1
libero_goal	2332	Light Conditions	2
libero_goal	2333	Light Conditions	3
libero_goal	2334	Light Conditions	-1
libero_goal	2335	Light Conditions	2
libero_goal	2336	Light Conditions	4
libero_goal	2337	Light Conditions	1
libero_goal	2338	Light Conditions	3
libero_goal	2339	Light Conditions	2
libero_goal	2340	Light Conditions	-1
libero_goal	2341	Light Conditions	1
libero_goal	2342	Light Conditions	-1
libero_goal	2343	Light Conditions	2
libero_goal	2344	Light Conditions	2
libero_goal	2345	Light Conditions	2
libero_goal	2346	Light Conditions	2
libero_goal	2347	Light Conditions	2
libero_goal	2348	Light Conditions	1
libero_goal	2349	Light Conditions	-1
libero_goal	2350	Light Conditions	3
libero_goal	2351	Light Conditions	-1
libero_goal	2352	Light Conditions	2
libero_goal	2353	Light Conditions	1
libero_goal	2354	Light Conditions	-1
libero_goal	2355	Light Conditions	-1
libero_goal	2356	Light Conditions	-1
libero_goal	2357	Light Conditions	-1
libero_goal	2358	Light Conditions	-1
libero_goal	2359	Light Conditions	-1
libero_goal	2360	Light Conditions	-1
libero_goal	2361	Light Conditions	2
libero_goal	2362	Light Conditions	1
libero_goal	2363	Light Conditions	3
libero_goal	2364	Light Conditions	-1
libero_goal	2365	Light Conditions	2
libero_goal	2366	Light Conditions	-1
libero_goal	2367	Light Conditions	-1
libero_goal	2368	Light Conditions	2
libero_goal	2369	Light Conditions	3
libero_goal	2370	Light Conditions	-1
libero_goal	2371	Light Conditions	-1
libero_goal	2372	Light Conditions	-1
libero_goal	2373	Light Conditions	-1
libero_goal	2374	Light Conditions	4
libero_goal	2375	Light Conditions	3
libero_goal	2376	Light Conditions	-1
libero_goal	2377	Light Conditions	5
libero_goal	2378	Light Conditions	5
libero_goal	2379	Light Conditions	5
libero_goal	2380	Light Conditions	4
libero_goal	2381	Light Conditions	5
libero_goal	2382	Light Conditions	5
libero_goal	2383	Light Conditions	4
libero_goal	2384	Light Conditions	4
libero_goal	2385	Light Conditions	5
libero_goal	2386	Light Conditions	1
libero_goal	2387	Light Conditions	-1
libero_goal	2388	Light Conditions	4
libero_goal	2389	Light Conditions	5
libero_goal	2390	Light Conditions	4
libero_goal	2391	Light Conditions	3
libero_goal	2392	Light Conditions	3
libero_goal	2393	Light Conditions	5
libero_goal	2394	Light Conditions	4
libero_goal	2395	Light Conditions	3
libero_goal	2396	Light Conditions	4
libero_goal	2397	Light Conditions	3
libero_goal	2398	Light Conditions	-1
libero_goal	2399	Light Conditions	4
libero_goal	2400	Light Conditions	-1
libero_goal	2401	Light Conditions	-1
libero_goal	2402	Light Conditions	-1
libero_goal	2403	Light Conditions	-1
libero_goal	2404	Light Conditions	1
libero_goal	2405	Light Conditions	1
libero_goal	2406	Light Conditions	1
libero_goal	2407	Light Conditions	1
libero_goal	2408	Light Conditions	1
libero_goal	2409	Light Conditions	1
libero_goal	2410	Light Conditions	-1
libero_goal	2411	Light Conditions	-1
libero_goal	2412	Light Conditions	-1
libero_goal	2413	Light Conditions	1
libero_goal	2414	Light Conditions	1
libero_goal	2415	Light Conditions	-1
libero_goal	2416	Light Conditions	1
libero_goal	2417	Light Conditions	2
libero_goal	2418	Light Conditions	-1
libero_goal	2419	Light Conditions	3
libero_goal	2420	Light Conditions	3
libero_goal	2421	Light Conditions	2
libero_goal	2422	Light Conditions	2
libero_goal	2423	Light Conditions	2
libero_goal	2424	Light Conditions	2
libero_goal	2425	Light Conditions	1
libero_goal	2426	Light Conditions	3
libero_goal	2427	Light Conditions	2
libero_goal	2428	Light Conditions	4
libero_goal	2429	Light Conditions	3
libero_goal	2430	Light Conditions	-1
libero_goal	2431	Light Conditions	4
libero_goal	2432	Light Conditions	1
libero_goal	2433	Light Conditions	2
libero_goal	2434	Light Conditions	1
libero_goal	2435	Light Conditions	2
libero_goal	2436	Light Conditions	3
libero_goal	2437	Light Conditions	2
libero_goal	2438	Light Conditions	2
libero_goal	2439	Light Conditions	-1
libero_goal	2440	Light Conditions	-1
libero_goal	2441	Light Conditions	-1
libero_goal	2442	Light Conditions	-1
libero_goal	2443	Light Conditions	2
libero_goal	2444	Light Conditions	-1
libero_goal	2445	Light Conditions	-1
libero_goal	2446	Light Conditions	2
libero_goal	2447	Light Conditions	-1
libero_goal	2448	Light Conditions	-1
libero_goal	2449	Light Conditions	-1
libero_goal	2450	Light Conditions	-1
libero_goal	2451	Light Conditions	1
libero_goal	2452	Light Conditions	1
libero_goal	2453	Light Conditions	-1
libero_goal	2454	Light Conditions	-1
libero_goal	2455	Light Conditions	-1
libero_goal	2456	Light Conditions	2
libero_goal	2457	Light Conditions	3
libero_goal	2458	Light Conditions	-1
libero_goal	2459	Light Conditions	-1
libero_goal	2460	Light Conditions	-1
libero_goal	2461	Light Conditions	-1
libero_goal	2462	Light Conditions	2
libero_goal	2463	Light Conditions	-1
libero_goal	2464	Light Conditions	-1
libero_goal	2465	Light Conditions	-1
libero_goal	2466	Light Conditions	4
libero_goal	2467	Light Conditions	5
libero_goal	2468	Light Conditions	4
libero_goal	2469	Light Conditions	4
libero_goal	2470	Light Conditions	-1
libero_goal	2471	Light Conditions	-1
libero_goal	2472	Light Conditions	1
libero_goal	2473	Light Conditions	1
libero_goal	2474	Light Conditions	3
libero_goal	2475	Light Conditions	-1
libero_goal	2476	Light Conditions	2
libero_goal	2477	Light Conditions	-1
libero_goal	2478	Light Conditions	3
libero_goal	2479	Light Conditions	-1
libero_goal	2480	Light Conditions	-1
libero_goal	2481	Light Conditions	1
libero_goal	2482	Light Conditions	1
libero_goal	2483	Light Conditions	-1
libero_goal	2484	Light Conditions	-1
libero_goal	2485	Light Conditions	2
libero_goal	2486	Light Conditions	1
libero_goal	2487	Light Conditions	1
libero_goal	2488	Light Conditions	-1
libero_goal	2489	Light Conditions	1
libero_goal	2490	Light Conditions	-1
libero_goal	2491	Light Conditions	-1
libero_goal	2492	Light Conditions	1
libero_goal	2493	Light Conditions	1
libero_goal	2494	Light Conditions	-1
libero_goal	2495	Light Conditions	-1
libero_goal	2496	Light Conditions	-1
libero_goal	2497	Light Conditions	1
libero_goal	2498	Light Conditions	1
libero_goal	2499	Light Conditions	1
libero_goal	2500	Light Conditions	-1
libero_goal	2501	Light Conditions	-1
libero_goal	2502	Light Conditions	1
libero_goal	2503	Light Conditions	4
libero_goal	2504	Light Conditions	1
libero_goal	2505	Light Conditions	-1
libero_goal	2506	Light Conditions	1
libero_goal	2507	Light Conditions	-1
libero_goal	2508	Light Conditions	-1
libero_goal	2509	Light Conditions	2
libero_goal	2510	Light Conditions	-1
libero_goal	2511	Light Conditions	2
libero_goal	2512	Light Conditions	-1
libero_goal	2513	Light Conditions	-1
libero_goal	2514	Light Conditions	2
libero_goal	2515	Light Conditions	-1
libero_goal	2516	Light Conditions	2
libero_goal	2517	Light Conditions	2
libero_goal	2518	Light Conditions	-1
libero_goal	2519	Light Conditions	2
libero_goal	2520	Light Conditions	1
libero_goal	2521	Light Conditions	2
libero_goal	2522	Light Conditions	-1
libero_goal	2523	Light Conditions	-1
libero_goal	2524	Light Conditions	3
libero_goal	2525	Light Conditions	3
libero_goal	2526	Light Conditions	-1
libero_goal	2527	Light Conditions	-1
libero_goal	2528	Light Conditions	-1
libero_goal	2529	Light Conditions	-1
libero_goal	2530	Light Conditions	2
libero_goal	2531	Light Conditions	-1
libero_goal	2532	Light Conditions	-1
libero_goal	2533	Light Conditions	3
libero_goal	2534	Light Conditions	-1
libero_goal	2535	Light Conditions	-1
libero_goal	2536	Light Conditions	1
libero_goal	2537	Light Conditions	2
libero_goal	2538	Light Conditions	-1
libero_goal	2539	Light Conditions	2
libero_goal	2540	Light Conditions	1
libero_goal	2541	Light Conditions	-1
libero_goal	2542	Light Conditions	3
libero_goal	2543	Light Conditions	3
libero_goal	2544	Light Conditions	4
libero_goal	2545	Light Conditions	5
libero_goal	2546	Light Conditions	4
libero_goal	2547	Light Conditions	5
libero_goal	2548	Light Conditions	5
libero_goal	2549	Light Conditions	2
libero_goal	2550	Light Conditions	2
libero_goal	2551	Light Conditions	2
libero_goal	2552	Light Conditions	1
libero_goal	2553	Light Conditions	5
libero_goal	2554	Light Conditions	-1
libero_goal	2555	Light Conditions	-1
libero_goal	2556	Light Conditions	-1
libero_goal	2557	Light Conditions	-1
libero_goal	2558	Light Conditions	-1
libero_goal	2559	Light Conditions	-1
libero_goal	2560	Light Conditions	-1
libero_goal	2561	Light Conditions	1
libero_goal	2562	Light Conditions	4
libero_goal	2563	Light Conditions	-1
libero_goal	2564	Light Conditions	-1
libero_goal	2565	Light Conditions	-1
libero_goal	2566	Light Conditions	-1
libero_goal	2567	Light Conditions	-1
libero_goal	2568	Light Conditions	5
libero_goal	2569	Light Conditions	4
libero_goal	2570	Light Conditions	3
libero_goal	2571	Light Conditions	2
libero_goal	2572	Light Conditions	2
libero_goal	2573	Light Conditions	1
libero_goal	2574	Light Conditions	3
libero_goal	2575	Light Conditions	1
libero_goal	2576	Light Conditions	3
libero_goal	2577	Light Conditions	2
libero_goal	2578	Light Conditions	2
libero_goal	2579	Light Conditions	-1
libero_goal	2580	Light Conditions	3
libero_goal	2581	Light Conditions	-1
libero_goal	2582	Light Conditions	2
libero_goal	2583	Light Conditions	-1
libero_goal	2584	Light Conditions	-1
libero_goal	2585	Light Conditions	-1
libero_goal	2586	Light Conditions	4
libero_goal	2587	Light Conditions	-1
libero_goal	2588	Light Conditions	-1
libero_goal	2589	Light Conditions	2
libero_goal	2590	Light Conditions	3
libero_object	0	Background Textures	4
libero_object	1	Background Textures	3
libero_object	2	Background Textures	3
libero_object	3	Background Textures	2
libero_object	4	Background Textures	3
libero_object	5	Background Textures	1
libero_object	6	Background Textures	2
libero_object	7	Background Textures	3
libero_object	8	Background Textures	2
libero_object	9	Background Textures	3
libero_object	10	Background Textures	3
libero_object	11	Background Textures	3
libero_object	12	Background Textures	1
libero_object	13	Background Textures	3
libero_object	14	Background Textures	3
libero_object	15	Background Textures	3
libero_object	16	Background Textures	3
libero_object	17	Background Textures	4
libero_object	18	Background Textures	3
libero_object	19	Background Textures	3
libero_object	20	Background Textures	2
libero_object	21	Background Textures	3
libero_object	22	Background Textures	3
libero_object	23	Background Textures	2
libero_object	24	Background Textures	2
libero_object	25	Background Textures	1
libero_object	26	Background Textures	1
libero_object	27	Background Textures	2
libero_object	28	Background Textures	3
libero_object	29	Background Textures	2
libero_object	30	Background Textures	2
libero_object	31	Background Textures	2
libero_object	32	Background Textures	1
libero_object	33	Background Textures	1
libero_object	34	Background Textures	2
libero_object	35	Background Textures	1
libero_object	36	Background Textures	1
libero_object	37	Background Textures	2
libero_object	38	Background Textures	3
libero_object	39	Background Textures	2
libero_object	40	Background Textures	2
libero_object	41	Background Textures	1
libero_object	42	Background Textures	1
libero_object	43	Background Textures	3
libero_object	44	Background Textures	2
libero_object	45	Background Textures	2
libero_object	46	Background Textures	3
libero_object	47	Background Textures	3
libero_object	48	Background Textures	3
libero_object	49	Background Textures	2
libero_object	50	Background Textures	1
libero_object	51	Background Textures	3
libero_object	52	Background Textures	4
libero_object	53	Background Textures	3
libero_object	54	Background Textures	1
libero_object	55	Background Textures	1
libero_object	56	Background Textures	3
libero_object	57	Background Textures	5
libero_object	58	Background Textures	2
libero_object	59	Background Textures	3
libero_object	60	Background Textures	3
libero_object	61	Background Textures	3
libero_object	62	Background Textures	3
libero_object	63	Background Textures	3
libero_object	64	Background Textures	3
libero_object	65	Background Textures	3
libero_object	66	Background Textures	2
libero_object	67	Background Textures	1
libero_object	68	Background Textures	2
libero_object	69	Background Textures	2
libero_object	70	Background Textures	2
libero_object	71	Background Textures	1
libero_object	72	Background Textures	3
libero_object	73	Background Textures	3
libero_object	74	Background Textures	3
libero_object	75	Background Textures	2
libero_object	76	Background Textures	3
libero_object	77	Background Textures	4
libero_object	78	Background Textures	4
libero_object	79	Background Textures	4
libero_object	80	Background Textures	4
libero_object	81	Background Textures	3
libero_object	82	Background Textures	2
libero_object	83	Background Textures	1
libero_object	84	Background Textures	3
libero_object	85	Background Textures	2
libero_object	86	Background Textures	3
libero_object	87	Background Textures	3
libero_object	88	Background Textures	1
libero_object	89	Background Textures	2
libero_object	90	Background Textures	2
libero_object	91	Background Textures	4
libero_object	92	Background Textures	1
libero_object	93	Background Textures	4
libero_object	94	Background Textures	3
libero_object	95	Background Textures	2
libero_object	96	Background Textures	3
libero_object	97	Background Textures	2
libero_object	98	Background Textures	1
libero_object	99	Background Textures	1
libero_object	100	Background Textures	3
libero_object	101	Background Textures	3
libero_object	102	Background Textures	2
libero_object	103	Background Textures	1
libero_object	104	Background Textures	3
libero_object	105	Background Textures	3
libero_object	106	Background Textures	1
libero_object	107	Background Textures	2
libero_object	108	Background Textures	3
libero_object	109	Background Textures	1
libero_object	110	Background Textures	3
libero_object	111	Background Textures	1
libero_object	112	Background Textures	1
libero_object	113	Background Textures	3
libero_object	114	Background Textures	2
libero_object	115	Background Textures	2
libero_object	116	Background Textures	2
libero_object	117	Background Textures	1
libero_object	118	Background Textures	1
libero_object	119	Background Textures	3
libero_object	120	Background Textures	1
libero_object	121	Background Textures	1
libero_object	122	Background Textures	3
libero_object	123	Background Textures	3
libero_object	124	Background Textures	3
libero_object	125	Background Textures	1
libero_object	126	Background Textures	4
libero_object	127	Background Textures	3
libero_object	128	Background Textures	1
libero_object	129	Background Textures	5
libero_object	130	Background Textures	2
libero_object	131	Background Textures	4
libero_object	132	Background Textures	1
libero_object	133	Background Textures	1
libero_object	134	Background Textures	1
libero_object	135	Background Textures	1
libero_object	136	Background Textures	2
libero_object	137	Background Textures	1
libero_object	138	Background Textures	4
libero_object	139	Background Textures	1
libero_object	140	Background Textures	1
libero_object	141	Background Textures	3
libero_object	142	Background Textures	4
libero_object	143	Background Textures	2
libero_object	144	Background Textures	1
libero_object	145	Background Textures	1
libero_object	146	Background Textures	4
libero_object	147	Background Textures	4
libero_object	148	Background Textures	3
libero_object	149	Background Textures	4
libero_object	150	Background Textures	4
libero_object	151	Background Textures	3
libero_object	152	Background Textures	3
libero_object	153	Background Textures	1
libero_object	154	Background Textures	4
libero_object	155	Background Textures	4
libero_object	156	Background Textures	3
libero_object	157	Background Textures	3
libero_object	158	Background Textures	3
libero_object	159	Background Textures	3
libero_object	160	Background Textures	3
libero_object	161	Background Textures	4
libero_object	162	Background Textures	3
libero_object	163	Background Textures	3
libero_object	164	Background Textures	3
libero_object	165	Background Textures	3
libero_object	166	Background Textures	1
libero_object	167	Background Textures	1
libero_object	168	Background Textures	1
libero_object	169	Background Textures	1
libero_object	170	Background Textures	1
libero_object	171	Background Textures	3
libero_object	172	Background Textures	3
libero_object	173	Background Textures	3
libero_object	174	Background Textures	3
libero_object	175	Background Textures	3
libero_object	176	Background Textures	1
libero_object	177	Background Textures	1
libero_object	178	Background Textures	5
libero_object	179	Background Textures	2
libero_object	180	Background Textures	3
libero_object	181	Background Textures	3
libero_object	182	Background Textures	3
libero_object	183	Background Textures	2
libero_object	184	Background Textures	4
libero_object	185	Background Textures	2
libero_object	186	Background Textures	3
libero_object	187	Background Textures	4
libero_object	188	Background Textures	1
libero_object	189	Background Textures	4
libero_object	190	Background Textures	3
libero_object	191	Background Textures	2
libero_object	192	Background Textures	2
libero_object	193	Background Textures	1
libero_object	194	Background Textures	1
libero_object	195	Background Textures	2
libero_object	196	Background Textures	2
libero_object	197	Background Textures	2
libero_object	198	Background Textures	2
libero_object	199	Background Textures	1
libero_object	200	Background Textures	2
libero_object	201	Background Textures	3
libero_object	202	Background Textures	1
libero_object	203	Background Textures	1
libero_object	204	Background Textures	1
libero_object	205	Background Textures	1
libero_object	206	Background Textures	1
libero_object	207	Background Textures	2
libero_object	208	Background Textures	1
libero_object	209	Background Textures	3
libero_object	210	Background Textures	1
libero_object	211	Background Textures	1
libero_object	212	Background Textures	2
libero_object	213	Background Textures	1
libero_object	214	Background Textures	2
libero_object	215	Background Textures	1
libero_object	216	Background Textures	2
libero_object	217	Background Textures	3
libero_object	218	Background Textures	1
libero_object	219	Background Textures	1
libero_object	220	Background Textures	3
libero_object	221	Background Textures	2
libero_object	222	Background Textures	1
libero_object	223	Background Textures	1
libero_object	224	Background Textures	2
libero_object	225	Background Textures	1
libero_object	226	Background Textures	1
libero_object	227	Background Textures	2
libero_object	228	Background Textures	1
libero_object	229	Background Textures	1
libero_object	230	Background Textures	1
libero_object	231	Background Textures	1
libero_object	232	Background Textures	1
libero_object	233	Background Textures	1
libero_object	234	Background Textures	1
libero_object	235	Background Textures	2
libero_object	236	Background Textures	3
libero_object	237	Background Textures	4
libero_object	238	Background Textures	2
libero_object	239	Background Textures	2
libero_object	240	Background Textures	5
libero_object	241	Background Textures	4
libero_object	242	Background Textures	2
libero_object	243	Background Textures	3
libero_object	244	Background Textures	5
libero_object	245	Background Textures	2
libero_object	246	Background Textures	4
libero_object	247	Background Textures	1
libero_object	248	Robot Initial States	1
libero_object	249	Robot Initial States	1
libero_object	250	Robot Initial States	2
libero_object	251	Robot Initial States	2
libero_object	252	Robot Initial States	1
libero_object	253	Robot Initial States	1
libero_object	254	Robot Initial States	2
libero_object	255	Robot Initial States	1
libero_object	256	Robot Initial States	4
libero_object	257	Robot Initial States	2
libero_object	258	Robot Initial States	3
libero_object	259	Robot Initial States	1
libero_object	260	Robot Initial States	2
libero_object	261	Robot Initial States	3
libero_object	262	Robot Initial States	4
libero_object	263	Robot Initial States	3
libero_object	264	Robot Initial States	3
libero_object	265	Robot Initial States	3
libero_object	266	Robot Initial States	2
libero_object	267	Robot Initial States	2
libero_object	268	Robot Initial States	3
libero_object	269	Robot Initial States	3
libero_object	270	Robot Initial States	4
libero_object	271	Robot Initial States	5
libero_object	272	Robot Initial States	3
libero_object	273	Robot Initial States	4
libero_object	274	Robot Initial States	1
libero_object	275	Robot Initial States	3
libero_object	276	Robot Initial States	5
libero_object	277	Robot Initial States	4
libero_object	278	Robot Initial States	4
libero_object	279	Robot Initial States	5
libero_object	280	Robot Initial States	5
libero_object	281	Robot Initial States	5
libero_object	282	Robot Initial States	4
libero_object	283	Robot Initial States	4
libero_object	284	Robot Initial States	4
libero_object	285	Robot Initial States	2
libero_object	286	Robot Initial States	3
libero_object	287	Robot Initial States	4
libero_object	288	Robot Initial States	3
libero_object	289	Robot Initial States	5
libero_object	290	Robot Initial States	2
libero_object	291	Robot Initial States	2
libero_object	292	Robot Initial States	3
libero_object	293	Robot Initial States	2
libero_object	294	Robot Initial States	1
libero_object	295	Robot Initial States	2
libero_object	296	Robot Initial States	3
libero_object	297	Robot Initial States	2
libero_object	298	Robot Initial States	2
libero_object	299	Robot Initial States	2
libero_object	300	Robot Initial States	1
libero_object	301	Robot Initial States	3
libero_object	302	Robot Initial States	4
libero_object	303	Robot Initial States	2
libero_object	304	Robot Initial States	2
libero_object	305	Robot Initial States	3
libero_object	306	Robot Initial States	5
libero_object	307	Robot Initial States	3
libero_object	308	Robot Initial States	4
libero_object	309	Robot Initial States	4
libero_object	310	Robot Initial States	4
libero_object	311	Robot Initial States	5
libero_object	312	Robot Initial States	1
libero_object	313	Robot Initial States	5
libero_object	314	Robot Initial States	5
libero_object	315	Robot Initial States	3
libero_object	316	Robot Initial States	5
libero_object	317	Robot Initial States	4
libero_object	318	Robot Initial States	3
libero_object	319	Robot Initial States	3
libero_object	320	Robot Initial States	5
libero_object	321	Robot Initial States	5
libero_object	322	Robot Initial States	3
libero_object	323	Robot Initial States	2
libero_object	324	Robot Initial States	5
libero_object	325	Robot Initial States	4
libero_object	326	Robot Initial States	3
libero_object	327	Robot Initial States	3
libero_object	328	Robot Initial States	2
libero_object	329	Robot Initial States	2
libero_object	330	Robot Initial States	1
libero_object	331	Robot Initial States	1
libero_object	332	Robot Initial States	4
libero_object	333	Robot Initial States	1
libero_object	334	Robot Initial States	5
libero_object	335	Robot Initial States	4
libero_object	336	Robot Initial States	3
libero_object	337	Robot Initial States	4
libero_object	338	Robot Initial States	2
libero_object	339	Robot Initial States	4
libero_object	340	Robot Initial States	1
libero_object	341	Robot Initial States	2
libero_object	342	Robot Initial States	4
libero_object	343	Robot Initial States	4
libero_object	344	Robot Initial States	5
libero_object	345	Robot Initial States	3
libero_object	346	Robot Initial States	5
libero_object	347	Robot Initial States	4
libero_object	348	Robot Initial States	4
libero_object	349	Robot Initial States	3
libero_object	350	Robot Initial States	4
libero_object	351	Robot Initial States	4
libero_object	352	Robot Initial States	4
libero_object	353	Robot Initial States	4
libero_object	354	Robot Initial States	5
libero_object	355	Robot Initial States	2
libero_object	356	Robot Initial States	5
libero_object	357	Robot Initial States	3
libero_object	358	Robot Initial States	4
libero_object	359	Robot Initial States	5
libero_object	360	Robot Initial States	5
libero_object	361	Robot Initial States	4
libero_object	362	Robot Initial States	5
libero_object	363	Robot Initial States	2
libero_object	364	Robot Initial States	2
libero_object	365	Robot Initial States	4
libero_object	366	Robot Initial States	5
libero_object	367	Robot Initial States	4
libero_object	368	Robot Initial States	3
libero_object	369	Robot Initial States	3
libero_object	370	Robot Initial States	1
libero_object	371	Robot Initial States	5
libero_object	372	Robot Initial States	4
libero_object	373	Robot Initial States	2
libero_object	374	Robot Initial States	2
libero_object	375	Robot Initial States	2
libero_object	376	Robot Initial States	4
libero_object	377	Robot Initial States	3
libero_object	378	Robot Initial States	2
libero_object	379	Robot Initial States	4
libero_object	380	Robot Initial States	1
libero_object	381	Robot Initial States	3
libero_object	382	Robot Initial States	3
libero_object	383	Robot Initial States	1
libero_object	384	Robot Initial States	5
libero_object	385	Robot Initial States	1
libero_object	386	Robot Initial States	5
libero_object	387	Robot Initial States	5
libero_object	388	Robot Initial States	4
libero_object	389	Robot Initial States	5
libero_object	390	Robot Initial States	3
libero_object	391	Robot Initial States	3
libero_object	392	Robot Initial States	3
libero_object	393	Robot Initial States	1
libero_object	394	Robot Initial States	5
libero_object	395	Robot Initial States	4
libero_object	396	Robot Initial States	3
libero_object	397	Robot Initial States	4
libero_object	398	Robot Initial States	5
libero_object	399	Robot Initial States	3
libero_object	400	Robot Initial States	5
libero_object	401	Robot Initial States	5
libero_object	402	Robot Initial States	5
libero_object	403	Robot Initial States	4
libero_object	404	Robot Initial States	5
libero_object	405	Robot Initial States	3
libero_object	406	Robot Initial States	5
libero_object	407	Robot Initial States	3
libero_object	408	Robot Initial States	3
libero_object	409	Robot Initial States	1
libero_object	410	Robot Initial States	1
libero_object	411	Robot Initial States	2
libero_object	412	Robot Initial States	2
libero_object	413	Robot Initial States	2
libero_object	414	Robot Initial States	1
libero_object	415	Robot Initial States	5
libero_object	416	Robot Initial States	5
libero_object	417	Robot Initial States	3
libero_object	418	Robot Initial States	4
libero_object	419	Robot Initial States	5
libero_object	420	Robot Initial States	3
libero_object	421	Robot Initial States	5
libero_object	422	Robot Initial States	2
libero_object	423	Robot Initial States	4
libero_object	424	Robot Initial States	3
libero_object	425	Robot Initial States	4
libero_object	426	Robot Initial States	5
libero_object	427	Robot Initial States	1
libero_object	428	Robot Initial States	4
libero_object	429	Robot Initial States	5
libero_object	430	Robot Initial States	5
libero_object	431	Robot Initial States	5
libero_object	432	Robot Initial States	5
libero_object	433	Robot Initial States	3
libero_object	434	Robot Initial States	5
libero_object	435	Robot Initial States	5
libero_object	436	Robot Initial States	3
libero_object	437	Robot Initial States	2
libero_object	438	Robot Initial States	2
libero_object	439	Robot Initial States	2
libero_object	440	Robot Initial States	4
libero_object	441	Robot Initial States	5
libero_object	442	Robot Initial States	5
libero_object	443	Robot Initial States	3
libero_object	444	Robot Initial States	5
libero_object	445	Robot Initial States	2
libero_object	446	Robot Initial States	3
libero_object	447	Robot Initial States	2
libero_object	448	Robot Initial States	3
libero_object	449	Robot Initial States	1
libero_object	450	Robot Initial States	3
libero_object	451	Robot Initial States	4
libero_object	452	Robot Initial States	3
libero_object	453	Robot Initial States	5
libero_object	454	Robot Initial States	4
libero_object	455	Robot Initial States	3
libero_object	456	Robot Initial States	5
libero_object	457	Robot Initial States	1
libero_object	458	Robot Initial States	4
libero_object	459	Robot Initial States	1
libero_object	460	Robot Initial States	4
libero_object	461	Robot Initial States	5
libero_object	462	Robot Initial States	3
libero_object	463	Robot Initial States	3
libero_object	464	Robot Initial States	3
libero_object	465	Robot Initial States	5
libero_object	466	Robot Initial States	5
libero_object	467	Robot Initial States	5
libero_object	468	Robot Initial States	1
libero_object	469	Robot Initial States	3
libero_object	470	Robot Initial States	3
libero_object	471	Robot Initial States	5
libero_object	472	Robot Initial States	3
libero_object	473	Robot Initial States	4
libero_object	474	Robot Initial States	2
libero_object	475	Robot Initial States	4
libero_object	476	Robot Initial States	5
libero_object	477	Robot Initial States	5
libero_object	478	Robot Initial States	5
libero_object	479	Robot Initial States	4
libero_object	480	Robot Initial States	5
libero_object	481	Robot Initial States	5
libero_object	482	Robot Initial States	5
libero_object	483	Robot Initial States	1
libero_object	484	Robot Initial States	1
libero_object	485	Robot Initial States	1
libero_object	486	Robot Initial States	1
libero_object	487	Robot Initial States	3
libero_object	488	Robot Initial States	1
libero_object	489	Robot Initial States	2
libero_object	490	Robot Initial States	1
libero_object	491	Robot Initial States	2
libero_object	492	Robot Initial States	2
libero_object	493	Robot Initial States	4
libero_object	494	Robot Initial States	2
libero_object	495	Robot Initial States	3
libero_object	496	Robot Initial States	4
libero_object	497	Robot Initial States	4
libero_object	498	Robot Initial States	3
libero_object	499	Robot Initial States	3
libero_object	500	Robot Initial States	5
libero_object	501	Robot Initial States	3
libero_object	502	Robot Initial States	1
libero_object	503	Robot Initial States	1
libero_object	504	Robot Initial States	2
libero_object	505	Robot Initial States	3
libero_object	506	Robot Initial States	2
libero_object	507	Robot Initial States	4
libero_object	508	Robot Initial States	5
libero_object	509	Robot Initial States	2
libero_object	510	Robot Initial States	2
libero_object	511	Robot Initial States	1
libero_object	512	Robot Initial States	4
libero_object	513	Robot Initial States	2
libero_object	514	Robot Initial States	4
libero_object	515	Robot Initial States	4
libero_object	516	Robot Initial States	4
libero_object	517	Robot Initial States	5
libero_object	518	Robot Initial States	4
libero_object	519	Robot Initial States	5
libero_object	520	Robot Initial States	5
libero_object	521	Robot Initial States	1
libero_object	522	Robot Initial States	5
libero_object	523	Robot Initial States	5
libero_object	524	Robot Initial States	4
libero_object	525	Robot Initial States	1
libero_object	526	Robot Initial States	2
libero_object	527	Robot Initial States	2
libero_object	528	Robot Initial States	3
libero_object	529	Robot Initial States	3
libero_object	530	Robot Initial States	2
libero_object	531	Robot Initial States	1
libero_object	532	Robot Initial States	2
libero_object	533	Robot Initial States	2
libero_object	534	Robot Initial States	4
libero_object	535	Robot Initial States	4
libero_object	536	Robot Initial States	3
libero_object	537	Robot Initial States	1
libero_object	538	Robot Initial States	3
libero_object	539	Robot Initial States	3
libero_object	540	Robot Initial States	5
libero_object	541	Robot Initial States	4
libero_object	542	Robot Initial States	4
libero_object	543	Robot Initial States	3
libero_object	544	Robot Initial States	4
libero_object	545	Robot Initial States	2
libero_object	546	Robot Initial States	2
libero_object	547	Robot Initial States	4
libero_object	548	Robot Initial States	4
libero_object	549	Robot Initial States	2
libero_object	550	Robot Initial States	5
libero_object	551	Robot Initial States	5
libero_object	552	Robot Initial States	5
libero_object	553	Robot Initial States	5
libero_object	554	Robot Initial States	5
libero_object	555	Robot Initial States	2
libero_object	556	Robot Initial States	4
libero_object	557	Robot Initial States	5
libero_object	558	Robot Initial States	5
libero_object	559	Robot Initial States	5
libero_object	560	Robot Initial States	5
libero_object	561	Robot Initial States	5
libero_object	562	Robot Initial States	5
libero_object	563	Robot Initial States	4
libero_object	564	Robot Initial States	2
libero_object	565	Robot Initial States	1
libero_object	566	Robot Initial States	2
libero_object	567	Robot Initial States	4
libero_object	568	Robot Initial States	2
libero_object	569	Robot Initial States	3
libero_object	570	Robot Initial States	1
libero_object	571	Robot Initial States	4
libero_object	572	Robot Initial States	3
libero_object	573	Robot Initial States	1
libero_object	574	Robot Initial States	3
libero_object	575	Robot Initial States	1
libero_object	576	Robot Initial States	4
libero_object	577	Robot Initial States	2
libero_object	578	Robot Initial States	3
libero_object	579	Robot Initial States	3
libero_object	580	Robot Initial States	4
libero_object	581	Robot Initial States	5
libero_object	582	Robot Initial States	2
libero_object	583	Robot Initial States	3
libero_object	584	Robot Initial States	3
libero_object	585	Robot Initial States	3
libero_object	586	Robot Initial States	5
libero_object	587	Robot Initial States	5
libero_object	588	Robot Initial States	3
libero_object	589	Robot Initial States	5
libero_object	590	Robot Initial States	3
libero_object	591	Robot Initial States	5
libero_object	592	Robot Initial States	4
libero_object	593	Robot Initial States	4
libero_object	594	Robot Initial States	4
libero_object	595	Robot Initial States	3
libero_object	596	Robot Initial States	4
libero_object	597	Robot Initial States	3
libero_object	598	Robot Initial States	5
libero_object	599	Robot Initial States	1
libero_object	600	Robot Initial States	2
libero_object	601	Robot Initial States	4
libero_object	602	Robot Initial States	1
libero_object	603	Robot Initial States	1
libero_object	604	Robot Initial States	2
libero_object	605	Robot Initial States	2
libero_object	606	Robot Initial States	3
libero_object	607	Robot Initial States	5
libero_object	608	Robot Initial States	3
libero_object	609	Robot Initial States	2
libero_object	610	Robot Initial States	4
libero_object	611	Robot Initial States	2
libero_object	612	Robot Initial States	2
libero_object	613	Robot Initial States	1
libero_object	614	Robot Initial States	1
libero_object	615	Robot Initial States	5
libero_object	616	Robot Initial States	3
libero_object	617	Robot Initial States	3
libero_object	618	Robot Initial States	1
libero_object	619	Robot Initial States	4
libero_object	620	Robot Initial States	2
libero_object	621	Robot Initial States	3
libero_object	622	Robot Initial States	3
libero_object	623	Robot Initial States	5
libero_object	624	Robot Initial States	3
libero_object	625	Robot Initial States	3
libero_object	626	Robot Initial States	4
libero_object	627	Robot Initial States	5
libero_object	628	Robot Initial States	4
libero_object	629	Robot Initial States	2
libero_object	630	Robot Initial States	5
libero_object	631	Robot Initial States	5
libero_object	632	Robot Initial States	5
libero_object	633	Robot Initial States	5
libero_object	634	Robot Initial States	3
libero_object	635	Robot Initial States	4
libero_object	636	Robot Initial States	5
libero_object	637	Robot Initial States	4
libero_object	638	Robot Initial States	4
libero_object	639	Robot Initial States	3
libero_object	640	Robot Initial States	5
libero_object	641	Robot Initial States	4
libero_object	642	Robot Initial States	5
libero_object	643	Robot Initial States	5
libero_object	644	Robot Initial States	5
libero_object	645	Robot Initial States	5
libero_object	646	Camera Viewpoints	1
libero_object	647	Camera Viewpoints	2
libero_object	648	Camera Viewpoints	1
libero_object	649	Camera Viewpoints	2
libero_object	650	Camera Viewpoints	1
libero_object	651	Camera Viewpoints	1
libero_object	652	Camera Viewpoints	1
libero_object	653	Camera Viewpoints	1
libero_object	654	Camera Viewpoints	1
libero_object	655	Camera Viewpoints	2
libero_object	656	Camera Viewpoints	2
libero_object	657	Camera Viewpoints	3
libero_object	658	Camera Viewpoints	2
libero_object	659	Camera Viewpoints	2
libero_object	660	Camera Viewpoints	1
libero_object	661	Camera Viewpoints	1
libero_object	662	Camera Viewpoints	4
libero_object	663	Camera Viewpoints	5
libero_object	664	Camera Viewpoints	4
libero_object	665	Camera Viewpoints	4
libero_object	666	Camera Viewpoints	4
libero_object	667	Camera Viewpoints	1
libero_object	668	Camera Viewpoints	2
libero_object	669	Camera Viewpoints	1
libero_object	670	Camera Viewpoints	2
libero_object	671	Camera Viewpoints	2
libero_object	672	Camera Viewpoints	3
libero_object	673	Camera Viewpoints	2
libero_object	674	Camera Viewpoints	1
libero_object	675	Camera Viewpoints	1
libero_object	676	Camera Viewpoints	1
libero_object	677	Camera Viewpoints	2
libero_object	678	Camera Viewpoints	1
libero_object	679	Camera Viewpoints	2
libero_object	680	Camera Viewpoints	1
libero_object	681	Camera Viewpoints	1
libero_object	682	Camera Viewpoints	2
libero_object	683	Camera Viewpoints	1
libero_object	684	Camera Viewpoints	1
libero_object	685	Camera Viewpoints	1
libero_object	686	Camera Viewpoints	1
libero_object	687	Camera Viewpoints	2
libero_object	688	Camera Viewpoints	3
libero_object	689	Camera Viewpoints	3
libero_object	690	Camera Viewpoints	2
libero_object	691	Camera Viewpoints	3
libero_object	692	Camera Viewpoints	3
libero_object	693	Camera Viewpoints	3
libero_object	694	Camera Viewpoints	3
libero_object	695	Camera Viewpoints	4
libero_object	696	Camera Viewpoints	3
libero_object	697	Camera Viewpoints	2
libero_object	698	Camera Viewpoints	2
libero_object	699	Camera Viewpoints	5
libero_object	700	Camera Viewpoints	5
libero_object	701	Camera Viewpoints	5
libero_object	702	Camera Viewpoints	2
libero_object	703	Camera Viewpoints	3
libero_object	704	Camera Viewpoints	2
libero_object	705	Camera Viewpoints	1
libero_object	706	Camera Viewpoints	1
libero_object	707	Camera Viewpoints	3
libero_object	708	Camera Viewpoints	1
libero_object	709	Camera Viewpoints	2
libero_object	710	Camera Viewpoints	1
libero_object	711	Camera Viewpoints	2
libero_object	712	Camera Viewpoints	1
libero_object	713	Camera Viewpoints	2
libero_object	714	Camera Viewpoints	1
libero_object	715	Camera Viewpoints	3
libero_object	716	Camera Viewpoints	2
libero_object	717	Camera Viewpoints	1
libero_object	718	Camera Viewpoints	1
libero_object	719	Camera Viewpoints	1
libero_object	720	Camera Viewpoints	2
libero_object	721	Camera Viewpoints	2
libero_object	722	Camera Viewpoints	1
libero_object	723	Camera Viewpoints	2
libero_object	724	Camera Viewpoints	1
libero_object	725	Camera Viewpoints	3
libero_object	726	Camera Viewpoints	2
libero_object	727	Camera Viewpoints	3
libero_object	728	Camera Viewpoints	3
libero_object	729	Camera Viewpoints	3
libero_object	730	Camera Viewpoints	4
libero_object	731	Camera Viewpoints	4
libero_object	732	Camera Viewpoints	3
libero_object	733	Camera Viewpoints	4
libero_object	734	Camera Viewpoints	3
libero_object	735	Camera Viewpoints	2
libero_object	736	Camera Viewpoints	2
libero_object	737	Camera Viewpoints	3
libero_object	738	Camera Viewpoints	2
libero_object	739	Camera Viewpoints	1
libero_object	740	Camera Viewpoints	2
libero_object	741	Camera Viewpoints	2
libero_object	742	Camera Viewpoints	1
libero_object	743	Camera Viewpoints	1
libero_object	744	Camera Viewpoints	3
libero_object	745	Camera Viewpoints	5
libero_object	746	Camera Viewpoints	3
libero_object	747	Camera Viewpoints	5
libero_object	748	Camera Viewpoints	1
libero_object	749	Camera Viewpoints	2
libero_object	750	Camera Viewpoints	1
libero_object	751	Camera Viewpoints	1
libero_object	752	Camera Viewpoints	2
libero_object	753	Camera Viewpoints	1
libero_object	754	Camera Viewpoints	2
libero_object	755	Camera Viewpoints	3
libero_object	756	Camera Viewpoints	3
libero_object	757	Camera Viewpoints	2
libero_object	758	Camera Viewpoints	3
libero_object	759	Camera Viewpoints	3
libero_object	760	Camera Viewpoints	3
libero_object	761	Camera Viewpoints	3
libero_object	762	Camera Viewpoints	2
libero_object	763	Camera Viewpoints	3
libero_object	764	Camera Viewpoints	3
libero_object	765	Camera Viewpoints	2
libero_object	766	Camera Viewpoints	3
libero_object	767	Camera Viewpoints	2
libero_object	768	Camera Viewpoints	3
libero_object	769	Camera Viewpoints	3
libero_object	770	Camera Viewpoints	3
libero_object	771	Camera Viewpoints	5
libero_object	772	Camera Viewpoints	3
libero_object	773	Camera Viewpoints	3
libero_object	774	Camera Viewpoints	3
libero_object	775	Camera Viewpoints	2
libero_object	776	Camera Viewpoints	3
libero_object	777	Camera Viewpoints	2
libero_object	778	Camera Viewpoints	2
libero_object	779	Camera Viewpoints	3
libero_object	780	Camera Viewpoints	3
libero_object	781	Camera Viewpoints	5
libero_object	782	Camera Viewpoints	5
libero_object	783	Camera Viewpoints	4
libero_object	784	Camera Viewpoints	5
libero_object	785	Camera Viewpoints	4
libero_object	786	Camera Viewpoints	5
libero_object	787	Camera Viewpoints	5
libero_object	788	Camera Viewpoints	5
libero_object	789	Camera Viewpoints	4
libero_object	790	Camera Viewpoints	5
libero_object	791	Camera Viewpoints	4
libero_object	792	Camera Viewpoints	3
libero_object	793	Camera Viewpoints	5
libero_object	794	Camera Viewpoints	5
libero_object	795	Camera Viewpoints	5
libero_object	796	Camera Viewpoints	2
libero_object	797	Camera Viewpoints	2
libero_object	798	Camera Viewpoints	2
libero_object	799	Camera Viewpoints	2
libero_object	800	Camera Viewpoints	2
libero_object	801	Camera Viewpoints	5
libero_object	802	Camera Viewpoints	5
libero_object	803	Camera Viewpoints	5
libero_object	804	Camera Viewpoints	5
libero_object	805	Camera Viewpoints	5
libero_object	806	Camera Viewpoints	5
libero_object	807	Camera Viewpoints	5
libero_object	808	Camera Viewpoints	5
libero_object	809	Camera Viewpoints	5
libero_object	810	Camera Viewpoints	5
libero_object	811	Camera Viewpoints	5
libero_object	812	Camera Viewpoints	5
libero_object	813	Camera Viewpoints	5
libero_object	814	Camera Viewpoints	5
libero_object	815	Camera Viewpoints	5
libero_object	816	Camera Viewpoints	5
libero_object	817	Camera Viewpoints	5
libero_object	818	Camera Viewpoints	5
libero_object	819	Camera Viewpoints	5
libero_object	820	Camera Viewpoints	5
libero_object	821	Camera Viewpoints	5
libero_object	822	Camera Viewpoints	5
libero_object	823	Camera Viewpoints	5
libero_object	824	Camera Viewpoints	5
libero_object	825	Camera Viewpoints	5
libero_object	826	Camera Viewpoints	5
libero_object	827	Camera Viewpoints	5
libero_object	828	Camera Viewpoints	5
libero_object	829	Camera Viewpoints	5
libero_object	830	Camera Viewpoints	5
libero_object	831	Camera Viewpoints	5
libero_object	832	Camera Viewpoints	5
libero_object	833	Camera Viewpoints	5
libero_object	834	Camera Viewpoints	5
libero_object	835	Camera Viewpoints	5
libero_object	836	Camera Viewpoints	5
libero_object	837	Camera Viewpoints	5
libero_object	838	Camera Viewpoints	2
libero_object	839	Camera Viewpoints	2
libero_object	840	Camera Viewpoints	2
libero_object	841	Camera Viewpoints	2
libero_object	842	Camera Viewpoints	3
libero_object	843	Camera Viewpoints	4
libero_object	844	Camera Viewpoints	4
libero_object	845	Camera Viewpoints	4
libero_object	846	Camera Viewpoints	5
libero_object	847	Camera Viewpoints	2
libero_object	848	Camera Viewpoints	4
libero_object	849	Camera Viewpoints	4
libero_object	850	Camera Viewpoints	3
libero_object	851	Camera Viewpoints	4
libero_object	852	Camera Viewpoints	3
libero_object	853	Camera Viewpoints	5
libero_object	854	Camera Viewpoints	2
libero_object	855	Camera Viewpoints	5
libero_object	856	Camera Viewpoints	4
libero_object	857	Camera Viewpoints	4
libero_object	858	Camera Viewpoints	5
libero_object	859	Camera Viewpoints	5
libero_object	860	Camera Viewpoints	2
libero_object	861	Camera Viewpoints	4
libero_object	862	Camera Viewpoints	5
libero_object	863	Camera Viewpoints	2
libero_object	864	Camera Viewpoints	3
libero_object	865	Camera Viewpoints	5
libero_object	866	Camera Viewpoints	4
libero_object	867	Camera Viewpoints	4
libero_object	868	Camera Viewpoints	5
libero_object	869	Camera Viewpoints	4
libero_object	870	Camera Viewpoints	4
libero_object	871	Camera Viewpoints	4
libero_object	872	Camera Viewpoints	5
libero_object	873	Camera Viewpoints	5
libero_object	874	Camera Viewpoints	5
libero_object	875	Camera Viewpoints	5
libero_object	876	Camera Viewpoints	5
libero_object	877	Camera Viewpoints	5
libero_object	878	Camera Viewpoints	4
libero_object	879	Camera Viewpoints	4
libero_object	880	Camera Viewpoints	4
libero_object	881	Camera Viewpoints	3
libero_object	882	Camera Viewpoints	5
libero_object	883	Camera Viewpoints	5
libero_object	884	Camera Viewpoints	4
libero_object	885	Camera Viewpoints	5
libero_object	886	Camera Viewpoints	4
libero_object	887	Camera Viewpoints	4
libero_object	888	Camera Viewpoints	2
libero_object	889	Camera Viewpoints	1
libero_object	890	Camera Viewpoints	2
libero_object	891	Camera Viewpoints	2
libero_object	892	Camera Viewpoints	4
libero_object	893	Camera Viewpoints	4
libero_object	894	Camera Viewpoints	4
libero_object	895	Camera Viewpoints	2
libero_object	896	Camera Viewpoints	2
libero_object	897	Camera Viewpoints	5
libero_object	898	Camera Viewpoints	5
libero_object	899	Camera Viewpoints	5
libero_object	900	Camera Viewpoints	5
libero_object	901	Camera Viewpoints	5
libero_object	902	Camera Viewpoints	5
libero_object	903	Camera Viewpoints	5
libero_object	904	Camera Viewpoints	4
libero_object	905	Camera Viewpoints	5
libero_object	906	Camera Viewpoints	5
libero_object	907	Camera Viewpoints	5
libero_object	908	Camera Viewpoints	5
libero_object	909	Camera Viewpoints	5
libero_object	910	Camera Viewpoints	5
libero_object	911	Camera Viewpoints	5
libero_object	912	Camera Viewpoints	5
libero_object	913	Camera Viewpoints	4
libero_object	914	Camera Viewpoints	5
libero_object	915	Camera Viewpoints	5
libero_object	916	Camera Viewpoints	5
libero_object	917	Camera Viewpoints	4
libero_object	918	Camera Viewpoints	4
libero_object	919	Camera Viewpoints	5
libero_object	920	Camera Viewpoints	4
libero_object	921	Camera Viewpoints	5
libero_object	922	Camera Viewpoints	4
libero_object	923	Camera Viewpoints	5
libero_object	924	Camera Viewpoints	4
libero_object	925	Camera Viewpoints	5
libero_object	926	Camera Viewpoints	4
libero_object	927	Camera Viewpoints	5
libero_object	928	Camera Viewpoints	5
libero_object	929	Camera Viewpoints	5
libero_object	930	Camera Viewpoints	5
libero_object	931	Camera Viewpoints	5
libero_object	932	Camera Viewpoints	5
libero_object	933	Camera Viewpoints	5
libero_object	934	Camera Viewpoints	5
libero_object	935	Camera Viewpoints	5
libero_object	936	Camera Viewpoints	5
libero_object	937	Camera Viewpoints	5
libero_object	938	Camera Viewpoints	4
libero_object	939	Camera Viewpoints	4
libero_object	940	Camera Viewpoints	5
libero_object	941	Camera Viewpoints	4
libero_object	942	Camera Viewpoints	3
libero_object	943	Camera Viewpoints	2
libero_object	944	Camera Viewpoints	2
libero_object	945	Camera Viewpoints	2
libero_object	946	Camera Viewpoints	5
libero_object	947	Camera Viewpoints	5
libero_object	948	Camera Viewpoints	5
libero_object	949	Camera Viewpoints	5
libero_object	950	Camera Viewpoints	5
libero_object	951	Camera Viewpoints	5
libero_object	952	Camera Viewpoints	4
libero_object	953	Camera Viewpoints	5
libero_object	954	Camera Viewpoints	5
libero_object	955	Camera Viewpoints	5
libero_object	956	Camera Viewpoints	5
libero_object	957	Camera Viewpoints	5
libero_object	958	Camera Viewpoints	5
libero_object	959	Camera Viewpoints	5
libero_object	960	Camera Viewpoints	5
libero_object	961	Camera Viewpoints	5
libero_object	962	Camera Viewpoints	5
libero_object	963	Camera Viewpoints	5
libero_object	964	Camera Viewpoints	4
libero_object	965	Camera Viewpoints	4
libero_object	966	Camera Viewpoints	4
libero_object	967	Camera Viewpoints	5
libero_object	968	Camera Viewpoints	5
libero_object	969	Camera Viewpoints	4
libero_object	970	Camera Viewpoints	5
libero_object	971	Camera Viewpoints	3
libero_object	972	Camera Viewpoints	5
libero_object	973	Camera Viewpoints	3
libero_object	974	Camera Viewpoints	5
libero_object	975	Camera Viewpoints	4
libero_object	976	Camera Viewpoints	5
libero_object	977	Camera Viewpoints	5
libero_object	978	Camera Viewpoints	5
libero_object	979	Camera Viewpoints	5
libero_object	980	Camera Viewpoints	5
libero_object	981	Camera Viewpoints	5
libero_object	982	Camera Viewpoints	5
libero_object	983	Camera Viewpoints	5
libero_object	984	Camera Viewpoints	5
libero_object	985	Camera Viewpoints	3
libero_object	986	Camera Viewpoints	4
libero_object	987	Camera Viewpoints	2
libero_object	988	Camera Viewpoints	1
libero_object	989	Camera Viewpoints	1
libero_object	990	Camera Viewpoints	3
libero_object	991	Camera Viewpoints	1
libero_object	992	Camera Viewpoints	3
libero_object	993	Camera Viewpoints	1
libero_object	994	Camera Viewpoints	3
libero_object	995	Camera Viewpoints	1
libero_object	996	Camera Viewpoints	4
libero_object	997	Camera Viewpoints	2
libero_object	998	Camera Viewpoints	3
libero_object	999	Camera Viewpoints	2
libero_object	1000	Camera Viewpoints	3
libero_object	1001	Camera Viewpoints	1
libero_object	1002	Camera Viewpoints	3
libero_object	1003	Camera Viewpoints	1
libero_object	1004	Camera Viewpoints	3
libero_object	1005	Camera Viewpoints	1
libero_object	1006	Camera Viewpoints	4
libero_object	1007	Camera Viewpoints	1
libero_object	1008	Camera Viewpoints	3
libero_object	1009	Camera Viewpoints	1
libero_object	1010	Camera Viewpoints	3
libero_object	1011	Camera Viewpoints	2
libero_object	1012	Camera Viewpoints	2
libero_object	1013	Camera Viewpoints	1
libero_object	1014	Camera Viewpoints	1
libero_object	1015	Camera Viewpoints	1
libero_object	1016	Camera Viewpoints	5
libero_object	1017	Camera Viewpoints	5
libero_object	1018	Camera Viewpoints	5
libero_object	1019	Camera Viewpoints	5
libero_object	1020	Camera Viewpoints	5
libero_object	1021	Camera Viewpoints	5
libero_object	1022	Camera Viewpoints	5
libero_object	1023	Camera Viewpoints	5
libero_object	1024	Camera Viewpoints	5
libero_object	1025	Camera Viewpoints	5
libero_object	1026	Camera Viewpoints	1
libero_object	1027	Camera Viewpoints	4
libero_object	1028	Camera Viewpoints	4
libero_object	1029	Camera Viewpoints	4
libero_object	1030	Camera Viewpoints	2
libero_object	1031	Camera Viewpoints	1
libero_object	1032	Camera Viewpoints	1
libero_object	1033	Camera Viewpoints	2
libero_object	1034	Camera Viewpoints	1
libero_object	1035	Camera Viewpoints	1
libero_object	1036	Camera Viewpoints	1
libero_object	1037	Camera Viewpoints	1
libero_object	1038	Camera Viewpoints	1
libero_object	1039	Camera Viewpoints	2
libero_object	1040	Camera Viewpoints	1
libero_object	1041	Camera Viewpoints	1
libero_object	1042	Language Instructions	4
libero_object	1043	Language Instructions	1
libero_object	1044	Language Instructions	1
libero_object	1045	Language Instructions	3
libero_object	1046	Language Instructions	1
libero_object	1047	Language Instructions	5
libero_object	1048	Language Instructions	2
libero_object	1049	Language Instructions	1
libero_object	1050	Language Instructions	4
libero_object	1051	Language Instructions	1
libero_object	1052	Language Instructions	1
libero_object	1053	Language Instructions	1
libero_object	1054	Language Instructions	4
libero_object	1055	Language Instructions	1
libero_object	1056	Language Instructions	5
libero_object	1057	Language Instructions	5
libero_object	1058	Language Instructions	2
libero_object	1059	Language Instructions	2
libero_object	1060	Language Instructions	2
libero_object	1061	Language Instructions	4
libero_object	1062	Language Instructions	5
libero_object	1063	Language Instructions	2
libero_object	1064	Language Instructions	2
libero_object	1065	Language Instructions	5
libero_object	1066	Language Instructions	1
libero_object	1067	Language Instructions	1
libero_object	1068	Language Instructions	3
libero_object	1069	Language Instructions	1
libero_object	1070	Language Instructions	5
libero_object	1071	Language Instructions	1
libero_object	1072	Language Instructions	4
libero_object	1073	Language Instructions	3
libero_object	1074	Language Instructions	1
libero_object	1075	Language Instructions	5
libero_object	1076	Language Instructions	4
libero_object	1077	Language Instructions	4
libero_object	1078	Language Instructions	5
libero_object	1079	Language Instructions	1
libero_object	1080	Language Instructions	5
libero_object	1081	Language Instructions	4
libero_object	1082	Language Instructions	5
libero_object	1083	Language Instructions	5
libero_object	1084	Language Instructions	1
libero_object	1085	Language Instructions	4
libero_object	1086	Language Instructions	3
libero_object	1087	Language Instructions	3
libero_object	1088	Language Instructions	3
libero_object	1089	Language Instructions	2
libero_object	1090	Language Instructions	3
libero_object	1091	Language Instructions	5
libero_object	1092	Language Instructions	4
libero_object	1093	Language Instructions	5
libero_object	1094	Language Instructions	1
libero_object	1095	Language Instructions	1
libero_object	1096	Language Instructions	5
libero_object	1097	Language Instructions	3
libero_object	1098	Language Instructions	5
libero_object	1099	Language Instructions	2
libero_object	1100	Language Instructions	3
libero_object	1101	Language Instructions	2
libero_object	1102	Language Instructions	2
libero_object	1103	Language Instructions	2
libero_object	1104	Language Instructions	1
libero_object	1105	Language Instructions	1
libero_object	1106	Language Instructions	1
libero_object	1107	Language Instructions	4
libero_object	1108	Language Instructions	2
libero_object	1109	Language Instructions	3
libero_object	1110	Language Instructions	2
libero_object	1111	Language Instructions	3
libero_object	1112	Language Instructions	3
libero_object	1113	Language Instructions	1
libero_object	1114	Language Instructions	1
libero_object	1115	Language Instructions	4
libero_object	1116	Language Instructions	2
libero_object	1117	Language Instructions	4
libero_object	1118	Language Instructions	2
libero_object	1119	Language Instructions	1
libero_object	1120	Language Instructions	3
libero_object	1121	Language Instructions	1
libero_object	1122	Language Instructions	3
libero_object	1123	Language Instructions	1
libero_object	1124	Language Instructions	2
libero_object	1125	Language Instructions	1
libero_object	1126	Language Instructions	3
libero_object	1127	Language Instructions	4
libero_object	1128	Language Instructions	1
libero_object	1129	Language Instructions	3
libero_object	1130	Language Instructions	1
libero_object	1131	Language Instructions	1
libero_object	1132	Language Instructions	3
libero_object	1133	Language Instructions	3
libero_object	1134	Language Instructions	1
libero_object	1135	Language Instructions	3
libero_object	1136	Language Instructions	3
libero_object	1137	Language Instructions	2
libero_object	1138	Language Instructions	3
libero_object	1139	Language Instructions	3
libero_object	1140	Language Instructions	3
libero_object	1141	Language Instructions	2
libero_object	1142	Language Instructions	1
libero_object	1143	Language Instructions	1
libero_object	1144	Language Instructions	2
libero_object	1145	Language Instructions	3
libero_object	1146	Language Instructions	1
libero_object	1147	Language Instructions	1
libero_object	1148	Language Instructions	4
libero_object	1149	Language Instructions	3
libero_object	1150	Language Instructions	1
libero_object	1151	Language Instructions	5
libero_object	1152	Language Instructions	4
libero_object	1153	Language Instructions	3
libero_object	1154	Language Instructions	2
libero_object	1155	Language Instructions	1
libero_object	1156	Language Instructions	1
libero_object	1157	Language Instructions	1
libero_object	1158	Language Instructions	1
libero_object	1159	Language Instructions	1
libero_object	1160	Language Instructions	2
libero_object	1161	Language Instructions	1
libero_object	1162	Language Instructions	3
libero_object	1163	Language Instructions	1
libero_object	1164	Language Instructions	2
libero_object	1165	Language Instructions	1
libero_object	1166	Language Instructions	1
libero_object	1167	Language Instructions	2
libero_object	1168	Language Instructions	2
libero_object	1169	Language Instructions	1
libero_object	1170	Language Instructions	3
libero_object	1171	Language Instructions	1
libero_object	1172	Language Instructions	1
libero_object	1173	Language Instructions	4
libero_object	1174	Language Instructions	4
libero_object	1175	Language Instructions	3
libero_object	1176	Language Instructions	3
libero_object	1177	Language Instructions	3
libero_object	1178	Language Instructions	1
libero_object	1179	Language Instructions	1
libero_object	1180	Language Instructions	2
libero_object	1181	Language Instructions	3
libero_object	1182	Language Instructions	4
libero_object	1183	Language Instructions	4
libero_object	1184	Language Instructions	1
libero_object	1185	Language Instructions	4
libero_object	1186	Language Instructions	3
libero_object	1187	Language Instructions	2
libero_object	1188	Language Instructions	4
libero_object	1189	Language Instructions	4
libero_object	1190	Language Instructions	2
libero_object	1191	Language Instructions	1
libero_object	1192	Language Instructions	1
libero_object	1193	Language Instructions	4
libero_object	1194	Language Instructions	4
libero_object	1195	Language Instructions	4
libero_object	1196	Language Instructions	2
libero_object	1197	Language Instructions	4
libero_object	1198	Language Instructions	3
libero_object	1199	Language Instructions	4
libero_object	1200	Language Instructions	1
libero_object	1201	Language Instructions	1
libero_object	1202	Language Instructions	2
libero_object	1203	Language Instructions	1
libero_object	1204	Language Instructions	3
libero_object	1205	Language Instructions	4
libero_object	1206	Language Instructions	3
libero_object	1207	Language Instructions	3
libero_object	1208	Language Instructions	4
libero_object	1209	Language Instructions	4
libero_object	1210	Language Instructions	1
libero_object	1211	Language Instructions	1
libero_object	1212	Language Instructions	1
libero_object	1213	Language Instructions	2
libero_object	1214	Language Instructions	1
libero_object	1215	Language Instructions	2
libero_object	1216	Language Instructions	1
libero_object	1217	Language Instructions	1
libero_object	1218	Language Instructions	4
libero_object	1219	Language Instructions	4
libero_object	1220	Language Instructions	4
libero_object	1221	Language Instructions	2
libero_object	1222	Language Instructions	1
libero_object	1223	Language Instructions	4
libero_object	1224	Language Instructions	1
libero_object	1225	Language Instructions	5
libero_object	1226	Language Instructions	1
libero_object	1227	Language Instructions	1
libero_object	1228	Language Instructions	3
libero_object	1229	Language Instructions	5
libero_object	1230	Language Instructions	3
libero_object	1231	Language Instructions	4
libero_object	1232	Language Instructions	2
libero_object	1233	Language Instructions	3
libero_object	1234	Language Instructions	3
libero_object	1235	Language Instructions	5
libero_object	1236	Language Instructions	4
libero_object	1237	Language Instructions	2
libero_object	1238	Language Instructions	3
libero_object	1239	Language Instructions	3
libero_object	1240	Language Instructions	5
libero_object	1241	Language Instructions	4
libero_object	1242	Language Instructions	1
libero_object	1243	Language Instructions	2
libero_object	1244	Language Instructions	5
libero_object	1245	Language Instructions	3
libero_object	1246	Language Instructions	1
libero_object	1247	Language Instructions	1
libero_object	1248	Language Instructions	2
libero_object	1249	Language Instructions	1
libero_object	1250	Language Instructions	1
libero_object	1251	Language Instructions	3
libero_object	1252	Language Instructions	2
libero_object	1253	Language Instructions	1
libero_object	1254	Language Instructions	4
libero_object	1255	Language Instructions	2
libero_object	1256	Language Instructions	1
libero_object	1257	Language Instructions	1
libero_object	1258	Language Instructions	2
libero_object	1259	Language Instructions	3
libero_object	1260	Language Instructions	3
libero_object	1261	Language Instructions	3
libero_object	1262	Language Instructions	4
libero_object	1263	Language Instructions	1
libero_object	1264	Language Instructions	3
libero_object	1265	Language Instructions	2
libero_object	1266	Language Instructions	5
libero_object	1267	Language Instructions	1
libero_object	1268	Language Instructions	1
libero_object	1269	Language Instructions	5
libero_object	1270	Language Instructions	4
libero_object	1271	Language Instructions	2
libero_object	1272	Language Instructions	2
libero_object	1273	Language Instructions	1
libero_object	1274	Language Instructions	1
libero_object	1275	Language Instructions	5
libero_object	1276	Language Instructions	5
libero_object	1277	Language Instructions	5
libero_object	1278	Language Instructions	4
libero_object	1279	Language Instructions	2
libero_object	1280	Language Instructions	2
libero_object	1281	Language Instructions	3
libero_object	1282	Language Instructions	3
libero_object	1283	Language Instructions	5
libero_object	1284	Language Instructions	5
libero_object	1285	Language Instructions	2
libero_object	1286	Language Instructions	4
libero_object	1287	Language Instructions	4
libero_object	1288	Language Instructions	4
libero_object	1289	Language Instructions	3
libero_object	1290	Language Instructions	5
libero_object	1291	Language Instructions	5
libero_object	1292	Language Instructions	4
libero_object	1293	Language Instructions	2
libero_object	1294	Language Instructions	5
libero_object	1295	Language Instructions	1
libero_object	1296	Language Instructions	1
libero_object	1297	Language Instructions	1
libero_object	1298	Language Instructions	5
libero_object	1299	Language Instructions	4
libero_object	1300	Language Instructions	2
libero_object	1301	Language Instructions	2
libero_object	1302	Language Instructions	2
libero_object	1303	Language Instructions	1
libero_object	1304	Language Instructions	2
libero_object	1305	Language Instructions	1
libero_object	1306	Language Instructions	3
libero_object	1307	Language Instructions	4
libero_object	1308	Language Instructions	2
libero_object	1309	Language Instructions	3
libero_object	1310	Language Instructions	1
libero_object	1311	Language Instructions	3
libero_object	1312	Language Instructions	2
libero_object	1313	Language Instructions	3
libero_object	1314	Language Instructions	3
libero_object	1315	Language Instructions	3
libero_object	1316	Language Instructions	3
libero_object	1317	Language Instructions	3
libero_object	1318	Language Instructions	5
libero_object	1319	Language Instructions	3
libero_object	1320	Language Instructions	2
libero_object	1321	Language Instructions	3
libero_object	1322	Language Instructions	4
libero_object	1323	Language Instructions	4
libero_object	1324	Language Instructions	4
libero_object	1325	Language Instructions	1
libero_object	1326	Language Instructions	3
libero_object	1327	Language Instructions	2
libero_object	1328	Language Instructions	4
libero_object	1329	Language Instructions	3
libero_object	1330	Language Instructions	4
libero_object	1331	Language Instructions	1
libero_object	1332	Language Instructions	1
libero_object	1333	Language Instructions	1
libero_object	1334	Language Instructions	4
libero_object	1335	Language Instructions	4
libero_object	1336	Language Instructions	2
libero_object	1337	Language Instructions	1
libero_object	1338	Language Instructions	4
libero_object	1339	Language Instructions	4
libero_object	1340	Language Instructions	4
libero_object	1341	Language Instructions	2
libero_object	1342	Language Instructions	3
libero_object	1343	Language Instructions	5
libero_object	1344	Language Instructions	2
libero_object	1345	Language Instructions	3
libero_object	1346	Language Instructions	1
libero_object	1347	Language Instructions	3
libero_object	1348	Language Instructions	3
libero_object	1349	Language Instructions	4
libero_object	1350	Language Instructions	1
libero_object	1351	Language Instructions	1
libero_object	1352	Language Instructions	1
libero_object	1353	Language Instructions	2
libero_object	1354	Language Instructions	1
libero_object	1355	Language Instructions	2
libero_object	1356	Language Instructions	4
libero_object	1357	Language Instructions	5
libero_object	1358	Language Instructions	4
libero_object	1359	Language Instructions	5
libero_object	1360	Language Instructions	2
libero_object	1361	Language Instructions	3
libero_object	1362	Language Instructions	1
libero_object	1363	Language Instructions	2
libero_object	1364	Language Instructions	3
libero_object	1365	Language Instructions	5
libero_object	1366	Language Instructions	1
libero_object	1367	Language Instructions	2
libero_object	1368	Language Instructions	2
libero_object	1369	Language Instructions	2
libero_object	1370	Language Instructions	2
libero_object	1371	Language Instructions	1
libero_object	1372	Language Instructions	5
libero_object	1373	Language Instructions	1
libero_object	1374	Language Instructions	5
libero_object	1375	Language Instructions	1
libero_object	1376	Language Instructions	1
libero_object	1377	Language Instructions	5
libero_object	1378	Language Instructions	2
libero_object	1379	Language Instructions	5
libero_object	1380	Language Instructions	5
libero_object	1381	Language Instructions	5
libero_object	1382	Language Instructions	2
libero_object	1383	Language Instructions	3
libero_object	1384	Language Instructions	4
libero_object	1385	Language Instructions	1
libero_object	1386	Language Instructions	5
libero_object	1387	Language Instructions	1
libero_object	1388	Language Instructions	1
libero_object	1389	Language Instructions	5
libero_object	1390	Language Instructions	5
libero_object	1391	Language Instructions	5
libero_object	1392	Language Instructions	3
libero_object	1393	Language Instructions	4
libero_object	1394	Language Instructions	5
libero_object	1395	Language Instructions	5
libero_object	1396	Sensor Noise	2
libero_object	1397	Sensor Noise	3
libero_object	1398	Sensor Noise	4
libero_object	1399	Sensor Noise	2
libero_object	1400	Sensor Noise	3
libero_object	1401	Sensor Noise	3
libero_object	1402	Sensor Noise	2
libero_object	1403	Sensor Noise	3
libero_object	1404	Sensor Noise	4
libero_object	1405	Sensor Noise	2
libero_object	1406	Sensor Noise	2
libero_object	1407	Sensor Noise	2
libero_object	1408	Sensor Noise	5
libero_object	1409	Sensor Noise	4
libero_object	1410	Sensor Noise	5
libero_object	1411	Sensor Noise	5
libero_object	1412	Sensor Noise	5
libero_object	1413	Sensor Noise	4
libero_object	1414	Sensor Noise	1
libero_object	1415	Sensor Noise	1
libero_object	1416	Sensor Noise	2
libero_object	1417	Sensor Noise	3
libero_object	1418	Sensor Noise	2
libero_object	1419	Sensor Noise	3
libero_object	1420	Sensor Noise	4
libero_object	1421	Sensor Noise	4
libero_object	1422	Sensor Noise	2
libero_object	1423	Sensor Noise	2
libero_object	1424	Sensor Noise	2
libero_object	1425	Sensor Noise	4
libero_object	1426	Sensor Noise	4
libero_object	1427	Sensor Noise	4
libero_object	1428	Sensor Noise	2
libero_object	1429	Sensor Noise	2
libero_object	1430	Sensor Noise	3
libero_object	1431	Sensor Noise	2
libero_object	1432	Sensor Noise	3
libero_object	1433	Sensor Noise	2
libero_object	1434	Sensor Noise	4
libero_object	1435	Sensor Noise	4
libero_object	1436	Sensor Noise	4
libero_object	1437	Sensor Noise	4
libero_object	1438	Sensor Noise	2
libero_object	1439	Sensor Noise	2
libero_object	1440	Sensor Noise	2
libero_object	1441	Sensor Noise	3
libero_object	1442	Sensor Noise	3
libero_object	1443	Sensor Noise	3
libero_object	1444	Sensor Noise	3
libero_object	1445	Sensor Noise	4
libero_object	1446	Sensor Noise	5
libero_object	1447	Sensor Noise	5
libero_object	1448	Sensor Noise	1
libero_object	1449	Sensor Noise	2
libero_object	1450	Sensor Noise	2
libero_object	1451	Sensor Noise	4
libero_object	1452	Sensor Noise	4
libero_object	1453	Sensor Noise	4
libero_object	1454	Sensor Noise	5
libero_object	1455	Sensor Noise	5
libero_object	1456	Sensor Noise	5
libero_object	1457	Sensor Noise	1
libero_object	1458	Sensor Noise	2
libero_object	1459	Sensor Noise	1
libero_object	1460	Sensor Noise	2
libero_object	1461	Sensor Noise	2
libero_object	1462	Sensor Noise	3
libero_object	1463	Sensor Noise	3
libero_object	1464	Sensor Noise	5
libero_object	1465	Sensor Noise	5
libero_object	1466	Sensor Noise	1
libero_object	1467	Sensor Noise	1
libero_object	1468	Sensor Noise	2
libero_object	1469	Sensor Noise	2
libero_object	1470	Sensor Noise	2
libero_object	1471	Sensor Noise	3
libero_object	1472	Sensor Noise	4
libero_object	1473	Sensor Noise	2
libero_object	1474	Sensor Noise	2
libero_object	1475	Sensor Noise	3
libero_object	1476	Sensor Noise	2
libero_object	1477	Sensor Noise	4
libero_object	1478	Sensor Noise	4
libero_object	1479	Sensor Noise	5
libero_object	1480	Sensor Noise	4
libero_object	1481	Sensor Noise	4
libero_object	1482	Sensor Noise	2
libero_object	1483	Sensor Noise	2
libero_object	1484	Sensor Noise	2
libero_object	1485	Sensor Noise	2
libero_object	1486	Sensor Noise	2
libero_object	1487	Sensor Noise	3
libero_object	1488	Sensor Noise	3
libero_object	1489	Sensor Noise	4
libero_object	1490	Sensor Noise	3
libero_object	1491	Sensor Noise	2
libero_object	1492	Sensor Noise	2
libero_object	1493	Sensor Noise	3
libero_object	1494	Sensor Noise	2
libero_object	1495	Sensor Noise	4
libero_object	1496	Sensor Noise	4
libero_object	1497	Sensor Noise	5
libero_object	1498	Sensor Noise	4
libero_object	1499	Sensor Noise	1
libero_object	1500	Sensor Noise	2
libero_object	1501	Sensor Noise	2
libero_object	1502	Sensor Noise	2
libero_object	1503	Sensor Noise	2
libero_object	1504	Sensor Noise	4
libero_object	1505	Sensor Noise	5
libero_object	1506	Sensor Noise	1
libero_object	1507	Sensor Noise	1
libero_object	1508	Sensor Noise	2
libero_object	1509	Sensor Noise	2
libero_object	1510	Sensor Noise	2
libero_object	1511	Sensor Noise	3
libero_object	1512	Sensor Noise	3
libero_object	1513	Sensor Noise	5
libero_object	1514	Sensor Noise	2
libero_object	1515	Sensor Noise	1
libero_object	1516	Sensor Noise	2
libero_object	1517	Sensor Noise	2
libero_object	1518	Sensor Noise	2
libero_object	1519	Sensor Noise	2
libero_object	1520	Sensor Noise	3
libero_object	1521	Sensor Noise	3
libero_object	1522	Sensor Noise	4
libero_object	1523	Sensor Noise	4
libero_object	1524	Sensor Noise	1
libero_object	1525	Sensor Noise	2
libero_object	1526	Sensor Noise	2
libero_object	1527	Sensor Noise	2
libero_object	1528	Sensor Noise	2
libero_object	1529	Sensor Noise	2
libero_object	1530	Sensor Noise	4
libero_object	1531	Sensor Noise	4
libero_object	1532	Sensor Noise	2
libero_object	1533	Sensor Noise	2
libero_object	1534	Sensor Noise	2
libero_object	1535	Sensor Noise	2
libero_object	1536	Sensor Noise	3
libero_object	1537	Sensor Noise	4
libero_object	1538	Sensor Noise	5
libero_object	1539	Sensor Noise	4
libero_object	1540	Sensor Noise	5
libero_object	1541	Sensor Noise	1
libero_object	1542	Sensor Noise	2
libero_object	1543	Sensor Noise	2
libero_object	1544	Sensor Noise	2
libero_object	1545	Sensor Noise	4
libero_object	1546	Sensor Noise	3
libero_object	1547	Sensor Noise	4
libero_object	1548	Sensor Noise	1
libero_object	1549	Sensor Noise	1
libero_object	1550	Sensor Noise	2
libero_object	1551	Sensor Noise	2
libero_object	1552	Sensor Noise	3
libero_object	1553	Sensor Noise	3
libero_object	1554	Sensor Noise	5
libero_object	1555	Sensor Noise	1
libero_object	1556	Sensor Noise	2
libero_object	1557	Sensor Noise	2
libero_object	1558	Sensor Noise	2
libero_object	1559	Sensor Noise	4
libero_object	1560	Sensor Noise	2
libero_object	1561	Sensor Noise	3
libero_object	1562	Sensor Noise	4
libero_object	1563	Sensor Noise	3
libero_object	1564	Sensor Noise	2
libero_object	1565	Sensor Noise	1
libero_object	1566	Sensor Noise	2
libero_object	1567	Sensor Noise	2
libero_object	1568	Sensor Noise	2
libero_object	1569	Sensor Noise	3
libero_object	1570	Sensor Noise	3
libero_object	1571	Sensor Noise	4
libero_object	1572	Sensor Noise	4
libero_object	1573	Sensor Noise	4
libero_object	1574	Sensor Noise	4
libero_object	1575	Sensor Noise	1
libero_object	1576	Sensor Noise	2
libero_object	1577	Sensor Noise	4
libero_object	1578	Sensor Noise	5
libero_object	1579	Sensor Noise	5
libero_object	1580	Sensor Noise	5
libero_object	1581	Sensor Noise	4
libero_object	1582	Sensor Noise	5
libero_object	1583	Sensor Noise	4
libero_object	1584	Sensor Noise	1
libero_object	1585	Sensor Noise	2
libero_object	1586	Sensor Noise	2
libero_object	1587	Sensor Noise	2
libero_object	1588	Sensor Noise	3
libero_object	1589	Sensor Noise	3
libero_object	1590	Sensor Noise	4
libero_object	1591	Sensor Noise	5
libero_object	1592	Sensor Noise	1
libero_object	1593	Sensor Noise	2
libero_object	1594	Sensor Noise	2
libero_object	1595	Sensor Noise	3
libero_object	1596	Sensor Noise	3
libero_object	1597	Sensor Noise	4
libero_object	1598	Sensor Noise	4
libero_object	1599	Sensor Noise	2
libero_object	1600	Sensor Noise	2
libero_object	1601	Sensor Noise	2
libero_object	1602	Sensor Noise	3
libero_object	1603	Sensor Noise	3
libero_object	1604	Sensor Noise	5
libero_object	1605	Sensor Noise	5
libero_object	1606	Sensor Noise	3
libero_object	1607	Sensor Noise	4
libero_object	1608	Sensor Noise	2
libero_object	1609	Sensor Noise	2
libero_object	1610	Sensor Noise	2
libero_object	1611	Sensor Noise	2
libero_object	1612	Sensor Noise	2
libero_object	1613	Sensor Noise	3
libero_object	1614	Sensor Noise	3
libero_object	1615	Sensor Noise	3
libero_object	1616	Sensor Noise	3
libero_object	1617	Sensor Noise	2
libero_object	1618	Sensor Noise	3
libero_object	1619	Sensor Noise	3
libero_object	1620	Sensor Noise	4
libero_object	1621	Sensor Noise	3
libero_object	1622	Sensor Noise	5
libero_object	1623	Sensor Noise	5
libero_object	1624	Sensor Noise	4
libero_object	1625	Sensor Noise	5
libero_object	1626	Sensor Noise	2
libero_object	1627	Sensor Noise	1
libero_object	1628	Sensor Noise	1
libero_object	1629	Sensor Noise	2
libero_object	1630	Sensor Noise	2
libero_object	1631	Sensor Noise	3
libero_object	1632	Sensor Noise	4
libero_object	1633	Sensor Noise	5
libero_object	1634	Sensor Noise	1
libero_object	1635	Sensor Noise	1
libero_object	1636	Sensor Noise	2
libero_object	1637	Sensor Noise	2
libero_object	1638	Sensor Noise	2
libero_object	1639	Sensor Noise	3
libero_object	1640	Sensor Noise	4
libero_object	1641	Sensor Noise	5
libero_object	1642	Sensor Noise	2
libero_object	1643	Sensor Noise	2
libero_object	1644	Sensor Noise	2
libero_object	1645	Sensor Noise	2
libero_object	1646	Sensor Noise	2
libero_object	1647	Sensor Noise	4
libero_object	1648	Sensor Noise	4
libero_object	1649	Sensor Noise	4
libero_object	1650	Sensor Noise	4
libero_object	1651	Sensor Noise	3
libero_object	1652	Sensor Noise	1
libero_object	1653	Sensor Noise	1
libero_object	1654	Sensor Noise	2
libero_object	1655	Sensor Noise	3
libero_object	1656	Sensor Noise	2
libero_object	1657	Sensor Noise	2
libero_object	1658	Sensor Noise	2
libero_object	1659	Sensor Noise	3
libero_object	1660	Sensor Noise	2
libero_object	1661	Sensor Noise	2
libero_object	1662	Sensor Noise	2
libero_object	1663	Sensor Noise	2
libero_object	1664	Sensor Noise	4
libero_object	1665	Sensor Noise	5
libero_object	1666	Sensor Noise	5
libero_object	1667	Sensor Noise	4
libero_object	1668	Sensor Noise	5
libero_object	1669	Sensor Noise	1
libero_object	1670	Sensor Noise	1
libero_object	1671	Sensor Noise	1
libero_object	1672	Sensor Noise	2
libero_object	1673	Sensor Noise	2
libero_object	1674	Sensor Noise	3
libero_object	1675	Sensor Noise	2
libero_object	1676	Sensor Noise	3
libero_object	1677	Sensor Noise	4
libero_object	1678	Sensor Noise	4
libero_object	1679	Sensor Noise	1
libero_object	1680	Sensor Noise	2
libero_object	1681	Sensor Noise	2
libero_object	1682	Sensor Noise	2
libero_object	1683	Sensor Noise	2
libero_object	1684	Sensor Noise	3
libero_object	1685	Sensor Noise	4
libero_object	1686	Sensor Noise	5
libero_object	1687	Sensor Noise	2
libero_object	1688	Sensor Noise	2
libero_object	1689	Sensor Noise	2
libero_object	1690	Sensor Noise	3
libero_object	1691	Sensor Noise	2
libero_object	1692	Sensor Noise	4
libero_object	1693	Sensor Noise	4
libero_object	1694	Sensor Noise	4
libero_object	1695	Sensor Noise	3
libero_object	1696	Sensor Noise	2
libero_object	1697	Sensor Noise	2
libero_object	1698	Sensor Noise	2
libero_object	1699	Sensor Noise	2
libero_object	1700	Sensor Noise	2
libero_object	1701	Sensor Noise	2
libero_object	1702	Sensor Noise	2
libero_object	1703	Sensor Noise	3
libero_object	1704	Sensor Noise	4
libero_object	1705	Sensor Noise	2
libero_object	1706	Sensor Noise	2
libero_object	1707	Sensor Noise	4
libero_object	1708	Sensor Noise	4
libero_object	1709	Sensor Noise	5
libero_object	1710	Sensor Noise	5
libero_object	1711	Sensor Noise	5
libero_object	1712	Sensor Noise	5
libero_object	1713	Sensor Noise	1
libero_object	1714	Sensor Noise	2
libero_object	1715	Sensor Noise	2
libero_object	1716	Sensor Noise	2
libero_object	1717	Sensor Noise	3
libero_object	1718	Sensor Noise	5
libero_object	1719	Sensor Noise	5
libero_object	1720	Sensor Noise	2
libero_object	1721	Sensor Noise	2
libero_object	1722	Sensor Noise	2
libero_object	1723	Sensor Noise	2
libero_object	1724	Sensor Noise	2
libero_object	1725	Sensor Noise	1
libero_object	1726	Sensor Noise	1
libero_object	1727	Sensor Noise	2
libero_object	1728	Sensor Noise	2
libero_object	1729	Sensor Noise	2
libero_object	1730	Sensor Noise	3
libero_object	1731	Sensor Noise	3
libero_object	1732	Sensor Noise	3
libero_object	1733	Sensor Noise	4
libero_object	1734	Sensor Noise	4
libero_object	1735	Sensor Noise	2
libero_object	1736	Sensor Noise	2
libero_object	1737	Sensor Noise	2
libero_object	1738	Sensor Noise	3
libero_object	1739	Sensor Noise	4
libero_object	1740	Sensor Noise	4
libero_object	1741	Sensor Noise	4
libero_object	1742	Sensor Noise	4
libero_object	1743	Sensor Noise	4
libero_object	1744	Sensor Noise	2
libero_object	1745	Sensor Noise	3
libero_object	1746	Sensor Noise	4
libero_object	1747	Sensor Noise	4
libero_object	1748	Sensor Noise	4
libero_object	1749	Sensor Noise	5
libero_object	1750	Sensor Noise	4
libero_object	1751	Sensor Noise	5
libero_object	1752	Sensor Noise	4
libero_object	1753	Sensor Noise	2
libero_object	1754	Sensor Noise	1
libero_object	1755	Sensor Noise	3
libero_object	1756	Sensor Noise	3
libero_object	1757	Sensor Noise	4
libero_object	1758	Sensor Noise	4
libero_object	1759	Sensor Noise	1
libero_object	1760	Sensor Noise	1
libero_object	1761	Sensor Noise	2
libero_object	1762	Sensor Noise	2
libero_object	1763	Sensor Noise	2
libero_object	1764	Sensor Noise	3
libero_object	1765	Sensor Noise	4
libero_object	1766	Sensor Noise	4
libero_object	1767	Sensor Noise	1
libero_object	1768	Sensor Noise	2
libero_object	1769	Sensor Noise	2
libero_object	1770	Sensor Noise	2
libero_object	1771	Sensor Noise	4
libero_object	1772	Sensor Noise	4
libero_object	1773	Sensor Noise	4
libero_object	1774	Sensor Noise	4
libero_object	1775	Sensor Noise	4
libero_object	1776	Sensor Noise	3
libero_object	1777	Sensor Noise	2
libero_object	1778	Sensor Noise	2
libero_object	1779	Sensor Noise	2
libero_object	1780	Sensor Noise	4
libero_object	1781	Sensor Noise	4
libero_object	1782	Sensor Noise	4
libero_object	1783	Sensor Noise	4
libero_object	1784	Sensor Noise	4
libero_object	1785	Sensor Noise	5
libero_object	1786	Sensor Noise	1
libero_object	1787	Sensor Noise	2
libero_object	1788	Sensor Noise	4
libero_object	1789	Sensor Noise	4
libero_object	1790	Sensor Noise	5
libero_object	1791	Sensor Noise	4
libero_object	1792	Sensor Noise	5
libero_object	1793	Sensor Noise	5
libero_object	1794	Sensor Noise	5
libero_object	1795	Sensor Noise	2
libero_object	1796	Sensor Noise	2
libero_object	1797	Sensor Noise	3
libero_object	1798	Sensor Noise	2
libero_object	1799	Sensor Noise	3
libero_object	1800	Sensor Noise	4
libero_object	1801	Sensor Noise	4
libero_object	1802	Sensor Noise	2
libero_object	1803	Sensor Noise	2
libero_object	1804	Sensor Noise	1
libero_object	1805	Sensor Noise	4
libero_object	1806	Sensor Noise	4
libero_object	1807	Sensor Noise	5
libero_object	1808	Sensor Noise	5
libero_object	1809	Sensor Noise	1
libero_object	1810	Sensor Noise	3
libero_object	1811	Sensor Noise	2
libero_object	1812	Sensor Noise	3
libero_object	1813	Sensor Noise	4
libero_object	1814	Sensor Noise	4
libero_object	1815	Sensor Noise	4
libero_object	1816	Sensor Noise	4
libero_object	1817	Sensor Noise	5
libero_object	1818	Objects Layout	1
libero_object	1819	Objects Layout	2
libero_object	1820	Objects Layout	2
libero_object	1821	Objects Layout	1
libero_object	1822	Objects Layout	1
libero_object	1823	Objects Layout	1
libero_object	1824	Objects Layout	3
libero_object	1825	Objects Layout	2
libero_object	1826	Objects Layout	2
libero_object	1827	Objects Layout	4
libero_object	1828	Objects Layout	1
libero_object	1829	Objects Layout	2
libero_object	1830	Objects Layout	2
libero_object	1831	Objects Layout	1
libero_object	1832	Objects Layout	1
libero_object	1833	Objects Layout	1
libero_object	1834	Objects Layout	1
libero_object	1835	Objects Layout	2
libero_object	1836	Objects Layout	1
libero_object	1837	Objects Layout	1
libero_object	1838	Objects Layout	1
libero_object	1839	Objects Layout	4
libero_object	1840	Objects Layout	4
libero_object	1841	Objects Layout	4
libero_object	1842	Objects Layout	4
libero_object	1843	Objects Layout	5
libero_object	1844	Objects Layout	4
libero_object	1845	Objects Layout	4
libero_object	1846	Objects Layout	4
libero_object	1847	Objects Layout	3
libero_object	1848	Objects Layout	5
libero_object	1849	Objects Layout	5
libero_object	1850	Objects Layout	5
libero_object	1851	Objects Layout	4
libero_object	1852	Objects Layout	4
libero_object	1853	Objects Layout	5
libero_object	1854	Objects Layout	4
libero_object	1855	Objects Layout	4
libero_object	1856	Objects Layout	5
libero_object	1857	Objects Layout	5
libero_object	1858	Objects Layout	5
libero_object	1859	Objects Layout	2
libero_object	1860	Objects Layout	2
libero_object	1861	Objects Layout	1
libero_object	1862	Objects Layout	1
libero_object	1863	Objects Layout	3
libero_object	1864	Objects Layout	1
libero_object	1865	Objects Layout	2
libero_object	1866	Objects Layout	2
libero_object	1867	Objects Layout	2
libero_object	1868	Objects Layout	2
libero_object	1869	Objects Layout	3
libero_object	1870	Objects Layout	2
libero_object	1871	Objects Layout	3
libero_object	1872	Objects Layout	2
libero_object	1873	Objects Layout	3
libero_object	1874	Objects Layout	2
libero_object	1875	Objects Layout	1
libero_object	1876	Objects Layout	2
libero_object	1877	Objects Layout	3
libero_object	1878	Objects Layout	1
libero_object	1879	Objects Layout	1
libero_object	1880	Objects Layout	3
libero_object	1881	Objects Layout	1
libero_object	1882	Objects Layout	2
libero_object	1883	Objects Layout	5
libero_object	1884	Objects Layout	5
libero_object	1885	Objects Layout	5
libero_object	1886	Objects Layout	5
libero_object	1887	Objects Layout	5
libero_object	1888	Objects Layout	5
libero_object	1889	Objects Layout	5
libero_object	1890	Objects Layout	5
libero_object	1891	Objects Layout	5
libero_object	1892	Objects Layout	5
libero_object	1893	Objects Layout	5
libero_object	1894	Objects Layout	5
libero_object	1895	Objects Layout	5
libero_object	1896	Objects Layout	5
libero_object	1897	Objects Layout	5
libero_object	1898	Objects Layout	5
libero_object	1899	Objects Layout	5
libero_object	1900	Objects Layout	5
libero_object	1901	Objects Layout	5
libero_object	1902	Objects Layout	5
libero_object	1903	Objects Layout	2
libero_object	1904	Objects Layout	5
libero_object	1905	Objects Layout	1
libero_object	1906	Objects Layout	2
libero_object	1907	Objects Layout	1
libero_object	1908	Objects Layout	4
libero_object	1909	Objects Layout	5
libero_object	1910	Objects Layout	1
libero_object	1911	Objects Layout	2
libero_object	1912	Objects Layout	5
libero_object	1913	Objects Layout	2
libero_object	1914	Objects Layout	4
libero_object	1915	Objects Layout	5
libero_object	1916	Objects Layout	1
libero_object	1917	Objects Layout	3
libero_object	1918	Objects Layout	5
libero_object	1919	Objects Layout	4
libero_object	1920	Objects Layout	5
libero_object	1921	Objects Layout	2
libero_object	1922	Objects Layout	1
libero_object	1923	Objects Layout	1
libero_object	1924	Objects Layout	1
libero_object	1925	Objects Layout	1
libero_object	1926	Objects Layout	1
libero_object	1927	Objects Layout	2
libero_object	1928	Objects Layout	1
libero_object	1929	Objects Layout	2
libero_object	1930	Objects Layout	2
libero_object	1931	Objects Layout	4
libero_object	1932	Objects Layout	5
libero_object	1933	Objects Layout	5
libero_object	1934	Objects Layout	3
libero_object	1935	Objects Layout	4
libero_object	1936	Objects Layout	5
libero_object	1937	Objects Layout	5
libero_object	1938	Objects Layout	5
libero_object	1939	Objects Layout	3
libero_object	1940	Objects Layout	5
libero_object	1941	Objects Layout	5
libero_object	1942	Objects Layout	2
libero_object	1943	Objects Layout	5
libero_object	1944	Objects Layout	4
libero_object	1945	Objects Layout	5
libero_object	1946	Objects Layout	4
libero_object	1947	Objects Layout	2
libero_object	1948	Objects Layout	2
libero_object	1949	Objects Layout	1
libero_object	1950	Objects Layout	1
libero_object	1951	Objects Layout	1
libero_object	1952	Objects Layout	2
libero_object	1953	Objects Layout	2
libero_object	1954	Objects Layout	1
libero_object	1955	Objects Layout	2
libero_object	1956	Objects Layout	1
libero_object	1957	Objects Layout	2
libero_object	1958	Objects Layout	1
libero_object	1959	Objects Layout	1
libero_object	1960	Objects Layout	3
libero_object	1961	Objects Layout	1
libero_object	1962	Objects Layout	1
libero_object	1963	Objects Layout	1
libero_object	1964	Objects Layout	1
libero_object	1965	Objects Layout	5
libero_object	1966	Objects Layout	5
libero_object	1967	Objects Layout	5
libero_object	1968	Objects Layout	5
libero_object	1969	Objects Layout	5
libero_object	1970	Objects Layout	5
libero_object	1971	Objects Layout	5
libero_object	1972	Objects Layout	5
libero_object	1973	Objects Layout	5
libero_object	1974	Objects Layout	5
libero_object	1975	Objects Layout	5
libero_object	1976	Objects Layout	5
libero_object	1977	Objects Layout	5
libero_object	1978	Objects Layout	5
libero_object	1979	Objects Layout	5
libero_object	1980	Objects Layout	5
libero_object	1981	Objects Layout	5
libero_object	1982	Objects Layout	5
libero_object	1983	Objects Layout	5
libero_object	1984	Objects Layout	5
libero_object	1985	Objects Layout	1
libero_object	1986	Objects Layout	1
libero_object	1987	Objects Layout	1
libero_object	1988	Objects Layout	2
libero_object	1989	Objects Layout	1
libero_object	1990	Objects Layout	2
libero_object	1991	Objects Layout	3
libero_object	1992	Objects Layout	5
libero_object	1993	Objects Layout	5
libero_object	1994	Objects Layout	5
libero_object	1995	Objects Layout	5
libero_object	1996	Objects Layout	5
libero_object	1997	Objects Layout	5
libero_object	1998	Objects Layout	5
libero_object	1999	Objects Layout	5
libero_object	2000	Objects Layout	5
libero_object	2001	Objects Layout	5
libero_object	2002	Objects Layout	5
libero_object	2003	Objects Layout	5
libero_object	2004	Objects Layout	5
libero_object	2005	Objects Layout	5
libero_object	2006	Objects Layout	5
libero_object	2007	Objects Layout	5
libero_object	2008	Objects Layout	5
libero_object	2009	Objects Layout	5
libero_object	2010	Objects Layout	5
libero_object	2011	Objects Layout	5
libero_object	2012	Objects Layout	2
libero_object	2013	Objects Layout	1
libero_object	2014	Objects Layout	1
libero_object	2015	Objects Layout	1
libero_object	2016	Objects Layout	1
libero_object	2017	Objects Layout	5
libero_object	2018	Objects Layout	5
libero_object	2019	Objects Layout	5
libero_object	2020	Objects Layout	5
libero_object	2021	Objects Layout	5
libero_object	2022	Objects Layout	5
libero_object	2023	Objects Layout	5
libero_object	2024	Objects Layout	5
libero_object	2025	Objects Layout	5
libero_object	2026	Objects Layout	5
libero_object	2027	Objects Layout	5
libero_object	2028	Objects Layout	5
libero_object	2029	Objects Layout	5
libero_object	2030	Objects Layout	5
libero_object	2031	Objects Layout	5
libero_object	2032	Objects Layout	5
libero_object	2033	Objects Layout	5
libero_object	2034	Objects Layout	5
libero_object	2035	Objects Layout	5
libero_object	2036	Objects Layout	5
libero_object	2037	Objects Layout	3
libero_object	2038	Objects Layout	3
libero_object	2039	Objects Layout	3
libero_object	2040	Objects Layout	3
libero_object	2041	Objects Layout	2
libero_object	2042	Objects Layout	2
libero_object	2043	Objects Layout	3
libero_object	2044	Objects Layout	3
libero_object	2045	Objects Layout	3
libero_object	2046	Objects Layout	1
libero_object	2047	Objects Layout	1
libero_object	2048	Objects Layout	3
libero_object	2049	Objects Layout	1
libero_object	2050	Objects Layout	1
libero_object	2051	Objects Layout	3
libero_object	2052	Objects Layout	1
libero_object	2053	Objects Layout	4
libero_object	2054	Objects Layout	3
libero_object	2055	Objects Layout	2
libero_object	2056	Objects Layout	2
libero_object	2057	Objects Layout	3
libero_object	2058	Objects Layout	3
libero_object	2059	Objects Layout	3
libero_object	2060	Objects Layout	3
libero_object	2061	Objects Layout	3
libero_object	2062	Objects Layout	5
libero_object	2063	Objects Layout	5
libero_object	2064	Objects Layout	5
libero_object	2065	Objects Layout	5
libero_object	2066	Objects Layout	5
libero_object	2067	Objects Layout	5
libero_object	2068	Objects Layout	5
libero_object	2069	Objects Layout	5
libero_object	2070	Objects Layout	5
libero_object	2071	Objects Layout	5
libero_object	2072	Objects Layout	5
libero_object	2073	Objects Layout	5
libero_object	2074	Objects Layout	5
libero_object	2075	Objects Layout	5
libero_object	2076	Objects Layout	5
libero_object	2077	Objects Layout	5
libero_object	2078	Objects Layout	5
libero_object	2079	Objects Layout	5
libero_object	2080	Objects Layout	5
libero_object	2081	Objects Layout	5
libero_object	2082	Objects Layout	3
libero_object	2083	Objects Layout	1
libero_object	2084	Objects Layout	3
libero_object	2085	Objects Layout	3
libero_object	2086	Objects Layout	2
libero_object	2087	Objects Layout	2
libero_object	2088	Objects Layout	3
libero_object	2089	Objects Layout	2
libero_object	2090	Objects Layout	3
libero_object	2091	Objects Layout	2
libero_object	2092	Objects Layout	3
libero_object	2093	Objects Layout	2
libero_object	2094	Objects Layout	2
libero_object	2095	Objects Layout	3
libero_object	2096	Objects Layout	2
libero_object	2097	Objects Layout	3
libero_object	2098	Objects Layout	3
libero_object	2099	Objects Layout	3
libero_object	2100	Objects Layout	3
libero_object	2101	Objects Layout	3
libero_object	2102	Objects Layout	3
libero_object	2103	Objects Layout	2
libero_object	2104	Objects Layout	3
libero_object	2105	Objects Layout	2
libero_object	2106	Objects Layout	3
libero_object	2107	Objects Layout	1
libero_object	2108	Objects Layout	3
libero_object	2109	Objects Layout	3
libero_object	2110	Objects Layout	3
libero_object	2111	Objects Layout	4
libero_object	2112	Objects Layout	5
libero_object	2113	Objects Layout	5
libero_object	2114	Objects Layout	5
libero_object	2115	Objects Layout	5
libero_object	2116	Objects Layout	5
libero_object	2117	Objects Layout	5
libero_object	2118	Objects Layout	5
libero_object	2119	Objects Layout	5
libero_object	2120	Objects Layout	5
libero_object	2121	Objects Layout	5
libero_object	2122	Objects Layout	4
libero_object	2123	Objects Layout	5
libero_object	2124	Objects Layout	5
libero_object	2125	Objects Layout	5
libero_object	2126	Objects Layout	5
libero_object	2127	Objects Layout	5
libero_object	2128	Objects Layout	5
libero_object	2129	Objects Layout	5
libero_object	2130	Objects Layout	5
libero_object	2131	Objects Layout	2
libero_object	2132	Objects Layout	2
libero_object	2133	Objects Layout	2
libero_object	2134	Objects Layout	1
libero_object	2135	Objects Layout	1
libero_object	2136	Objects Layout	3
libero_object	2137	Objects Layout	1
libero_object	2138	Objects Layout	1
libero_object	2139	Objects Layout	1
libero_object	2140	Objects Layout	1
libero_object	2141	Objects Layout	1
libero_object	2142	Objects Layout	1
libero_object	2143	Objects Layout	1
libero_object	2144	Objects Layout	1
libero_object	2145	Objects Layout	1
libero_object	2146	Objects Layout	1
libero_object	2147	Objects Layout	2
libero_object	2148	Objects Layout	2
libero_object	2149	Objects Layout	1
libero_object	2150	Objects Layout	1
libero_object	2151	Objects Layout	1
libero_object	2152	Objects Layout	1
libero_object	2153	Objects Layout	1
libero_object	2154	Objects Layout	1
libero_object	2155	Objects Layout	1
libero_object	2156	Objects Layout	5
libero_object	2157	Objects Layout	4
libero_object	2158	Objects Layout	5
libero_object	2159	Objects Layout	5
libero_object	2160	Objects Layout	4
libero_object	2161	Objects Layout	4
libero_object	2162	Objects Layout	3
libero_object	2163	Objects Layout	5
libero_object	2164	Objects Layout	4
libero_object	2165	Objects Layout	5
libero_object	2166	Objects Layout	5
libero_object	2167	Objects Layout	5
libero_object	2168	Objects Layout	5
libero_object	2169	Objects Layout	5
libero_object	2170	Objects Layout	5
libero_object	2171	Objects Layout	5
libero_object	2172	Objects Layout	4
libero_object	2173	Objects Layout	2
libero_object	2174	Objects Layout	2
libero_object	2175	Objects Layout	2
libero_object	2176	Objects Layout	3
libero_object	2177	Objects Layout	2
libero_object	2178	Objects Layout	2
libero_object	2179	Objects Layout	2
libero_object	2180	Objects Layout	2
libero_object	2181	Objects Layout	2
libero_object	2182	Objects Layout	1
libero_object	2183	Objects Layout	2
libero_object	2184	Objects Layout	2
libero_object	2185	Objects Layout	3
libero_object	2186	Objects Layout	3
libero_object	2187	Objects Layout	2
libero_object	2188	Objects Layout	2
libero_object	2189	Objects Layout	2
libero_object	2190	Objects Layout	2
libero_object	2191	Objects Layout	1
libero_object	2192	Objects Layout	2
libero_object	2193	Objects Layout	3
libero_object	2194	Objects Layout	2
libero_object	2195	Objects Layout	2
libero_object	2196	Objects Layout	2
libero_object	2197	Objects Layout	2
libero_object	2198	Objects Layout	3
libero_object	2199	Objects Layout	2
libero_object	2200	Objects Layout	2
libero_object	2201	Objects Layout	2
libero_object	2202	Objects Layout	2
libero_object	2203	Objects Layout	3
libero_object	2204	Objects Layout	3
libero_object	2205	Objects Layout	3
libero_object	2206	Objects Layout	3
libero_object	2207	Objects Layout	4
libero_object	2208	Objects Layout	3
libero_object	2209	Objects Layout	4
libero_object	2210	Objects Layout	3
libero_object	2211	Objects Layout	4
libero_object	2212	Objects Layout	3
libero_object	2213	Objects Layout	4
libero_object	2214	Objects Layout	2
libero_object	2215	Objects Layout	3
libero_object	2216	Objects Layout	4
libero_object	2217	Objects Layout	3
libero_object	2218	Objects Layout	3
libero_object	2219	Objects Layout	5
libero_object	2220	Objects Layout	4
libero_object	2221	Light Conditions	5
libero_object	2222	Light Conditions	5
libero_object	2223	Light Conditions	5
libero_object	2224	Light Conditions	5
libero_object	2225	Light Conditions	5
libero_object	2226	Light Conditions	5
libero_object	2227	Light Conditions	5
libero_object	2228	Light Conditions	5
libero_object	2229	Light Conditions	5
libero_object	2230	Light Conditions	5
libero_object	2231	Light Conditions	5
libero_object	2232	Light Conditions	5
libero_object	2233	Light Conditions	5
libero_object	2234	Light Conditions	5
libero_object	2235	Light Conditions	5
libero_object	2236	Light Conditions	5
libero_object	2237	Light Conditions	5
libero_object	2238	Light Conditions	5
libero_object	2239	Light Conditions	5
libero_object	2240	Light Conditions	5
libero_object	2241	Light Conditions	4
libero_object	2242	Light Conditions	5
libero_object	2243	Light Conditions	5
libero_object	2244	Light Conditions	5
libero_object	2245	Light Conditions	4
libero_object	2246	Light Conditions	4
libero_object	2247	Light Conditions	5
libero_object	2248	Light Conditions	5
libero_object	2249	Light Conditions	4
libero_object	2250	Light Conditions	4
libero_object	2251	Light Conditions	3
libero_object	2252	Light Conditions	5
libero_object	2253	Light Conditions	5
libero_object	2254	Light Conditions	5
libero_object	2255	Light Conditions	5
libero_object	2256	Light Conditions	5
libero_object	2257	Light Conditions	5
libero_object	2258	Light Conditions	5
libero_object	2259	Light Conditions	5
libero_object	2260	Light Conditions	3
libero_object	2261	Light Conditions	5
libero_object	2262	Light Conditions	3
libero_object	2263	Light Conditions	5
libero_object	2264	Light Conditions	3
libero_object	2265	Light Conditions	3
libero_object	2266	Light Conditions	4
libero_object	2267	Light Conditions	3
libero_object	2268	Light Conditions	4
libero_object	2269	Light Conditions	4
libero_object	2270	Light Conditions	4
libero_object	2271	Light Conditions	2
libero_object	2272	Light Conditions	4
libero_object	2273	Light Conditions	3
libero_object	2274	Light Conditions	1
libero_object	2275	Light Conditions	4
libero_object	2276	Light Conditions	2
libero_object	2277	Light Conditions	4
libero_object	2278	Light Conditions	3
libero_object	2279	Light Conditions	4
libero_object	2280	Light Conditions	4
libero_object	2281	Light Conditions	4
libero_object	2282	Light Conditions	5
libero_object	2283	Light Conditions	3
libero_object	2284	Light Conditions	3
libero_object	2285	Light Conditions	3
libero_object	2286	Light Conditions	4
libero_object	2287	Light Conditions	3
libero_object	2288	Light Conditions	4
libero_object	2289	Light Conditions	4
libero_object	2290	Light Conditions	5
libero_object	2291	Light Conditions	4
libero_object	2292	Light Conditions	4
libero_object	2293	Light Conditions	3
libero_object	2294	Light Conditions	4
libero_object	2295	Light Conditions	3
libero_object	2296	Light Conditions	3
libero_object	2297	Light Conditions	3
libero_object	2298	Light Conditions	3
libero_object	2299	Light Conditions	4
libero_object	2300	Light Conditions	3
libero_object	2301	Light Conditions	5
libero_object	2302	Light Conditions	4
libero_object	2303	Light Conditions	3
libero_object	2304	Light Conditions	3
libero_object	2305	Light Conditions	4
libero_object	2306	Light Conditions	4
libero_object	2307	Light Conditions	3
libero_object	2308	Light Conditions	4
libero_object	2309	Light Conditions	3
libero_object	2310	Light Conditions	3
libero_object	2311	Light Conditions	4
libero_object	2312	Light Conditions	4
libero_object	2313	Light Conditions	5
libero_object	2314	Light Conditions	5
libero_object	2315	Light Conditions	5
libero_object	2316	Light Conditions	5
libero_object	2317	Light Conditions	5
libero_object	2318	Light Conditions	5
libero_object	2319	Light Conditions	4
libero_object	2320	Light Conditions	5
libero_object	2321	Light Conditions	5
libero_object	2322	Light Conditions	5
libero_object	2323	Light Conditions	5
libero_object	2324	Light Conditions	3
libero_object	2325	Light Conditions	3
libero_object	2326	Light Conditions	4
libero_object	2327	Light Conditions	4
libero_object	2328	Light Conditions	5
libero_object	2329	Light Conditions	5
libero_object	2330	Light Conditions	5
libero_object	2331	Light Conditions	4
libero_object	2332	Light Conditions	5
libero_object	2333	Light Conditions	5
libero_object	2334	Light Conditions	3
libero_object	2335	Light Conditions	4
libero_object	2336	Light Conditions	5
libero_object	2337	Light Conditions	4
libero_object	2338	Light Conditions	5
libero_object	2339	Light Conditions	4
libero_object	2340	Light Conditions	4
libero_object	2341	Light Conditions	5
libero_object	2342	Light Conditions	5
libero_object	2343	Light Conditions	4
libero_object	2344	Light Conditions	5
libero_object	2345	Light Conditions	5
libero_object	2346	Light Conditions	4
libero_object	2347	Light Conditions	5
libero_object	2348	Light Conditions	5
libero_object	2349	Light Conditions	4
libero_object	2350	Light Conditions	5
libero_object	2351	Light Conditions	5
libero_object	2352	Light Conditions	5
libero_object	2353	Light Conditions	1
libero_object	2354	Light Conditions	5
libero_object	2355	Light Conditions	3
libero_object	2356	Light Conditions	4
libero_object	2357	Light Conditions	3
libero_object	2358	Light Conditions	5
libero_object	2359	Light Conditions	4
libero_object	2360	Light Conditions	5
libero_object	2361	Light Conditions	5
libero_object	2362	Light Conditions	5
libero_object	2363	Light Conditions	3
libero_object	2364	Light Conditions	5
libero_object	2365	Light Conditions	4
libero_object	2366	Light Conditions	4
libero_object	2367	Light Conditions	3
libero_object	2368	Light Conditions	3
libero_object	2369	Light Conditions	4
libero_object	2370	Light Conditions	4
libero_object	2371	Light Conditions	5
libero_object	2372	Light Conditions	3
libero_object	2373	Light Conditions	4
libero_object	2374	Light Conditions	3
libero_object	2375	Light Conditions	4
libero_object	2376	Light Conditions	4
libero_object	2377	Light Conditions	4
libero_object	2378	Light Conditions	4
libero_object	2379	Light Conditions	4
libero_object	2380	Light Conditions	4
libero_object	2381	Light Conditions	5
libero_object	2382	Light Conditions	4
libero_object	2383	Light Conditions	4
libero_object	2384	Light Conditions	3
libero_object	2385	Light Conditions	3
libero_object	2386	Light Conditions	4
libero_object	2387	Light Conditions	5
libero_object	2388	Light Conditions	5
libero_object	2389	Light Conditions	4
libero_object	2390	Light Conditions	4
libero_object	2391	Light Conditions	3
libero_object	2392	Light Conditions	5
libero_object	2393	Light Conditions	5
libero_object	2394	Light Conditions	5
libero_object	2395	Light Conditions	4
libero_object	2396	Light Conditions	4
libero_object	2397	Light Conditions	3
libero_object	2398	Light Conditions	3
libero_object	2399	Light Conditions	3
libero_object	2400	Light Conditions	4
libero_object	2401	Light Conditions	4
libero_object	2402	Light Conditions	5
libero_object	2403	Light Conditions	5
libero_object	2404	Light Conditions	4
libero_object	2405	Light Conditions	4
libero_object	2406	Light Conditions	3
libero_object	2407	Light Conditions	2
libero_object	2408	Light Conditions	4
libero_object	2409	Light Conditions	4
libero_object	2410	Light Conditions	2
libero_object	2411	Light Conditions	4
libero_object	2412	Light Conditions	3
libero_object	2413	Light Conditions	3
libero_object	2414	Light Conditions	4
libero_object	2415	Light Conditions	4
libero_object	2416	Light Conditions	4
libero_object	2417	Light Conditions	4
libero_object	2418	Light Conditions	3
libero_object	2419	Light Conditions	4
libero_object	2420	Light Conditions	3
libero_object	2421	Light Conditions	4
libero_object	2422	Light Conditions	3
libero_object	2423	Light Conditions	3
libero_object	2424	Light Conditions	5
libero_object	2425	Light Conditions	4
libero_object	2426	Light Conditions	4
libero_object	2427	Light Conditions	3
libero_object	2428	Light Conditions	4
libero_object	2429	Light Conditions	5
libero_object	2430	Light Conditions	4
libero_object	2431	Light Conditions	4
libero_object	2432	Light Conditions	4
libero_object	2433	Light Conditions	4
libero_object	2434	Light Conditions	3
libero_object	2435	Light Conditions	5
libero_object	2436	Light Conditions	5
libero_object	2437	Light Conditions	4
libero_object	2438	Light Conditions	4
libero_object	2439	Light Conditions	3
libero_object	2440	Light Conditions	3
libero_object	2441	Light Conditions	5
libero_object	2442	Light Conditions	4
libero_object	2443	Light Conditions	4
libero_object	2444	Light Conditions	4
libero_object	2445	Light Conditions	4
libero_object	2446	Light Conditions	4
libero_object	2447	Light Conditions	3
libero_object	2448	Light Conditions	4
libero_object	2449	Light Conditions	4
libero_object	2450	Light Conditions	3
libero_object	2451	Light Conditions	4
libero_object	2452	Light Conditions	4
libero_object	2453	Light Conditions	4
libero_object	2454	Light Conditions	4
libero_object	2455	Light Conditions	5
libero_object	2456	Light Conditions	4
libero_object	2457	Light Conditions	3
libero_object	2458	Light Conditions	3
libero_object	2459	Light Conditions	4
libero_object	2460	Light Conditions	4
libero_object	2461	Light Conditions	4
libero_object	2462	Light Conditions	4
libero_object	2463	Light Conditions	4
libero_object	2464	Light Conditions	4
libero_object	2465	Light Conditions	3
libero_object	2466	Light Conditions	3
libero_object	2467	Light Conditions	3
libero_object	2468	Light Conditions	4
libero_object	2469	Light Conditions	3
libero_object	2470	Light Conditions	3
libero_object	2471	Light Conditions	3
libero_object	2472	Light Conditions	3
libero_object	2473	Light Conditions	3
libero_object	2474	Light Conditions	3
libero_object	2475	Light Conditions	3
libero_object	2476	Light Conditions	3
libero_object	2477	Light Conditions	4
libero_object	2478	Light Conditions	4
libero_object	2479	Light Conditions	2
libero_object	2480	Light Conditions	3
libero_object	2481	Light Conditions	2
libero_object	2482	Light Conditions	2
libero_object	2483	Light Conditions	4
libero_object	2484	Light Conditions	2
libero_object	2485	Light Conditions	2
libero_object	2486	Light Conditions	4
libero_object	2487	Light Conditions	3
libero_object	2488	Light Conditions	4
libero_object	2489	Light Conditions	4
libero_object	2490	Light Conditions	3
libero_object	2491	Light Conditions	3
libero_object	2492	Light Conditions	3
libero_object	2493	Light Conditions	4
libero_object	2494	Light Conditions	5
libero_object	2495	Light Conditions	3
libero_object	2496	Light Conditions	5
libero_object	2497	Light Conditions	5
libero_object	2498	Light Conditions	5
libero_object	2499	Light Conditions	5
libero_object	2500	Light Conditions	5
libero_object	2501	Light Conditions	5
libero_object	2502	Light Conditions	5
libero_object	2503	Light Conditions	5
libero_object	2504	Light Conditions	5
libero_object	2505	Light Conditions	5
libero_object	2506	Light Conditions	5
libero_object	2507	Light Conditions	5
libero_object	2508	Light Conditions	5
libero_object	2509	Light Conditions	4
libero_object	2510	Light Conditions	5
libero_object	2511	Light Conditions	5
libero_object	2512	Light Conditions	4
libero_object	2513	Light Conditions	5
libero_object	2514	Light Conditions	4
libero_object	2515	Light Conditions	5
libero_object	2516	Light Conditions	5
libero_object	2517	Light Conditions	5
libero_spatial	0	Background Textures	2
libero_spatial	1	Background Textures	2
libero_spatial	2	Background Textures	2
libero_spatial	3	Background Textures	2
libero_spatial	4	Background Textures	1
libero_spatial	5	Background Textures	3
libero_spatial	6	Background Textures	1
libero_spatial	7	Background Textures	1
libero_spatial	8	Background Textures	3
libero_spatial	9	Background Textures	3
libero_spatial	10	Background Textures	1
libero_spatial	11	Background Textures	1
libero_spatial	12	Background Textures	2
libero_spatial	13	Background Textures	1
libero_spatial	14	Background Textures	2
libero_spatial	15	Background Textures	2
libero_spatial	16	Background Textures	1
libero_spatial	17	Background Textures	2
libero_spatial	18	Background Textures	1
libero_spatial	19	Background Textures	1
libero_spatial	20	Background Textures	1
libero_spatial	21	Background Textures	1
libero_spatial	22	Background Textures	1
libero_spatial	23	Background Textures	1
libero_spatial	24	Background Textures	2
libero_spatial	25	Background Textures	2
libero_spatial	26	Background Textures	2
libero_spatial	27	Background Textures	1
libero_spatial	28	Background Textures	1
libero_spatial	29	Background Textures	3
libero_spatial	30	Background Textures	4
libero_spatial	31	Background Textures	4
libero_spatial	32	Background Textures	2
libero_spatial	33	Background Textures	2
libero_spatial	34	Background Textures	2
libero_spatial	35	Background Textures	1
libero_spatial	36	Background Textures	2
libero_spatial	37	Background Textures	3
libero_spatial	38	Background Textures	1
libero_spatial	39	Background Textures	1
libero_spatial	40	Background Textures	3
libero_spatial	41	Background Textures	2
libero_spatial	42	Background Textures	2
libero_spatial	43	Background Textures	1
libero_spatial	44	Background Textures	2
libero_spatial	45	Background Textures	2
libero_spatial	46	Background Textures	3
libero_spatial	47	Background Textures	2
libero_spatial	48	Background Textures	2
libero_spatial	49	Background Textures	2
libero_spatial	50	Background Textures	1
libero_spatial	51	Background Textures	3
libero_spatial	52	Background Textures	3
libero_spatial	53	Background Textures	4
libero_spatial	54	Background Textures	4
libero_spatial	55	Background Textures	3
libero_spatial	56	Background Textures	3
libero_spatial	57	Background Textures	3
libero_spatial	58	Background Textures	3
libero_spatial	59	Background Textures	4
libero_spatial	60	Background Textures	3
libero_spatial	61	Background Textures	3
libero_spatial	62	Background Textures	3
libero_spatial	63	Background Textures	4
libero_spatial	64	Background Textures	4
libero_spatial	65	Background Textures	2
libero_spatial	66	Background Textures	4
libero_spatial	67	Background Textures	3
libero_spatial	68	Background Textures	4
libero_spatial	69	Background Textures	4
libero_spatial	70	Background Textures	4
libero_spatial	71	Background Textures	2
libero_spatial	72	Background Textures	3
libero_spatial	73	Background Textures	3
libero_spatial	74	Background Textures	3
libero_spatial	75	Background Textures	1
libero_spatial	76	Background Textures	2
libero_spatial	77	Background Textures	2
libero_spatial	78	Background Textures	2
libero_spatial	79	Background Textures	3
libero_spatial	80	Background Textures	1
libero_spatial	81	Background Textures	2
libero_spatial	82	Background Textures	3
libero_spatial	83	Background Textures	2
libero_spatial	84	Background Textures	2
libero_spatial	85	Background Textures	2
libero_spatial	86	Background Textures	2
libero_spatial	87	Background Textures	4
libero_spatial	88	Background Textures	1
libero_spatial	89	Background Textures	2
libero_spatial	90	Background Textures	1
libero_spatial	91	Background Textures	1
libero_spatial	92	Background Textures	2
libero_spatial	93	Background Textures	2
libero_spatial	94	Background Textures	1
libero_spatial	95	Background Textures	3
libero_spatial	96	Background Textures	2
libero_spatial	97	Background Textures	2
libero_spatial	98	Background Textures	1
libero_spatial	99	Background Textures	1
libero_spatial	100	Background Textures	2
libero_spatial	101	Background Textures	1
libero_spatial	102	Background Textures	2
libero_spatial	103	Background Textures	1
libero_spatial	104	Background Textures	1
libero_spatial	105	Background Textures	1
libero_spatial	106	Background Textures	1
libero_spatial	107	Background Textures	1
libero_spatial	108	Background Textures	1
libero_spatial	109	Background Textures	2
libero_spatial	110	Background Textures	1
libero_spatial	111	Background Textures	1
libero_spatial	112	Background Textures	1
libero_spatial	113	Background Textures	1
libero_spatial	114	Background Textures	1
libero_spatial	115	Background Textures	2
libero_spatial	116	Background Textures	1
libero_spatial	117	Background Textures	1
libero_spatial	118	Background Textures	1
libero_spatial	119	Background Textures	2
libero_spatial	120	Background Textures	2
libero_spatial	121	Background Textures	2
libero_spatial	122	Background Textures	2
libero_spatial	123	Background Textures	2
libero_spatial	124	Background Textures	3
libero_spatial	125	Background Textures	3
libero_spatial	126	Background Textures	2
libero_spatial	127	Background Textures	1
libero_spatial	128	Background Textures	3
libero_spatial	129	Background Textures	1
libero_spatial	130	Background Textures	2
libero_spatial	131	Background Textures	3
libero_spatial	132	Background Textures	3
libero_spatial	133	Background Textures	4
libero_spatial	134	Background Textures	2
libero_spatial	135	Background Textures	2
libero_spatial	136	Background Textures	3
libero_spatial	137	Background Textures	1
libero_spatial	138	Background Textures	1
libero_spatial	139	Background Textures	1
libero_spatial	140	Background Textures	2
libero_spatial	141	Background Textures	2
libero_spatial	142	Background Textures	1
libero_spatial	143	Background Textures	1
libero_spatial	144	Background Textures	1
libero_spatial	145	Background Textures	1
libero_spatial	146	Background Textures	1
libero_spatial	147	Background Textures	2
libero_spatial	148	Background Textures	1
libero_spatial	149	Background Textures	1
libero_spatial	150	Background Textures	1
libero_spatial	151	Background Textures	1
libero_spatial	152	Background Textures	1
libero_spatial	153	Background Textures	2
libero_spatial	154	Background Textures	1
libero_spatial	155	Background Textures	2
libero_spatial	156	Background Textures	2
libero_spatial	157	Background Textures	1
libero_spatial	158	Background Textures	1
libero_spatial	159	Background Textures	1
libero_spatial	160	Background Textures	1
libero_spatial	161	Background Textures	1
libero_spatial	162	Background Textures	1
libero_spatial	163	Background Textures	2
libero_spatial	164	Background Textures	2
libero_spatial	165	Background Textures	1
libero_spatial	166	Background Textures	2
libero_spatial	167	Background Textures	1
libero_spatial	168	Background Textures	1
libero_spatial	169	Background Textures	3
libero_spatial	170	Background Textures	5
libero_spatial	171	Background Textures	1
libero_spatial	172	Background Textures	2
libero_spatial	173	Background Textures	2
libero_spatial	174	Background Textures	1
libero_spatial	175	Background Textures	2
libero_spatial	176	Background Textures	4
libero_spatial	177	Background Textures	1
libero_spatial	178	Background Textures	3
libero_spatial	179	Background Textures	3
libero_spatial	180	Background Textures	3
libero_spatial	181	Background Textures	1
libero_spatial	182	Background Textures	1
libero_spatial	183	Background Textures	2
libero_spatial	184	Background Textures	1
libero_spatial	185	Background Textures	3
libero_spatial	186	Background Textures	3
libero_spatial	187	Background Textures	3
libero_spatial	188	Background Textures	1
libero_spatial	189	Background Textures	2
libero_spatial	190	Background Textures	1
libero_spatial	191	Background Textures	3
libero_spatial	192	Background Textures	3
libero_spatial	193	Background Textures	2
libero_spatial	194	Background Textures	3
libero_spatial	195	Background Textures	2
libero_spatial	196	Background Textures	3
libero_spatial	197	Background Textures	1
libero_spatial	198	Background Textures	1
libero_spatial	199	Background Textures	1
libero_spatial	200	Background Textures	1
libero_spatial	201	Background Textures	1
libero_spatial	202	Background Textures	1
libero_spatial	203	Background Textures	3
libero_spatial	204	Background Textures	4
libero_spatial	205	Background Textures	3
libero_spatial	206	Background Textures	3
libero_spatial	207	Background Textures	2
libero_spatial	208	Background Textures	1
libero_spatial	209	Background Textures	2
libero_spatial	210	Background Textures	2
libero_spatial	211	Background Textures	1
libero_spatial	212	Background Textures	1
libero_spatial	213	Background Textures	3
libero_spatial	214	Background Textures	2
libero_spatial	215	Background Textures	3
libero_spatial	216	Background Textures	3
libero_spatial	217	Background Textures	3
libero_spatial	218	Background Textures	1
libero_spatial	219	Background Textures	3
libero_spatial	220	Background Textures	1
libero_spatial	221	Background Textures	2
libero_spatial	222	Background Textures	3
libero_spatial	223	Background Textures	2
libero_spatial	224	Background Textures	2
libero_spatial	225	Background Textures	2
libero_spatial	226	Background Textures	3
libero_spatial	227	Background Textures	1
libero_spatial	228	Background Textures	2
libero_spatial	229	Background Textures	3
libero_spatial	230	Background Textures	3
libero_spatial	231	Background Textures	2
libero_spatial	232	Background Textures	1
libero_spatial	233	Background Textures	2
libero_spatial	234	Background Textures	1
libero_spatial	235	Background Textures	1
libero_spatial	236	Background Textures	1
libero_spatial	237	Background Textures	1
libero_spatial	238	Background Textures	3
libero_spatial	239	Background Textures	2
libero_spatial	240	Background Textures	1
libero_spatial	241	Background Textures	2
libero_spatial	242	Background Textures	1
libero_spatial	243	Background Textures	1
libero_spatial	244	Background Textures	3
libero_spatial	245	Background Textures	3
libero_spatial	246	Background Textures	2
libero_spatial	247	Background Textures	2
libero_spatial	248	Background Textures	2
libero_spatial	249	Background Textures	1
libero_spatial	250	Background Textures	1
libero_spatial	251	Background Textures	2
libero_spatial	252	Background Textures	2
libero_spatial	253	Background Textures	2
libero_spatial	254	Background Textures	4
libero_spatial	255	Background Textures	2
libero_spatial	256	Background Textures	2
libero_spatial	257	Background Textures	1
libero_spatial	258	Robot Initial States	1
libero_spatial	259	Robot Initial States	1
libero_spatial	260	Robot Initial States	1
libero_spatial	261	Robot Initial States	1
libero_spatial	262	Robot Initial States	3
libero_spatial	263	Robot Initial States	1
libero_spatial	264	Robot Initial States	1
libero_spatial	265	Robot Initial States	2
libero_spatial	266	Robot Initial States	4
libero_spatial	267	Robot Initial States	4
libero_spatial	268	Robot Initial States	1
libero_spatial	269	Robot Initial States	5
libero_spatial	270	Robot Initial States	4
libero_spatial	271	Robot Initial States	1
libero_spatial	272	Robot Initial States	1
libero_spatial	273	Robot Initial States	4
libero_spatial	274	Robot Initial States	5
libero_spatial	275	Robot Initial States	5
libero_spatial	276	Robot Initial States	1
libero_spatial	277	Robot Initial States	2
libero_spatial	278	Robot Initial States	5
libero_spatial	279	Robot Initial States	3
libero_spatial	280	Robot Initial States	2
libero_spatial	281	Robot Initial States	5
libero_spatial	282	Robot Initial States	3
libero_spatial	283	Robot Initial States	2
libero_spatial	284	Robot Initial States	3
libero_spatial	285	Robot Initial States	3
libero_spatial	286	Robot Initial States	2
libero_spatial	287	Robot Initial States	4
libero_spatial	288	Robot Initial States	4
libero_spatial	289	Robot Initial States	2
libero_spatial	290	Robot Initial States	1
libero_spatial	291	Robot Initial States	1
libero_spatial	292	Robot Initial States	1
libero_spatial	293	Robot Initial States	3
libero_spatial	294	Robot Initial States	4
libero_spatial	295	Robot Initial States	3
libero_spatial	296	Robot Initial States	4
libero_spatial	297	Robot Initial States	5
libero_spatial	298	Robot Initial States	3
libero_spatial	299	Robot Initial States	5
libero_spatial	300	Robot Initial States	5
libero_spatial	301	Robot Initial States	4
libero_spatial	302	Robot Initial States	4
libero_spatial	303	Robot Initial States	5
libero_spatial	304	Robot Initial States	2
libero_spatial	305	Robot Initial States	5
libero_spatial	306	Robot Initial States	5
libero_spatial	307	Robot Initial States	5
libero_spatial	308	Robot Initial States	3
libero_spatial	309	Robot Initial States	3
libero_spatial	310	Robot Initial States	5
libero_spatial	311	Robot Initial States	2
libero_spatial	312	Robot Initial States	5
libero_spatial	313	Robot Initial States	5
libero_spatial	314	Robot Initial States	2
libero_spatial	315	Robot Initial States	3
libero_spatial	316	Robot Initial States	5
libero_spatial	317	Robot Initial States	3
libero_spatial	318	Robot Initial States	4
libero_spatial	319	Robot Initial States	5
libero_spatial	320	Robot Initial States	4
libero_spatial	321	Robot Initial States	5
libero_spatial	322	Robot Initial States	5
libero_spatial	323	Robot Initial States	5
libero_spatial	324	Robot Initial States	5
libero_spatial	325	Robot Initial States	5
libero_spatial	326	Robot Initial States	5
libero_spatial	327	Robot Initial States	5
libero_spatial	328	Robot Initial States	1
libero_spatial	329	Robot Initial States	2
libero_spatial	330	Robot Initial States	1
libero_spatial	331	Robot Initial States	2
libero_spatial	332	Robot Initial States	1
libero_spatial	333	Robot Initial States	3
libero_spatial	334	Robot Initial States	3
libero_spatial	335	Robot Initial States	3
libero_spatial	336	Robot Initial States	1
libero_spatial	337	Robot Initial States	1
libero_spatial	338	Robot Initial States	2
libero_spatial	339	Robot Initial States	2
libero_spatial	340	Robot Initial States	3
libero_spatial	341	Robot Initial States	2
libero_spatial	342	Robot Initial States	2
libero_spatial	343	Robot Initial States	1
libero_spatial	344	Robot Initial States	5
libero_spatial	345	Robot Initial States	1
libero_spatial	346	Robot Initial States	1
libero_spatial	347	Robot Initial States	2
libero_spatial	348	Robot Initial States	1
libero_spatial	349	Robot Initial States	2
libero_spatial	350	Robot Initial States	1
libero_spatial	351	Robot Initial States	3
libero_spatial	352	Robot Initial States	5
libero_spatial	353	Robot Initial States	2
libero_spatial	354	Robot Initial States	1
libero_spatial	355	Robot Initial States	2
libero_spatial	356	Robot Initial States	5
libero_spatial	357	Robot Initial States	5
libero_spatial	358	Robot Initial States	3
libero_spatial	359	Robot Initial States	5
libero_spatial	360	Robot Initial States	4
libero_spatial	361	Robot Initial States	2
libero_spatial	362	Robot Initial States	1
libero_spatial	363	Robot Initial States	1
libero_spatial	364	Robot Initial States	1
libero_spatial	365	Robot Initial States	1
libero_spatial	366	Robot Initial States	1
libero_spatial	367	Robot Initial States	1
libero_spatial	368	Robot Initial States	1
libero_spatial	369	Robot Initial States	1
libero_spatial	370	Robot Initial States	1
libero_spatial	371	Robot Initial States	3
libero_spatial	372	Robot Initial States	3
libero_spatial	373	Robot Initial States	3
libero_spatial	374	Robot Initial States	1
libero_spatial	375	Robot Initial States	1
libero_spatial	376	Robot Initial States	2
libero_spatial	377	Robot Initial States	1
libero_spatial	378	Robot Initial States	3
libero_spatial	379	Robot Initial States	3
libero_spatial	380	Robot Initial States	4
libero_spatial	381	Robot Initial States	5
libero_spatial	382	Robot Initial States	4
libero_spatial	383	Robot Initial States	2
libero_spatial	384	Robot Initial States	4
libero_spatial	385	Robot Initial States	2
libero_spatial	386	Robot Initial States	3
libero_spatial	387	Robot Initial States	1
libero_spatial	388	Robot Initial States	1
libero_spatial	389	Robot Initial States	1
libero_spatial	390	Robot Initial States	2
libero_spatial	391	Robot Initial States	4
libero_spatial	392	Robot Initial States	5
libero_spatial	393	Robot Initial States	1
libero_spatial	394	Robot Initial States	1
libero_spatial	395	Robot Initial States	2
libero_spatial	396	Robot Initial States	4
libero_spatial	397	Robot Initial States	1
libero_spatial	398	Robot Initial States	1
libero_spatial	399	Robot Initial States	1
libero_spatial	400	Robot Initial States	5
libero_spatial	401	Robot Initial States	5
libero_spatial	402	Robot Initial States	3
libero_spatial	403	Robot Initial States	2
libero_spatial	404	Robot Initial States	3
libero_spatial	405	Robot Initial States	2
libero_spatial	406	Robot Initial States	2
libero_spatial	407	Robot Initial States	1
libero_spatial	408	Robot Initial States	2
libero_spatial	409	Robot Initial States	5
libero_spatial	410	Robot Initial States	5
libero_spatial	411	Robot Initial States	2
libero_spatial	412	Robot Initial States	1
libero_spatial	413	Robot Initial States	3
libero_spatial	414	Robot Initial States	5
libero_spatial	415	Robot Initial States	2
libero_spatial	416	Robot Initial States	5
libero_spatial	417	Robot Initial States	5
libero_spatial	418	Robot Initial States	5
libero_spatial	419	Robot Initial States	5
libero_spatial	420	Robot Initial States	3
libero_spatial	421	Robot Initial States	1
libero_spatial	422	Robot Initial States	5
libero_spatial	423	Robot Initial States	2
libero_spatial	424	Robot Initial States	5
libero_spatial	425	Robot Initial States	4
libero_spatial	426	Robot Initial States	3
libero_spatial	427	Robot Initial States	1
libero_spatial	428	Robot Initial States	1
libero_spatial	429	Robot Initial States	5
libero_spatial	430	Robot Initial States	5
libero_spatial	431	Robot Initial States	4
libero_spatial	432	Robot Initial States	3
libero_spatial	433	Robot Initial States	2
libero_spatial	434	Robot Initial States	3
libero_spatial	435	Robot Initial States	3
libero_spatial	436	Robot Initial States	3
libero_spatial	437	Robot Initial States	5
libero_spatial	438	Robot Initial States	1
libero_spatial	439	Robot Initial States	4
libero_spatial	440	Robot Initial States	5
libero_spatial	441	Robot Initial States	3
libero_spatial	442	Robot Initial States	2
libero_spatial	443	Robot Initial States	1
libero_spatial	444	Robot Initial States	5
libero_spatial	445	Robot Initial States	5
libero_spatial	446	Robot Initial States	3
libero_spatial	447	Robot Initial States	5
libero_spatial	448	Robot Initial States	2
libero_spatial	449	Robot Initial States	3
libero_spatial	450	Robot Initial States	4
libero_spatial	451	Robot Initial States	2
libero_spatial	452	Robot Initial States	3
libero_spatial	453	Robot Initial States	5
libero_spatial	454	Robot Initial States	5
libero_spatial	455	Robot Initial States	5
libero_spatial	456	Robot Initial States	2
libero_spatial	457	Robot Initial States	5
libero_spatial	458	Robot Initial States	3
libero_spatial	459	Robot Initial States	1
libero_spatial	460	Robot Initial States	1
libero_spatial	461	Robot Initial States	2
libero_spatial	462	Robot Initial States	1
libero_spatial	463	Robot Initial States	2
libero_spatial	464	Robot Initial States	1
libero_spatial	465	Robot Initial States	2
libero_spatial	466	Robot Initial States	1
libero_spatial	467	Robot Initial States	1
libero_spatial	468	Robot Initial States	4
libero_spatial	469	Robot Initial States	1
libero_spatial	470	Robot Initial States	1
libero_spatial	471	Robot Initial States	3
libero_spatial	472	Robot Initial States	3
libero_spatial	473	Robot Initial States	2
libero_spatial	474	Robot Initial States	4
libero_spatial	475	Robot Initial States	3
libero_spatial	476	Robot Initial States	3
libero_spatial	477	Robot Initial States	2
libero_spatial	478	Robot Initial States	4
libero_spatial	479	Robot Initial States	2
libero_spatial	480	Robot Initial States	3
libero_spatial	481	Robot Initial States	5
libero_spatial	482	Robot Initial States	2
libero_spatial	483	Robot Initial States	5
libero_spatial	484	Robot Initial States	4
libero_spatial	485	Robot Initial States	4
libero_spatial	486	Robot Initial States	1
libero_spatial	487	Robot Initial States	1
libero_spatial	488	Robot Initial States	1
libero_spatial	489	Robot Initial States	1
libero_spatial	490	Robot Initial States	1
libero_spatial	491	Robot Initial States	4
libero_spatial	492	Robot Initial States	4
libero_spatial	493	Robot Initial States	1
libero_spatial	494	Robot Initial States	1
libero_spatial	495	Robot Initial States	1
libero_spatial	496	Robot Initial States	1
libero_spatial	497	Robot Initial States	3
libero_spatial	498	Robot Initial States	3
libero_spatial	499	Robot Initial States	4
libero_spatial	500	Robot Initial States	3
libero_spatial	501	Robot Initial States	1
libero_spatial	502	Robot Initial States	2
libero_spatial	503	Robot Initial States	4
libero_spatial	504	Robot Initial States	2
libero_spatial	505	Robot Initial States	3
libero_spatial	506	Robot Initial States	2
libero_spatial	507	Robot Initial States	3
libero_spatial	508	Robot Initial States	2
libero_spatial	509	Robot Initial States	1
libero_spatial	510	Robot Initial States	2
libero_spatial	511	Robot Initial States	4
libero_spatial	512	Robot Initial States	3
libero_spatial	513	Robot Initial States	1
libero_spatial	514	Robot Initial States	4
libero_spatial	515	Robot Initial States	3
libero_spatial	516	Robot Initial States	5
libero_spatial	517	Robot Initial States	5
libero_spatial	518	Robot Initial States	3
libero_spatial	519	Robot Initial States	2
libero_spatial	520	Robot Initial States	5
libero_spatial	521	Robot Initial States	4
libero_spatial	522	Robot Initial States	3
libero_spatial	523	Robot Initial States	5
libero_spatial	524	Robot Initial States	5
libero_spatial	525	Robot Initial States	3
libero_spatial	526	Robot Initial States	5
libero_spatial	527	Robot Initial States	4
libero_spatial	528	Robot Initial States	2
libero_spatial	529	Robot Initial States	1
libero_spatial	530	Robot Initial States	1
libero_spatial	531	Robot Initial States	2
libero_spatial	532	Robot Initial States	3
libero_spatial	533	Robot Initial States	1
libero_spatial	534	Robot Initial States	1
libero_spatial	535	Robot Initial States	3
libero_spatial	536	Robot Initial States	3
libero_spatial	537	Robot Initial States	3
libero_spatial	538	Robot Initial States	4
libero_spatial	539	Robot Initial States	3
libero_spatial	540	Robot Initial States	1
libero_spatial	541	Robot Initial States	1
libero_spatial	542	Robot Initial States	2
libero_spatial	543	Robot Initial States	3
libero_spatial	544	Robot Initial States	4
libero_spatial	545	Robot Initial States	3
libero_spatial	546	Robot Initial States	2
libero_spatial	547	Robot Initial States	2
libero_spatial	548	Robot Initial States	4
libero_spatial	549	Robot Initial States	2
libero_spatial	550	Robot Initial States	3
libero_spatial	551	Robot Initial States	3
libero_spatial	552	Robot Initial States	5
libero_spatial	553	Robot Initial States	1
libero_spatial	554	Robot Initial States	2
libero_spatial	555	Robot Initial States	5
libero_spatial	556	Robot Initial States	2
libero_spatial	557	Robot Initial States	3
libero_spatial	558	Robot Initial States	3
libero_spatial	559	Robot Initial States	2
libero_spatial	560	Robot Initial States	3
libero_spatial	561	Robot Initial States	3
libero_spatial	562	Robot Initial States	3
libero_spatial	563	Robot Initial States	2
libero_spatial	564	Robot Initial States	2
libero_spatial	565	Robot Initial States	2
libero_spatial	566	Robot Initial States	1
libero_spatial	567	Robot Initial States	1
libero_spatial	568	Robot Initial States	1
libero_spatial	569	Robot Initial States	1
libero_spatial	570	Robot Initial States	1
libero_spatial	571	Robot Initial States	4
libero_spatial	572	Robot Initial States	1
libero_spatial	573	Robot Initial States	1
libero_spatial	574	Robot Initial States	2
libero_spatial	575	Robot Initial States	1
libero_spatial	576	Robot Initial States	1
libero_spatial	577	Robot Initial States	4
libero_spatial	578	Robot Initial States	1
libero_spatial	579	Robot Initial States	1
libero_spatial	580	Robot Initial States	2
libero_spatial	581	Robot Initial States	3
libero_spatial	582	Robot Initial States	3
libero_spatial	583	Robot Initial States	4
libero_spatial	584	Robot Initial States	5
libero_spatial	585	Robot Initial States	2
libero_spatial	586	Robot Initial States	1
libero_spatial	587	Robot Initial States	5
libero_spatial	588	Robot Initial States	5
libero_spatial	589	Robot Initial States	3
libero_spatial	590	Robot Initial States	2
libero_spatial	591	Robot Initial States	4
libero_spatial	592	Robot Initial States	4
libero_spatial	593	Robot Initial States	2
libero_spatial	594	Robot Initial States	4
libero_spatial	595	Robot Initial States	2
libero_spatial	596	Robot Initial States	4
libero_spatial	597	Robot Initial States	2
libero_spatial	598	Robot Initial States	3
libero_spatial	599	Robot Initial States	5
libero_spatial	600	Robot Initial States	3
libero_spatial	601	Robot Initial States	5
libero_spatial	602	Robot Initial States	5
libero_spatial	603	Robot Initial States	4
libero_spatial	604	Robot Initial States	3
libero_spatial	605	Robot Initial States	3
libero_spatial	606	Robot Initial States	5
libero_spatial	607	Robot Initial States	3
libero_spatial	608	Camera Viewpoints	1
libero_spatial	609	Camera Viewpoints	1
libero_spatial	610	Camera Viewpoints	1
libero_spatial	611	Camera Viewpoints	2
libero_spatial	612	Camera Viewpoints	2
libero_spatial	613	Camera Viewpoints	1
libero_spatial	614	Camera Viewpoints	2
libero_spatial	615	Camera Viewpoints	2
libero_spatial	616	Camera Viewpoints	3
libero_spatial	617	Camera Viewpoints	1
libero_spatial	618	Camera Viewpoints	3
libero_spatial	619	Camera Viewpoints	3
libero_spatial	620	Camera Viewpoints	4
libero_spatial	621	Camera Viewpoints	3
libero_spatial	622	Camera Viewpoints	4
libero_spatial	623	Camera Viewpoints	5
libero_spatial	624	Camera Viewpoints	2
libero_spatial	625	Camera Viewpoints	3
libero_spatial	626	Camera Viewpoints	2
libero_spatial	627	Camera Viewpoints	3
libero_spatial	628	Camera Viewpoints	4
libero_spatial	629	Camera Viewpoints	3
libero_spatial	630	Camera Viewpoints	5
libero_spatial	631	Camera Viewpoints	3
libero_spatial	632	Camera Viewpoints	5
libero_spatial	633	Camera Viewpoints	4
libero_spatial	634	Camera Viewpoints	3
libero_spatial	635	Camera Viewpoints	5
libero_spatial	636	Camera Viewpoints	2
libero_spatial	637	Camera Viewpoints	5
libero_spatial	638	Camera Viewpoints	3
libero_spatial	639	Camera Viewpoints	4
libero_spatial	640	Camera Viewpoints	3
libero_spatial	641	Camera Viewpoints	5
libero_spatial	642	Camera Viewpoints	2
libero_spatial	643	Camera Viewpoints	5
libero_spatial	644	Camera Viewpoints	4
libero_spatial	645	Camera Viewpoints	5
libero_spatial	646	Camera Viewpoints	4
libero_spatial	647	Camera Viewpoints	4
libero_spatial	648	Camera Viewpoints	5
libero_spatial	649	Camera Viewpoints	4
libero_spatial	650	Camera Viewpoints	5
libero_spatial	651	Camera Viewpoints	1
libero_spatial	652	Camera Viewpoints	1
libero_spatial	653	Camera Viewpoints	1
libero_spatial	654	Camera Viewpoints	1
libero_spatial	655	Camera Viewpoints	1
libero_spatial	656	Camera Viewpoints	2
libero_spatial	657	Camera Viewpoints	2
libero_spatial	658	Camera Viewpoints	1
libero_spatial	659	Camera Viewpoints	2
libero_spatial	660	Camera Viewpoints	1
libero_spatial	661	Camera Viewpoints	1
libero_spatial	662	Camera Viewpoints	2
libero_spatial	663	Camera Viewpoints	2
libero_spatial	664	Camera Viewpoints	2
libero_spatial	665	Camera Viewpoints	1
libero_spatial	666	Camera Viewpoints	2
libero_spatial	667	Camera Viewpoints	2
libero_spatial	668	Camera Viewpoints	1
libero_spatial	669	Camera Viewpoints	1
libero_spatial	670	Camera Viewpoints	1
libero_spatial	671	Camera Viewpoints	2
libero_spatial	672	Camera Viewpoints	1
libero_spatial	673	Camera Viewpoints	2
libero_spatial	674	Camera Viewpoints	2
libero_spatial	675	Camera Viewpoints	2
libero_spatial	676	Camera Viewpoints	2
libero_spatial	677	Camera Viewpoints	2
libero_spatial	678	Camera Viewpoints	1
libero_spatial	679	Camera Viewpoints	2
libero_spatial	680	Camera Viewpoints	2
libero_spatial	681	Camera Viewpoints	2
libero_spatial	682	Camera Viewpoints	2
libero_spatial	683	Camera Viewpoints	2
libero_spatial	684	Camera Viewpoints	2
libero_spatial	685	Camera Viewpoints	2
libero_spatial	686	Camera Viewpoints	2
libero_spatial	687	Camera Viewpoints	2
libero_spatial	688	Camera Viewpoints	1
libero_spatial	689	Camera Viewpoints	2
libero_spatial	690	Camera Viewpoints	2
libero_spatial	691	Camera Viewpoints	1
libero_spatial	692	Camera Viewpoints	1
libero_spatial	693	Camera Viewpoints	2
libero_spatial	694	Camera Viewpoints	2
libero_spatial	695	Camera Viewpoints	1
libero_spatial	696	Camera Viewpoints	2
libero_spatial	697	Camera Viewpoints	1
libero_spatial	698	Camera Viewpoints	2
libero_spatial	699	Camera Viewpoints	2
libero_spatial	700	Camera Viewpoints	2
libero_spatial	701	Camera Viewpoints	2
libero_spatial	702	Camera Viewpoints	1
libero_spatial	703	Camera Viewpoints	1
libero_spatial	704	Camera Viewpoints	1
libero_spatial	705	Camera Viewpoints	1
libero_spatial	706	Camera Viewpoints	2
libero_spatial	707	Camera Viewpoints	1
libero_spatial	708	Camera Viewpoints	1
libero_spatial	709	Camera Viewpoints	1
libero_spatial	710	Camera Viewpoints	2
libero_spatial	711	Camera Viewpoints	1
libero_spatial	712	Camera Viewpoints	1
libero_spatial	713	Camera Viewpoints	1
libero_spatial	714	Camera Viewpoints	1
libero_spatial	715	Camera Viewpoints	1
libero_spatial	716	Camera Viewpoints	1
libero_spatial	717	Camera Viewpoints	1
libero_spatial	718	Camera Viewpoints	2
libero_spatial	719	Camera Viewpoints	2
libero_spatial	720	Camera Viewpoints	2
libero_spatial	721	Camera Viewpoints	1
libero_spatial	722	Camera Viewpoints	2
libero_spatial	723	Camera Viewpoints	2
libero_spatial	724	Camera Viewpoints	2
libero_spatial	725	Camera Viewpoints	1
libero_spatial	726	Camera Viewpoints	2
libero_spatial	727	Camera Viewpoints	1
libero_spatial	728	Camera Viewpoints	2
libero_spatial	729	Camera Viewpoints	3
libero_spatial	730	Camera Viewpoints	1
libero_spatial	731	Camera Viewpoints	2
libero_spatial	732	Camera Viewpoints	2
libero_spatial	733	Camera Viewpoints	3
libero_spatial	734	Camera Viewpoints	3
libero_spatial	735	Camera Viewpoints	2
libero_spatial	736	Camera Viewpoints	2
libero_spatial	737	Camera Viewpoints	3
libero_spatial	738	Camera Viewpoints	2
libero_spatial	739	Camera Viewpoints	2
libero_spatial	740	Camera Viewpoints	2
libero_spatial	741	Camera Viewpoints	3
libero_spatial	742	Camera Viewpoints	2
libero_spatial	743	Camera Viewpoints	2
libero_spatial	744	Camera Viewpoints	2
libero_spatial	745	Camera Viewpoints	2
libero_spatial	746	Camera Viewpoints	2
libero_spatial	747	Camera Viewpoints	2
libero_spatial	748	Camera Viewpoints	2
libero_spatial	749	Camera Viewpoints	2
libero_spatial	750	Camera Viewpoints	2
libero_spatial	751	Camera Viewpoints	2
libero_spatial	752	Camera Viewpoints	2
libero_spatial	753	Camera Viewpoints	1
libero_spatial	754	Camera Viewpoints	1
libero_spatial	755	Camera Viewpoints	3
libero_spatial	756	Camera Viewpoints	2
libero_spatial	757	Camera Viewpoints	2
libero_spatial	758	Camera Viewpoints	3
libero_spatial	759	Camera Viewpoints	3
libero_spatial	760	Camera Viewpoints	3
libero_spatial	761	Camera Viewpoints	2
libero_spatial	762	Camera Viewpoints	3
libero_spatial	763	Camera Viewpoints	3
libero_spatial	764	Camera Viewpoints	3
libero_spatial	765	Camera Viewpoints	3
libero_spatial	766	Camera Viewpoints	3
libero_spatial	767	Camera Viewpoints	3
libero_spatial	768	Camera Viewpoints	3
libero_spatial	769	Camera Viewpoints	3
libero_spatial	770	Camera Viewpoints	3
libero_spatial	771	Camera Viewpoints	2
libero_spatial	772	Camera Viewpoints	3
libero_spatial	773	Camera Viewpoints	3
libero_spatial	774	Camera Viewpoints	3
libero_spatial	775	Camera Viewpoints	3
libero_spatial	776	Camera Viewpoints	3
libero_spatial	777	Camera Viewpoints	3
libero_spatial	778	Camera Viewpoints	3
libero_spatial	779	Camera Viewpoints	3
libero_spatial	780	Camera Viewpoints	3
libero_spatial	781	Camera Viewpoints	3
libero_spatial	782	Camera Viewpoints	3
libero_spatial	783	Camera Viewpoints	3
libero_spatial	784	Camera Viewpoints	3
libero_spatial	785	Camera Viewpoints	2
libero_spatial	786	Camera Viewpoints	3
libero_spatial	787	Camera Viewpoints	3
libero_spatial	788	Camera Viewpoints	3
libero_spatial	789	Camera Viewpoints	3
libero_spatial	790	Camera Viewpoints	3
libero_spatial	791	Camera Viewpoints	4
libero_spatial	792	Camera Viewpoints	2
libero_spatial	793	Camera Viewpoints	3
libero_spatial	794	Camera Viewpoints	2
libero_spatial	795	Camera Viewpoints	1
libero_spatial	796	Camera Viewpoints	2
libero_spatial	797	Camera Viewpoints	2
libero_spatial	798	Camera Viewpoints	3
libero_spatial	799	Camera Viewpoints	1
libero_spatial	800	Camera Viewpoints	2
libero_spatial	801	Camera Viewpoints	2
libero_spatial	802	Camera Viewpoints	3
libero_spatial	803	Camera Viewpoints	3
libero_spatial	804	Camera Viewpoints	3
libero_spatial	805	Camera Viewpoints	4
libero_spatial	806	Camera Viewpoints	2
libero_spatial	807	Camera Viewpoints	4
libero_spatial	808	Camera Viewpoints	3
libero_spatial	809	Camera Viewpoints	5
libero_spatial	810	Camera Viewpoints	2
libero_spatial	811	Camera Viewpoints	4
libero_spatial	812	Camera Viewpoints	3
libero_spatial	813	Camera Viewpoints	4
libero_spatial	814	Camera Viewpoints	2
libero_spatial	815	Camera Viewpoints	3
libero_spatial	816	Camera Viewpoints	3
libero_spatial	817	Camera Viewpoints	2
libero_spatial	818	Camera Viewpoints	2
libero_spatial	819	Camera Viewpoints	3
libero_spatial	820	Camera Viewpoints	3
libero_spatial	821	Camera Viewpoints	2
libero_spatial	822	Camera Viewpoints	4
libero_spatial	823	Camera Viewpoints	4
libero_spatial	824	Camera Viewpoints	3
libero_spatial	825	Camera Viewpoints	3
libero_spatial	826	Camera Viewpoints	4
libero_spatial	827	Camera Viewpoints	3
libero_spatial	828	Camera Viewpoints	4
libero_spatial	829	Camera Viewpoints	2
libero_spatial	830	Camera Viewpoints	2
libero_spatial	831	Camera Viewpoints	2
libero_spatial	832	Camera Viewpoints	3
libero_spatial	833	Camera Viewpoints	1
libero_spatial	834	Camera Viewpoints	2
libero_spatial	835	Camera Viewpoints	2
libero_spatial	836	Camera Viewpoints	1
libero_spatial	837	Camera Viewpoints	2
libero_spatial	838	Camera Viewpoints	2
libero_spatial	839	Camera Viewpoints	2
libero_spatial	840	Camera Viewpoints	3
libero_spatial	841	Camera Viewpoints	2
libero_spatial	842	Camera Viewpoints	3
libero_spatial	843	Camera Viewpoints	3
libero_spatial	844	Camera Viewpoints	3
libero_spatial	845	Camera Viewpoints	3
libero_spatial	846	Camera Viewpoints	3
libero_spatial	847	Camera Viewpoints	3
libero_spatial	848	Camera Viewpoints	2
libero_spatial	849	Camera Viewpoints	3
libero_spatial	850	Camera Viewpoints	3
libero_spatial	851	Camera Viewpoints	3
libero_spatial	852	Camera Viewpoints	3
libero_spatial	853	Camera Viewpoints	3
libero_spatial	854	Camera Viewpoints	3
libero_spatial	855	Camera Viewpoints	2
libero_spatial	856	Camera Viewpoints	2
libero_spatial	857	Camera Viewpoints	2
libero_spatial	858	Camera Viewpoints	3
libero_spatial	859	Camera Viewpoints	2
libero_spatial	860	Camera Viewpoints	3
libero_spatial	861	Camera Viewpoints	3
libero_spatial	862	Camera Viewpoints	3
libero_spatial	863	Camera Viewpoints	2
libero_spatial	864	Camera Viewpoints	3
libero_spatial	865	Camera Viewpoints	2
libero_spatial	866	Camera Viewpoints	2
libero_spatial	867	Camera Viewpoints	2
libero_spatial	868	Camera Viewpoints	3
libero_spatial	869	Camera Viewpoints	3
libero_spatial	870	Camera Viewpoints	3
libero_spatial	871	Camera Viewpoints	3
libero_spatial	872	Camera Viewpoints	2
libero_spatial	873	Camera Viewpoints	4
libero_spatial	874	Camera Viewpoints	2
libero_spatial	875	Camera Viewpoints	5
libero_spatial	876	Camera Viewpoints	3
libero_spatial	877	Camera Viewpoints	3
libero_spatial	878	Camera Viewpoints	3
libero_spatial	879	Camera Viewpoints	2
libero_spatial	880	Camera Viewpoints	2
libero_spatial	881	Camera Viewpoints	1
libero_spatial	882	Camera Viewpoints	1
libero_spatial	883	Camera Viewpoints	1
libero_spatial	884	Camera Viewpoints	1
libero_spatial	885	Camera Viewpoints	4
libero_spatial	886	Camera Viewpoints	3
libero_spatial	887	Camera Viewpoints	4
libero_spatial	888	Camera Viewpoints	3
libero_spatial	889	Camera Viewpoints	4
libero_spatial	890	Camera Viewpoints	4
libero_spatial	891	Camera Viewpoints	4
libero_spatial	892	Camera Viewpoints	5
libero_spatial	893	Camera Viewpoints	3
libero_spatial	894	Camera Viewpoints	3
libero_spatial	895	Camera Viewpoints	2
libero_spatial	896	Camera Viewpoints	2
libero_spatial	897	Camera Viewpoints	3
libero_spatial	898	Camera Viewpoints	5
libero_spatial	899	Camera Viewpoints	1
libero_spatial	900	Camera Viewpoints	4
libero_spatial	901	Camera Viewpoints	2
libero_spatial	902	Camera Viewpoints	5
libero_spatial	903	Camera Viewpoints	3
libero_spatial	904	Camera Viewpoints	4
libero_spatial	905	Camera Viewpoints	4
libero_spatial	906	Camera Viewpoints	2
libero_spatial	907	Camera Viewpoints	3
libero_spatial	908	Camera Viewpoints	2
libero_spatial	909	Camera Viewpoints	2
libero_spatial	910	Camera Viewpoints	3
libero_spatial	911	Camera Viewpoints	3
libero_spatial	912	Camera Viewpoints	2
libero_spatial	913	Camera Viewpoints	2
libero_spatial	914	Camera Viewpoints	4
libero_spatial	915	Camera Viewpoints	3
libero_spatial	916	Camera Viewpoints	3
libero_spatial	917	Camera Viewpoints	3
libero_spatial	918	Camera Viewpoints	4
libero_spatial	919	Camera Viewpoints	3
libero_spatial	920	Camera Viewpoints	3
libero_spatial	921	Camera Viewpoints	3
libero_spatial	922	Camera Viewpoints	3
libero_spatial	923	Camera Viewpoints	4
libero_spatial	924	Camera Viewpoints	2
libero_spatial	925	Camera Viewpoints	2
libero_spatial	926	Camera Viewpoints	1
libero_spatial	927	Camera Viewpoints	3
libero_spatial	928	Camera Viewpoints	2
libero_spatial	929	Camera Viewpoints	3
libero_spatial	930	Camera Viewpoints	2
libero_spatial	931	Camera Viewpoints	2
libero_spatial	932	Camera Viewpoints	3
libero_spatial	933	Camera Viewpoints	1
libero_spatial	934	Camera Viewpoints	2
libero_spatial	935	Camera Viewpoints	1
libero_spatial	936	Camera Viewpoints	2
libero_spatial	937	Camera Viewpoints	2
libero_spatial	938	Camera Viewpoints	2
libero_spatial	939	Camera Viewpoints	3
libero_spatial	940	Camera Viewpoints	4
libero_spatial	941	Camera Viewpoints	1
libero_spatial	942	Camera Viewpoints	2
libero_spatial	943	Camera Viewpoints	1
libero_spatial	944	Camera Viewpoints	2
libero_spatial	945	Camera Viewpoints	1
libero_spatial	946	Camera Viewpoints	1
libero_spatial	947	Camera Viewpoints	4
libero_spatial	948	Camera Viewpoints	2
libero_spatial	949	Camera Viewpoints	3
libero_spatial	950	Camera Viewpoints	3
libero_spatial	951	Camera Viewpoints	2
libero_spatial	952	Camera Viewpoints	4
libero_spatial	953	Camera Viewpoints	4
libero_spatial	954	Camera Viewpoints	3
libero_spatial	955	Camera Viewpoints	2
libero_spatial	956	Camera Viewpoints	3
libero_spatial	957	Camera Viewpoints	1
libero_spatial	958	Camera Viewpoints	1
libero_spatial	959	Camera Viewpoints	1
libero_spatial	960	Camera Viewpoints	4
libero_spatial	961	Camera Viewpoints	2
libero_spatial	962	Camera Viewpoints	2
libero_spatial	963	Camera Viewpoints	1
libero_spatial	964	Camera Viewpoints	2
libero_spatial	965	Camera Viewpoints	1
libero_spatial	966	Camera Viewpoints	5
libero_spatial	967	Camera Viewpoints	2
libero_spatial	968	Camera Viewpoints	5
libero_spatial	969	Camera Viewpoints	5
libero_spatial	970	Camera Viewpoints	1
libero_spatial	971	Camera Viewpoints	5
libero_spatial	972	Camera Viewpoints	1
libero_spatial	973	Camera Viewpoints	4
libero_spatial	974	Camera Viewpoints	5
libero_spatial	975	Camera Viewpoints	4
libero_spatial	976	Camera Viewpoints	5
libero_spatial	977	Camera Viewpoints	4
libero_spatial	978	Camera Viewpoints	4
libero_spatial	979	Camera Viewpoints	3
libero_spatial	980	Camera Viewpoints	5
libero_spatial	981	Camera Viewpoints	4
libero_spatial	982	Camera Viewpoints	3
libero_spatial	983	Camera Viewpoints	3
libero_spatial	984	Language Instructions	2
libero_spatial	985	Language Instructions	2
libero_spatial	986	Language Instructions	2
libero_spatial	987	Language Instructions	2
libero_spatial	988	Language Instructions	1
libero_spatial	989	Language Instructions	4
libero_spatial	990	Language Instructions	3
libero_spatial	991	Language Instructions	4
libero_spatial	992	Language Instructions	3
libero_spatial	993	Language Instructions	3
libero_spatial	994	Language Instructions	1
libero_spatial	995	Language Instructions	1
libero_spatial	996	Language Instructions	3
libero_spatial	997	Language Instructions	1
libero_spatial	998	Language Instructions	2
libero_spatial	999	Language Instructions	1
libero_spatial	1000	Language Instructions	3
libero_spatial	1001	Language Instructions	2
libero_spatial	1002	Language Instructions	2
libero_spatial	1003	Language Instructions	1
libero_spatial	1004	Language Instructions	1
libero_spatial	1005	Language Instructions	2
libero_spatial	1006	Language Instructions	4
libero_spatial	1007	Language Instructions	3
libero_spatial	1008	Language Instructions	3
libero_spatial	1009	Language Instructions	3
libero_spatial	1010	Language Instructions	3
libero_spatial	1011	Language Instructions	2
libero_spatial	1012	Language Instructions	3
libero_spatial	1013	Language Instructions	2
libero_spatial	1014	Language Instructions	2
libero_spatial	1015	Language Instructions	4
libero_spatial	1016	Language Instructions	1
libero_spatial	1017	Language Instructions	1
libero_spatial	1018	Language Instructions	1
libero_spatial	1019	Language Instructions	2
libero_spatial	1020	Language Instructions	2
libero_spatial	1021	Language Instructions	3
libero_spatial	1022	Language Instructions	1
libero_spatial	1023	Language Instructions	3
libero_spatial	1024	Language Instructions	3
libero_spatial	1025	Language Instructions	3
libero_spatial	1026	Language Instructions	4
libero_spatial	1027	Language Instructions	3
libero_spatial	1028	Language Instructions	2
libero_spatial	1029	Language Instructions	2
libero_spatial	1030	Language Instructions	1
libero_spatial	1031	Language Instructions	1
libero_spatial	1032	Language Instructions	2
libero_spatial	1033	Language Instructions	1
libero_spatial	1034	Language Instructions	3
libero_spatial	1035	Language Instructions	1
libero_spatial	1036	Language Instructions	4
libero_spatial	1037	Language Instructions	2
libero_spatial	1038	Language Instructions	5
libero_spatial	1039	Language Instructions	4
libero_spatial	1040	Language Instructions	1
libero_spatial	1041	Language Instructions	3
libero_spatial	1042	Language Instructions	4
libero_spatial	1043	Language Instructions	4
libero_spatial	1044	Language Instructions	5
libero_spatial	1045	Language Instructions	4
libero_spatial	1046	Language Instructions	4
libero_spatial	1047	Language Instructions	1
libero_spatial	1048	Language Instructions	2
libero_spatial	1049	Language Instructions	1
libero_spatial	1050	Language Instructions	4
libero_spatial	1051	Language Instructions	3
libero_spatial	1052	Language Instructions	1
libero_spatial	1053	Language Instructions	4
libero_spatial	1054	Language Instructions	4
libero_spatial	1055	Language Instructions	4
libero_spatial	1056	Language Instructions	5
libero_spatial	1057	Language Instructions	4
libero_spatial	1058	Language Instructions	1
libero_spatial	1059	Language Instructions	4
libero_spatial	1060	Language Instructions	1
libero_spatial	1061	Language Instructions	2
libero_spatial	1062	Language Instructions	1
libero_spatial	1063	Language Instructions	2
libero_spatial	1064	Language Instructions	3
libero_spatial	1065	Language Instructions	3
libero_spatial	1066	Language Instructions	4
libero_spatial	1067	Language Instructions	2
libero_spatial	1068	Language Instructions	3
libero_spatial	1069	Language Instructions	4
libero_spatial	1070	Language Instructions	1
libero_spatial	1071	Language Instructions	3
libero_spatial	1072	Language Instructions	2
libero_spatial	1073	Language Instructions	1
libero_spatial	1074	Language Instructions	4
libero_spatial	1075	Language Instructions	1
libero_spatial	1076	Language Instructions	5
libero_spatial	1077	Language Instructions	1
libero_spatial	1078	Language Instructions	5
libero_spatial	1079	Language Instructions	3
libero_spatial	1080	Language Instructions	3
libero_spatial	1081	Language Instructions	2
libero_spatial	1082	Language Instructions	1
libero_spatial	1083	Language Instructions	2
libero_spatial	1084	Language Instructions	1
libero_spatial	1085	Language Instructions	1
libero_spatial	1086	Language Instructions	1
libero_spatial	1087	Language Instructions	2
libero_spatial	1088	Language Instructions	5
libero_spatial	1089	Language Instructions	1
libero_spatial	1090	Language Instructions	5
libero_spatial	1091	Language Instructions	2
libero_spatial	1092	Language Instructions	5
libero_spatial	1093	Language Instructions	4
libero_spatial	1094	Language Instructions	2
libero_spatial	1095	Language Instructions	2
libero_spatial	1096	Language Instructions	3
libero_spatial	1097	Language Instructions	4
libero_spatial	1098	Language Instructions	3
libero_spatial	1099	Language Instructions	4
libero_spatial	1100	Language Instructions	5
libero_spatial	1101	Language Instructions	3
libero_spatial	1102	Language Instructions	3
libero_spatial	1103	Language Instructions	4
libero_spatial	1104	Language Instructions	1
libero_spatial	1105	Language Instructions	4
libero_spatial	1106	Language Instructions	2
libero_spatial	1107	Language Instructions	1
libero_spatial	1108	Language Instructions	3
libero_spatial	1109	Language Instructions	5
libero_spatial	1110	Language Instructions	2
libero_spatial	1111	Language Instructions	3
libero_spatial	1112	Language Instructions	2
libero_spatial	1113	Language Instructions	1
libero_spatial	1114	Language Instructions	1
libero_spatial	1115	Language Instructions	1
libero_spatial	1116	Language Instructions	4
libero_spatial	1117	Language Instructions	1
libero_spatial	1118	Language Instructions	3
libero_spatial	1119	Language Instructions	2
libero_spatial	1120	Language Instructions	1
libero_spatial	1121	Language Instructions	4
libero_spatial	1122	Language Instructions	2
libero_spatial	1123	Language Instructions	4
libero_spatial	1124	Language Instructions	1
libero_spatial	1125	Language Instructions	3
libero_spatial	1126	Language Instructions	3
libero_spatial	1127	Language Instructions	2
libero_spatial	1128	Language Instructions	4
libero_spatial	1129	Language Instructions	4
libero_spatial	1130	Language Instructions	4
libero_spatial	1131	Language Instructions	1
libero_spatial	1132	Language Instructions	1
libero_spatial	1133	Language Instructions	5
libero_spatial	1134	Language Instructions	5
libero_spatial	1135	Language Instructions	3
libero_spatial	1136	Language Instructions	1
libero_spatial	1137	Language Instructions	5
libero_spatial	1138	Language Instructions	2
libero_spatial	1139	Language Instructions	2
libero_spatial	1140	Language Instructions	4
libero_spatial	1141	Language Instructions	5
libero_spatial	1142	Language Instructions	2
libero_spatial	1143	Language Instructions	5
libero_spatial	1144	Language Instructions	1
libero_spatial	1145	Language Instructions	5
libero_spatial	1146	Language Instructions	1
libero_spatial	1147	Language Instructions	2
libero_spatial	1148	Language Instructions	1
libero_spatial	1149	Language Instructions	1
libero_spatial	1150	Language Instructions	3
libero_spatial	1151	Language Instructions	1
libero_spatial	1152	Language Instructions	1
libero_spatial	1153	Language Instructions	4
libero_spatial	1154	Language Instructions	5
libero_spatial	1155	Language Instructions	4
libero_spatial	1156	Language Instructions	4
libero_spatial	1157	Language Instructions	4
libero_spatial	1158	Language Instructions	2
libero_spatial	1159	Language Instructions	2
libero_spatial	1160	Language Instructions	1
libero_spatial	1161	Language Instructions	5
libero_spatial	1162	Language Instructions	4
libero_spatial	1163	Language Instructions	5
libero_spatial	1164	Language Instructions	5
libero_spatial	1165	Language Instructions	1
libero_spatial	1166	Language Instructions	2
libero_spatial	1167	Language Instructions	1
libero_spatial	1168	Language Instructions	5
libero_spatial	1169	Language Instructions	2
libero_spatial	1170	Language Instructions	1
libero_spatial	1171	Language Instructions	2
libero_spatial	1172	Language Instructions	5
libero_spatial	1173	Language Instructions	3
libero_spatial	1174	Language Instructions	4
libero_spatial	1175	Language Instructions	4
libero_spatial	1176	Language Instructions	1
libero_spatial	1177	Language Instructions	3
libero_spatial	1178	Language Instructions	3
libero_spatial	1179	Language Instructions	4
libero_spatial	1180	Language Instructions	4
libero_spatial	1181	Language Instructions	4
libero_spatial	1182	Language Instructions	3
libero_spatial	1183	Language Instructions	1
libero_spatial	1184	Language Instructions	2
libero_spatial	1185	Language Instructions	2
libero_spatial	1186	Language Instructions	1
libero_spatial	1187	Language Instructions	2
libero_spatial	1188	Language Instructions	1
libero_spatial	1189	Language Instructions	1
libero_spatial	1190	Language Instructions	2
libero_spatial	1191	Language Instructions	4
libero_spatial	1192	Language Instructions	4
libero_spatial	1193	Language Instructions	4
libero_spatial	1194	Language Instructions	2
libero_spatial	1195	Language Instructions	2
libero_spatial	1196	Language Instructions	4
libero_spatial	1197	Language Instructions	4
libero_spatial	1198	Language Instructions	2
libero_spatial	1199	Language Instructions	2
libero_spatial	1200	Language Instructions	3
libero_spatial	1201	Language Instructions	4
libero_spatial	1202	Language Instructions	4
libero_spatial	1203	Language Instructions	3
libero_spatial	1204	Language Instructions	1
libero_spatial	1205	Language Instructions	1
libero_spatial	1206	Language Instructions	3
libero_spatial	1207	Language Instructions	1
libero_spatial	1208	Language Instructions	4
libero_spatial	1209	Language Instructions	4
libero_spatial	1210	Language Instructions	2
libero_spatial	1211	Language Instructions	4
libero_spatial	1212	Language Instructions	1
libero_spatial	1213	Language Instructions	1
libero_spatial	1214	Language Instructions	3
libero_spatial	1215	Language Instructions	4
libero_spatial	1216	Language Instructions	1
libero_spatial	1217	Language Instructions	1
libero_spatial	1218	Language Instructions	2
libero_spatial	1219	Language Instructions	2
libero_spatial	1220	Language Instructions	4
libero_spatial	1221	Language Instructions	4
libero_spatial	1222	Language Instructions	1
libero_spatial	1223	Language Instructions	1
libero_spatial	1224	Language Instructions	5
libero_spatial	1225	Language Instructions	1
libero_spatial	1226	Language Instructions	1
libero_spatial	1227	Language Instructions	1
libero_spatial	1228	Language Instructions	4
libero_spatial	1229	Language Instructions	3
libero_spatial	1230	Language Instructions	1
libero_spatial	1231	Language Instructions	2
libero_spatial	1232	Language Instructions	2
libero_spatial	1233	Language Instructions	1
libero_spatial	1234	Language Instructions	2
libero_spatial	1235	Language Instructions	1
libero_spatial	1236	Language Instructions	1
libero_spatial	1237	Language Instructions	2
libero_spatial	1238	Language Instructions	2
libero_spatial	1239	Language Instructions	1
libero_spatial	1240	Language Instructions	4
libero_spatial	1241	Language Instructions	4
libero_spatial	1242	Language Instructions	1
libero_spatial	1243	Language Instructions	4
libero_spatial	1244	Language Instructions	4
libero_spatial	1245	Language Instructions	4
libero_spatial	1246	Language Instructions	1
libero_spatial	1247	Language Instructions	4
libero_spatial	1248	Language Instructions	1
libero_spatial	1249	Language Instructions	4
libero_spatial	1250	Language Instructions	3
libero_spatial	1251	Language Instructions	2
libero_spatial	1252	Language Instructions	4
libero_spatial	1253	Language Instructions	1
libero_spatial	1254	Language Instructions	2
libero_spatial	1255	Language Instructions	3
libero_spatial	1256	Language Instructions	1
libero_spatial	1257	Language Instructions	4
libero_spatial	1258	Language Instructions	2
libero_spatial	1259	Language Instructions	1
libero_spatial	1260	Language Instructions	4
libero_spatial	1261	Language Instructions	1
libero_spatial	1262	Language Instructions	4
libero_spatial	1263	Language Instructions	1
libero_spatial	1264	Language Instructions	1
libero_spatial	1265	Language Instructions	5
libero_spatial	1266	Language Instructions	2
libero_spatial	1267	Language Instructions	1
libero_spatial	1268	Language Instructions	3
libero_spatial	1269	Language Instructions	1
libero_spatial	1270	Language Instructions	2
libero_spatial	1271	Language Instructions	1
libero_spatial	1272	Language Instructions	4
libero_spatial	1273	Language Instructions	4
libero_spatial	1274	Language Instructions	1
libero_spatial	1275	Language Instructions	1
libero_spatial	1276	Language Instructions	2
libero_spatial	1277	Language Instructions	3
libero_spatial	1278	Language Instructions	2
libero_spatial	1279	Language Instructions	2
libero_spatial	1280	Language Instructions	3
libero_spatial	1281	Language Instructions	2
libero_spatial	1282	Language Instructions	1
libero_spatial	1283	Language Instructions	4
libero_spatial	1284	Language Instructions	2
libero_spatial	1285	Language Instructions	1
libero_spatial	1286	Language Instructions	3
libero_spatial	1287	Language Instructions	1
libero_spatial	1288	Language Instructions	2
libero_spatial	1289	Language Instructions	2
libero_spatial	1290	Language Instructions	1
libero_spatial	1291	Language Instructions	2
libero_spatial	1292	Language Instructions	1
libero_spatial	1293	Language Instructions	1
libero_spatial	1294	Language Instructions	1
libero_spatial	1295	Language Instructions	1
libero_spatial	1296	Language Instructions	1
libero_spatial	1297	Language Instructions	2
libero_spatial	1298	Language Instructions	2
libero_spatial	1299	Language Instructions	2
libero_spatial	1300	Language Instructions	2
libero_spatial	1301	Language Instructions	3
libero_spatial	1302	Language Instructions	2
libero_spatial	1303	Language Instructions	2
libero_spatial	1304	Language Instructions	4
libero_spatial	1305	Language Instructions	3
libero_spatial	1306	Language Instructions	1
libero_spatial	1307	Language Instructions	4
libero_spatial	1308	Language Instructions	4
libero_spatial	1309	Language Instructions	4
libero_spatial	1310	Language Instructions	3
libero_spatial	1311	Language Instructions	1
libero_spatial	1312	Language Instructions	2
libero_spatial	1313	Language Instructions	4
libero_spatial	1314	Language Instructions	3
libero_spatial	1315	Language Instructions	4
libero_spatial	1316	Language Instructions	4
libero_spatial	1317	Language Instructions	2
libero_spatial	1318	Language Instructions	3
libero_spatial	1319	Language Instructions	1
libero_spatial	1320	Language Instructions	1
libero_spatial	1321	Language Instructions	1
libero_spatial	1322	Language Instructions	2
libero_spatial	1323	Language Instructions	1
libero_spatial	1324	Language Instructions	2
libero_spatial	1325	Language Instructions	1
libero_spatial	1326	Language Instructions	2
libero_spatial	1327	Language Instructions	2
libero_spatial	1328	Language Instructions	1
libero_spatial	1329	Language Instructions	2
libero_spatial	1330	Language Instructions	2
libero_spatial	1331	Language Instructions	2
libero_spatial	1332	Language Instructions	4
libero_spatial	1333	Language Instructions	2
libero_spatial	1334	Language Instructions	1
libero_spatial	1335	Language Instructions	4
libero_spatial	1336	Language Instructions	1
libero_spatial	1337	Language Instructions	1
libero_spatial	1338	Language Instructions	1
libero_spatial	1339	Language Instructions	1
libero_spatial	1340	Language Instructions	1
libero_spatial	1341	Language Instructions	3
libero_spatial	1342	Language Instructions	1
libero_spatial	1343	Language Instructions	3
libero_spatial	1344	Language Instructions	2
libero_spatial	1345	Language Instructions	2
libero_spatial	1346	Language Instructions	1
libero_spatial	1347	Language Instructions	5
libero_spatial	1348	Language Instructions	5
libero_spatial	1349	Language Instructions	3
libero_spatial	1350	Language Instructions	4
libero_spatial	1351	Language Instructions	5
libero_spatial	1352	Language Instructions	5
libero_spatial	1353	Language Instructions	5
libero_spatial	1354	Language Instructions	2
libero_spatial	1355	Language Instructions	5
libero_spatial	1356	Language Instructions	2
libero_spatial	1357	Language Instructions	2
libero_spatial	1358	Language Instructions	5
libero_spatial	1359	Language Instructions	5
libero_spatial	1360	Language Instructions	2
libero_spatial	1361	Language Instructions	1
libero_spatial	1362	Language Instructions	2
libero_spatial	1363	Language Instructions	5
libero_spatial	1364	Language Instructions	4
libero_spatial	1365	Language Instructions	5
libero_spatial	1366	Language Instructions	4
libero_spatial	1367	Language Instructions	5
libero_spatial	1368	Language Instructions	2
libero_spatial	1369	Language Instructions	1
libero_spatial	1370	Language Instructions	2
libero_spatial	1371	Language Instructions	2
libero_spatial	1372	Language Instructions	2
libero_spatial	1373	Language Instructions	2
libero_spatial	1374	Sensor Noise	1
libero_spatial	1375	Sensor Noise	2
libero_spatial	1376	Sensor Noise	2
libero_spatial	1377	Sensor Noise	2
libero_spatial	1378	Sensor Noise	2
libero_spatial	1379	Sensor Noise	2
libero_spatial	1380	Sensor Noise	3
libero_spatial	1381	Sensor Noise	3
libero_spatial	1382	Sensor Noise	1
libero_spatial	1383	Sensor Noise	2
libero_spatial	1384	Sensor Noise	2
libero_spatial	1385	Sensor Noise	3
libero_spatial	1386	Sensor Noise	3
libero_spatial	1387	Sensor Noise	4
libero_spatial	1388	Sensor Noise	4
libero_spatial	1389	Sensor Noise	4
libero_spatial	1390	Sensor Noise	1
libero_spatial	1391	Sensor Noise	2
libero_spatial	1392	Sensor Noise	2
libero_spatial	1393	Sensor Noise	3
libero_spatial	1394	Sensor Noise	1
libero_spatial	1395	Sensor Noise	2
libero_spatial	1396	Sensor Noise	2
libero_spatial	1397	Sensor Noise	3
libero_spatial	1398	Sensor Noise	2
libero_spatial	1399	Sensor Noise	2
libero_spatial	1400	Sensor Noise	2
libero_spatial	1401	Sensor Noise	2
libero_spatial	1402	Sensor Noise	3
libero_spatial	1403	Sensor Noise	3
libero_spatial	1404	Sensor Noise	2
libero_spatial	1405	Sensor Noise	2
libero_spatial	1406	Sensor Noise	1
libero_spatial	1407	Sensor Noise	2
libero_spatial	1408	Sensor Noise	2
libero_spatial	1409	Sensor Noise	2
libero_spatial	1410	Sensor Noise	4
libero_spatial	1411	Sensor Noise	5
libero_spatial	1412	Sensor Noise	5
libero_spatial	1413	Sensor Noise	4
libero_spatial	1414	Sensor Noise	1
libero_spatial	1415	Sensor Noise	2
libero_spatial	1416	Sensor Noise	2
libero_spatial	1417	Sensor Noise	4
libero_spatial	1418	Sensor Noise	5
libero_spatial	1419	Sensor Noise	5
libero_spatial	1420	Sensor Noise	5
libero_spatial	1421	Sensor Noise	1
libero_spatial	1422	Sensor Noise	2
libero_spatial	1423	Sensor Noise	2
libero_spatial	1424	Sensor Noise	4
libero_spatial	1425	Sensor Noise	5
libero_spatial	1426	Sensor Noise	5
libero_spatial	1427	Sensor Noise	1
libero_spatial	1428	Sensor Noise	1
libero_spatial	1429	Sensor Noise	2
libero_spatial	1430	Sensor Noise	4
libero_spatial	1431	Sensor Noise	5
libero_spatial	1432	Sensor Noise	2
libero_spatial	1433	Sensor Noise	2
libero_spatial	1434	Sensor Noise	3
libero_spatial	1435	Sensor Noise	2
libero_spatial	1436	Sensor Noise	4
libero_spatial	1437	Sensor Noise	4
libero_spatial	1438	Sensor Noise	4
libero_spatial	1439	Sensor Noise	4
libero_spatial	1440	Sensor Noise	2
libero_spatial	1441	Sensor Noise	2
libero_spatial	1442	Sensor Noise	2
libero_spatial	1443	Sensor Noise	2
libero_spatial	1444	Sensor Noise	2
libero_spatial	1445	Sensor Noise	3
libero_spatial	1446	Sensor Noise	3
libero_spatial	1447	Sensor Noise	3
libero_spatial	1448	Sensor Noise	2
libero_spatial	1449	Sensor Noise	2
libero_spatial	1450	Sensor Noise	2
libero_spatial	1451	Sensor Noise	2
libero_spatial	1452	Sensor Noise	3
libero_spatial	1453	Sensor Noise	3
libero_spatial	1454	Sensor Noise	3
libero_spatial	1455	Sensor Noise	3
libero_spatial	1456	Sensor Noise	3
libero_spatial	1457	Sensor Noise	1
libero_spatial	1458	Sensor Noise	2
libero_spatial	1459	Sensor Noise	2
libero_spatial	1460	Sensor Noise	3
libero_spatial	1461	Sensor Noise	4
libero_spatial	1462	Sensor Noise	2
libero_spatial	1463	Sensor Noise	2
libero_spatial	1464	Sensor Noise	2
libero_spatial	1465	Sensor Noise	2
libero_spatial	1466	Sensor Noise	3
libero_spatial	1467	Sensor Noise	2
libero_spatial	1468	Sensor Noise	2
libero_spatial	1469	Sensor Noise	2
libero_spatial	1470	Sensor Noise	2
libero_spatial	1471	Sensor Noise	3
libero_spatial	1472	Sensor Noise	3
libero_spatial	1473	Sensor Noise	3
libero_spatial	1474	Sensor Noise	3
libero_spatial	1475	Sensor Noise	2
libero_spatial	1476	Sensor Noise	2
libero_spatial	1477	Sensor Noise	2
libero_spatial	1478	Sensor Noise	2
libero_spatial	1479	Sensor Noise	3
libero_spatial	1480	Sensor Noise	3
libero_spatial	1481	Sensor Noise	2
libero_spatial	1482	Sensor Noise	2
libero_spatial	1483	Sensor Noise	2
libero_spatial	1484	Sensor Noise	3
libero_spatial	1485	Sensor Noise	2
libero_spatial	1486	Sensor Noise	2
libero_spatial	1487	Sensor Noise	3
libero_spatial	1488	Sensor Noise	3
libero_spatial	1489	Sensor Noise	1
libero_spatial	1490	Sensor Noise	2
libero_spatial	1491	Sensor Noise	2
libero_spatial	1492	Sensor Noise	3
libero_spatial	1493	Sensor Noise	1
libero_spatial	1494	Sensor Noise	1
libero_spatial	1495	Sensor Noise	1
libero_spatial	1496	Sensor Noise	3
libero_spatial	1497	Sensor Noise	4
libero_spatial	1498	Sensor Noise	2
libero_spatial	1499	Sensor Noise	2
libero_spatial	1500	Sensor Noise	2
libero_spatial	1501	Sensor Noise	2
libero_spatial	1502	Sensor Noise	3
libero_spatial	1503	Sensor Noise	4
libero_spatial	1504	Sensor Noise	2
libero_spatial	1505	Sensor Noise	3
libero_spatial	1506	Sensor Noise	2
libero_spatial	1507	Sensor Noise	2
libero_spatial	1508	Sensor Noise	2
libero_spatial	1509	Sensor Noise	3
libero_spatial	1510	Sensor Noise	3
libero_spatial	1511	Sensor Noise	3
libero_spatial	1512	Sensor Noise	4
libero_spatial	1513	Sensor Noise	1
libero_spatial	1514	Sensor Noise	2
libero_spatial	1515	Sensor Noise	2
libero_spatial	1516	Sensor Noise	2
libero_spatial	1517	Sensor Noise	2
libero_spatial	1518	Sensor Noise	3
libero_spatial	1519	Sensor Noise	4
libero_spatial	1520	Sensor Noise	4
libero_spatial	1521	Sensor Noise	5
libero_spatial	1522	Sensor Noise	4
libero_spatial	1523	Sensor Noise	1
libero_spatial	1524	Sensor Noise	1
libero_spatial	1525	Sensor Noise	1
libero_spatial	1526	Sensor Noise	1
libero_spatial	1527	Sensor Noise	2
libero_spatial	1528	Sensor Noise	2
libero_spatial	1529	Sensor Noise	2
libero_spatial	1530	Sensor Noise	4
libero_spatial	1531	Sensor Noise	4
libero_spatial	1532	Sensor Noise	1
libero_spatial	1533	Sensor Noise	2
libero_spatial	1534	Sensor Noise	3
libero_spatial	1535	Sensor Noise	4
libero_spatial	1536	Sensor Noise	4
libero_spatial	1537	Sensor Noise	2
libero_spatial	1538	Sensor Noise	2
libero_spatial	1539	Sensor Noise	3
libero_spatial	1540	Sensor Noise	2
libero_spatial	1541	Sensor Noise	2
libero_spatial	1542	Sensor Noise	3
libero_spatial	1543	Sensor Noise	3
libero_spatial	1544	Sensor Noise	2
libero_spatial	1545	Sensor Noise	3
libero_spatial	1546	Sensor Noise	2
libero_spatial	1547	Sensor Noise	2
libero_spatial	1548	Sensor Noise	3
libero_spatial	1549	Sensor Noise	2
libero_spatial	1550	Sensor Noise	4
libero_spatial	1551	Sensor Noise	3
libero_spatial	1552	Sensor Noise	3
libero_spatial	1553	Sensor Noise	4
libero_spatial	1554	Sensor Noise	2
libero_spatial	1555	Sensor Noise	3
libero_spatial	1556	Sensor Noise	3
libero_spatial	1557	Sensor Noise	3
libero_spatial	1558	Sensor Noise	4
libero_spatial	1559	Sensor Noise	3
libero_spatial	1560	Sensor Noise	4
libero_spatial	1561	Sensor Noise	3
libero_spatial	1562	Sensor Noise	4
libero_spatial	1563	Sensor Noise	1
libero_spatial	1564	Sensor Noise	2
libero_spatial	1565	Sensor Noise	3
libero_spatial	1566	Sensor Noise	4
libero_spatial	1567	Sensor Noise	4
libero_spatial	1568	Sensor Noise	1
libero_spatial	1569	Sensor Noise	2
libero_spatial	1570	Sensor Noise	2
libero_spatial	1571	Sensor Noise	4
libero_spatial	1572	Sensor Noise	4
libero_spatial	1573	Sensor Noise	1
libero_spatial	1574	Sensor Noise	1
libero_spatial	1575	Sensor Noise	2
libero_spatial	1576	Sensor Noise	2
libero_spatial	1577	Sensor Noise	2
libero_spatial	1578	Sensor Noise	3
libero_spatial	1579	Sensor Noise	3
libero_spatial	1580	Sensor Noise	3
libero_spatial	1581	Sensor Noise	4
libero_spatial	1582	Sensor Noise	3
libero_spatial	1583	Sensor Noise	1
libero_spatial	1584	Sensor Noise	2
libero_spatial	1585	Sensor Noise	1
libero_spatial	1586	Sensor Noise	2
libero_spatial	1587	Sensor Noise	2
libero_spatial	1588	Sensor Noise	2
libero_spatial	1589	Sensor Noise	2
libero_spatial	1590	Sensor Noise	3
libero_spatial	1591	Sensor Noise	3
libero_spatial	1592	Sensor Noise	2
libero_spatial	1593	Sensor Noise	2
libero_spatial	1594	Sensor Noise	3
libero_spatial	1595	Sensor Noise	4
libero_spatial	1596	Sensor Noise	4
libero_spatial	1597	Sensor Noise	4
libero_spatial	1598	Sensor Noise	1
libero_spatial	1599	Sensor Noise	2
libero_spatial	1600	Sensor Noise	4
libero_spatial	1601	Sensor Noise	4
libero_spatial	1602	Sensor Noise	1
libero_spatial	1603	Sensor Noise	1
libero_spatial	1604	Sensor Noise	1
libero_spatial	1605	Sensor Noise	1
libero_spatial	1606	Sensor Noise	2
libero_spatial	1607	Sensor Noise	4
libero_spatial	1608	Sensor Noise	1
libero_spatial	1609	Sensor Noise	2
libero_spatial	1610	Sensor Noise	2
libero_spatial	1611	Sensor Noise	2
libero_spatial	1612	Sensor Noise	2
libero_spatial	1613	Sensor Noise	3
libero_spatial	1614	Sensor Noise	3
libero_spatial	1615	Sensor Noise	3
libero_spatial	1616	Sensor Noise	3
libero_spatial	1617	Sensor Noise	2
libero_spatial	1618	Sensor Noise	1
libero_spatial	1619	Sensor Noise	2
libero_spatial	1620	Sensor Noise	2
libero_spatial	1621	Sensor Noise	2
libero_spatial	1622	Sensor Noise	3
libero_spatial	1623	Sensor Noise	3
libero_spatial	1624	Sensor Noise	3
libero_spatial	1625	Sensor Noise	4
libero_spatial	1626	Sensor Noise	2
libero_spatial	1627	Sensor Noise	2
libero_spatial	1628	Sensor Noise	2
libero_spatial	1629	Sensor Noise	3
libero_spatial	1630	Sensor Noise	3
libero_spatial	1631	Sensor Noise	3
libero_spatial	1632	Sensor Noise	3
libero_spatial	1633	Sensor Noise	3
libero_spatial	1634	Sensor Noise	4
libero_spatial	1635	Sensor Noise	1
libero_spatial	1636	Sensor Noise	1
libero_spatial	1637	Sensor Noise	2
libero_spatial	1638	Sensor Noise	1
libero_spatial	1639	Sensor Noise	1
libero_spatial	1640	Sensor Noise	2
libero_spatial	1641	Sensor Noise	2
libero_spatial	1642	Sensor Noise	4
libero_spatial	1643	Sensor Noise	1
libero_spatial	1644	Sensor Noise	2
libero_spatial	1645	Sensor Noise	2
libero_spatial	1646	Sensor Noise	2
libero_spatial	1647	Sensor Noise	3
libero_spatial	1648	Sensor Noise	4
libero_spatial	1649	Sensor Noise	1
libero_spatial	1650	Sensor Noise	2
libero_spatial	1651	Sensor Noise	1
libero_spatial	1652	Sensor Noise	2
libero_spatial	1653	Sensor Noise	2
libero_spatial	1654	Sensor Noise	3
libero_spatial	1655	Sensor Noise	3
libero_spatial	1656	Sensor Noise	3
libero_spatial	1657	Sensor Noise	3
libero_spatial	1658	Sensor Noise	1
libero_spatial	1659	Sensor Noise	2
libero_spatial	1660	Sensor Noise	2
libero_spatial	1661	Sensor Noise	3
libero_spatial	1662	Sensor Noise	3
libero_spatial	1663	Sensor Noise	4
libero_spatial	1664	Sensor Noise	2
libero_spatial	1665	Sensor Noise	2
libero_spatial	1666	Sensor Noise	2
libero_spatial	1667	Sensor Noise	2
libero_spatial	1668	Sensor Noise	4
libero_spatial	1669	Sensor Noise	5
libero_spatial	1670	Sensor Noise	5
libero_spatial	1671	Sensor Noise	1
libero_spatial	1672	Sensor Noise	1
libero_spatial	1673	Sensor Noise	3
libero_spatial	1674	Sensor Noise	5
libero_spatial	1675	Sensor Noise	1
libero_spatial	1676	Sensor Noise	2
libero_spatial	1677	Sensor Noise	4
libero_spatial	1678	Sensor Noise	4
libero_spatial	1679	Sensor Noise	2
libero_spatial	1680	Sensor Noise	2
libero_spatial	1681	Sensor Noise	2
libero_spatial	1682	Sensor Noise	3
libero_spatial	1683	Sensor Noise	2
libero_spatial	1684	Sensor Noise	3
libero_spatial	1685	Sensor Noise	3
libero_spatial	1686	Sensor Noise	2
libero_spatial	1687	Sensor Noise	2
libero_spatial	1688	Sensor Noise	2
libero_spatial	1689	Sensor Noise	3
libero_spatial	1690	Sensor Noise	3
libero_spatial	1691	Sensor Noise	4
libero_spatial	1692	Sensor Noise	4
libero_spatial	1693	Sensor Noise	1
libero_spatial	1694	Sensor Noise	3
libero_spatial	1695	Sensor Noise	4
libero_spatial	1696	Sensor Noise	3
libero_spatial	1697	Sensor Noise	4
libero_spatial	1698	Sensor Noise	4
libero_spatial	1699	Sensor Noise	4
libero_spatial	1700	Sensor Noise	3
libero_spatial	1701	Sensor Noise	4
libero_spatial	1702	Sensor Noise	1
libero_spatial	1703	Sensor Noise	1
libero_spatial	1704	Sensor Noise	1
libero_spatial	1705	Sensor Noise	3
libero_spatial	1706	Sensor Noise	3
libero_spatial	1707	Sensor Noise	3
libero_spatial	1708	Sensor Noise	4
libero_spatial	1709	Sensor Noise	1
libero_spatial	1710	Sensor Noise	2
libero_spatial	1711	Sensor Noise	1
libero_spatial	1712	Sensor Noise	2
libero_spatial	1713	Sensor Noise	2
libero_spatial	1714	Sensor Noise	4
libero_spatial	1715	Sensor Noise	4
libero_spatial	1716	Sensor Noise	1
libero_spatial	1717	Sensor Noise	3
libero_spatial	1718	Sensor Noise	2
libero_spatial	1719	Sensor Noise	3
libero_spatial	1720	Sensor Noise	3
libero_spatial	1721	Sensor Noise	3
libero_spatial	1722	Sensor Noise	3
libero_spatial	1723	Sensor Noise	3
libero_spatial	1724	Sensor Noise	3
libero_spatial	1725	Objects Layout	4
libero_spatial	1726	Objects Layout	5
libero_spatial	1727	Objects Layout	4
libero_spatial	1728	Objects Layout	4
libero_spatial	1729	Objects Layout	5
libero_spatial	1730	Objects Layout	4
libero_spatial	1731	Objects Layout	4
libero_spatial	1732	Objects Layout	4
libero_spatial	1733	Objects Layout	5
libero_spatial	1734	Objects Layout	3
libero_spatial	1735	Objects Layout	4
libero_spatial	1736	Objects Layout	5
libero_spatial	1737	Objects Layout	5
libero_spatial	1738	Objects Layout	4
libero_spatial	1739	Objects Layout	5
libero_spatial	1740	Objects Layout	5
libero_spatial	1741	Objects Layout	4
libero_spatial	1742	Objects Layout	5
libero_spatial	1743	Objects Layout	4
libero_spatial	1744	Objects Layout	4
libero_spatial	1745	Objects Layout	4
libero_spatial	1746	Objects Layout	3
libero_spatial	1747	Objects Layout	4
libero_spatial	1748	Objects Layout	4
libero_spatial	1749	Objects Layout	3
libero_spatial	1750	Objects Layout	3
libero_spatial	1751	Objects Layout	3
libero_spatial	1752	Objects Layout	3
libero_spatial	1753	Objects Layout	3
libero_spatial	1754	Objects Layout	3
libero_spatial	1755	Objects Layout	3
libero_spatial	1756	Objects Layout	3
libero_spatial	1757	Objects Layout	3
libero_spatial	1758	Objects Layout	4
libero_spatial	1759	Objects Layout	3
libero_spatial	1760	Objects Layout	3
libero_spatial	1761	Objects Layout	4
libero_spatial	1762	Objects Layout	3
libero_spatial	1763	Objects Layout	5
libero_spatial	1764	Objects Layout	3
libero_spatial	1765	Objects Layout	3
libero_spatial	1766	Objects Layout	5
libero_spatial	1767	Objects Layout	2
libero_spatial	1768	Objects Layout	5
libero_spatial	1769	Objects Layout	4
libero_spatial	1770	Objects Layout	4
libero_spatial	1771	Objects Layout	4
libero_spatial	1772	Objects Layout	3
libero_spatial	1773	Objects Layout	4
libero_spatial	1774	Objects Layout	3
libero_spatial	1775	Objects Layout	4
libero_spatial	1776	Objects Layout	4
libero_spatial	1777	Objects Layout	3
libero_spatial	1778	Objects Layout	4
libero_spatial	1779	Objects Layout	4
libero_spatial	1780	Objects Layout	3
libero_spatial	1781	Objects Layout	4
libero_spatial	1782	Objects Layout	4
libero_spatial	1783	Objects Layout	4
libero_spatial	1784	Objects Layout	3
libero_spatial	1785	Objects Layout	4
libero_spatial	1786	Objects Layout	3
libero_spatial	1787	Objects Layout	3
libero_spatial	1788	Objects Layout	4
libero_spatial	1789	Objects Layout	3
libero_spatial	1790	Objects Layout	3
libero_spatial	1791	Objects Layout	3
libero_spatial	1792	Objects Layout	3
libero_spatial	1793	Objects Layout	3
libero_spatial	1794	Objects Layout	4
libero_spatial	1795	Objects Layout	4
libero_spatial	1796	Objects Layout	4
libero_spatial	1797	Objects Layout	3
libero_spatial	1798	Objects Layout	4
libero_spatial	1799	Objects Layout	3
libero_spatial	1800	Objects Layout	4
libero_spatial	1801	Objects Layout	4
libero_spatial	1802	Objects Layout	4
libero_spatial	1803	Objects Layout	4
libero_spatial	1804	Objects Layout	4
libero_spatial	1805	Objects Layout	4
libero_spatial	1806	Objects Layout	4
libero_spatial	1807	Objects Layout	3
libero_spatial	1808	Objects Layout	4
libero_spatial	1809	Objects Layout	4
libero_spatial	1810	Objects Layout	3
libero_spatial	1811	Objects Layout	4
libero_spatial	1812	Objects Layout	4
libero_spatial	1813	Objects Layout	4
libero_spatial	1814	Objects Layout	4
libero_spatial	1815	Objects Layout	5
libero_spatial	1816	Objects Layout	4
libero_spatial	1817	Objects Layout	4
libero_spatial	1818	Objects Layout	4
libero_spatial	1819	Objects Layout	4
libero_spatial	1820	Objects Layout	4
libero_spatial	1821	Objects Layout	4
libero_spatial	1822	Objects Layout	5
libero_spatial	1823	Objects Layout	4
libero_spatial	1824	Objects Layout	5
libero_spatial	1825	Objects Layout	5
libero_spatial	1826	Objects Layout	5
libero_spatial	1827	Objects Layout	4
libero_spatial	1828	Objects Layout	4
libero_spatial	1829	Objects Layout	4
libero_spatial	1830	Objects Layout	4
libero_spatial	1831	Objects Layout	4
libero_spatial	1832	Objects Layout	3
libero_spatial	1833	Objects Layout	3
libero_spatial	1834	Objects Layout	3
libero_spatial	1835	Objects Layout	4
libero_spatial	1836	Objects Layout	4
libero_spatial	1837	Objects Layout	3
libero_spatial	1838	Objects Layout	4
libero_spatial	1839	Objects Layout	4
libero_spatial	1840	Objects Layout	3
libero_spatial	1841	Objects Layout	3
libero_spatial	1842	Objects Layout	3
libero_spatial	1843	Objects Layout	4
libero_spatial	1844	Objects Layout	3
libero_spatial	1845	Objects Layout	3
libero_spatial	1846	Objects Layout	4
libero_spatial	1847	Objects Layout	4
libero_spatial	1848	Objects Layout	4
libero_spatial	1849	Objects Layout	3
libero_spatial	1850	Objects Layout	5
libero_spatial	1851	Objects Layout	4
libero_spatial	1852	Objects Layout	4
libero_spatial	1853	Objects Layout	4
libero_spatial	1854	Objects Layout	4
libero_spatial	1855	Objects Layout	5
libero_spatial	1856	Objects Layout	5
libero_spatial	1857	Objects Layout	4
libero_spatial	1858	Objects Layout	5
libero_spatial	1859	Objects Layout	4
libero_spatial	1860	Objects Layout	5
libero_spatial	1861	Objects Layout	4
libero_spatial	1862	Objects Layout	5
libero_spatial	1863	Objects Layout	4
libero_spatial	1864	Objects Layout	5
libero_spatial	1865	Objects Layout	5
libero_spatial	1866	Objects Layout	5
libero_spatial	1867	Objects Layout	5
libero_spatial	1868	Objects Layout	4
libero_spatial	1869	Objects Layout	4
libero_spatial	1870	Objects Layout	4
libero_spatial	1871	Objects Layout	4
libero_spatial	1872	Objects Layout	4
libero_spatial	1873	Objects Layout	4
libero_spatial	1874	Objects Layout	5
libero_spatial	1875	Objects Layout	5
libero_spatial	1876	Objects Layout	4
libero_spatial	1877	Objects Layout	4
libero_spatial	1878	Objects Layout	5
libero_spatial	1879	Objects Layout	5
libero_spatial	1880	Objects Layout	5
libero_spatial	1881	Objects Layout	4
libero_spatial	1882	Objects Layout	5
libero_spatial	1883	Objects Layout	5
libero_spatial	1884	Objects Layout	4
libero_spatial	1885	Objects Layout	3
libero_spatial	1886	Objects Layout	4
libero_spatial	1887	Objects Layout	4
libero_spatial	1888	Objects Layout	3
libero_spatial	1889	Objects Layout	4
libero_spatial	1890	Objects Layout	3
libero_spatial	1891	Objects Layout	4
libero_spatial	1892	Objects Layout	4
libero_spatial	1893	Objects Layout	2
libero_spatial	1894	Objects Layout	4
libero_spatial	1895	Objects Layout	1
libero_spatial	1896	Objects Layout	3
libero_spatial	1897	Objects Layout	4
libero_spatial	1898	Objects Layout	5
libero_spatial	1899	Objects Layout	3
libero_spatial	1900	Objects Layout	3
libero_spatial	1901	Objects Layout	3
libero_spatial	1902	Objects Layout	2
libero_spatial	1903	Objects Layout	4
libero_spatial	1904	Objects Layout	3
libero_spatial	1905	Objects Layout	5
libero_spatial	1906	Objects Layout	3
libero_spatial	1907	Objects Layout	5
libero_spatial	1908	Objects Layout	5
libero_spatial	1909	Objects Layout	4
libero_spatial	1910	Objects Layout	4
libero_spatial	1911	Objects Layout	3
libero_spatial	1912	Objects Layout	2
libero_spatial	1913	Objects Layout	3
libero_spatial	1914	Objects Layout	3
libero_spatial	1915	Objects Layout	3
libero_spatial	1916	Objects Layout	4
libero_spatial	1917	Objects Layout	3
libero_spatial	1918	Objects Layout	2
libero_spatial	1919	Objects Layout	4
libero_spatial	1920	Objects Layout	3
libero_spatial	1921	Objects Layout	3
libero_spatial	1922	Objects Layout	3
libero_spatial	1923	Objects Layout	3
libero_spatial	1924	Objects Layout	3
libero_spatial	1925	Objects Layout	3
libero_spatial	1926	Objects Layout	3
libero_spatial	1927	Objects Layout	3
libero_spatial	1928	Objects Layout	3
libero_spatial	1929	Objects Layout	3
libero_spatial	1930	Objects Layout	3
libero_spatial	1931	Objects Layout	2
libero_spatial	1932	Objects Layout	3
libero_spatial	1933	Objects Layout	3
libero_spatial	1934	Objects Layout	3
libero_spatial	1935	Objects Layout	3
libero_spatial	1936	Objects Layout	3
libero_spatial	1937	Objects Layout	3
libero_spatial	1938	Objects Layout	3
libero_spatial	1939	Objects Layout	2
libero_spatial	1940	Objects Layout	3
libero_spatial	1941	Objects Layout	3
libero_spatial	1942	Objects Layout	3
libero_spatial	1943	Objects Layout	4
libero_spatial	1944	Objects Layout	5
libero_spatial	1945	Objects Layout	3
libero_spatial	1946	Objects Layout	4
libero_spatial	1947	Objects Layout	3
libero_spatial	1948	Objects Layout	2
libero_spatial	1949	Objects Layout	3
libero_spatial	1950	Objects Layout	3
libero_spatial	1951	Objects Layout	3
libero_spatial	1952	Objects Layout	2
libero_spatial	1953	Objects Layout	2
libero_spatial	1954	Objects Layout	2
libero_spatial	1955	Objects Layout	2
libero_spatial	1956	Objects Layout	2
libero_spatial	1957	Objects Layout	2
libero_spatial	1958	Objects Layout	2
libero_spatial	1959	Objects Layout	4
libero_spatial	1960	Objects Layout	4
libero_spatial	1961	Objects Layout	2
libero_spatial	1962	Objects Layout	4
libero_spatial	1963	Objects Layout	3
libero_spatial	1964	Objects Layout	2
libero_spatial	1965	Objects Layout	3
libero_spatial	1966	Objects Layout	3
libero_spatial	1967	Objects Layout	2
libero_spatial	1968	Objects Layout	2
libero_spatial	1969	Objects Layout	2
libero_spatial	1970	Objects Layout	2
libero_spatial	1971	Objects Layout	1
libero_spatial	1972	Objects Layout	2
libero_spatial	1973	Objects Layout	2
libero_spatial	1974	Objects Layout	2
libero_spatial	1975	Objects Layout	1
libero_spatial	1976	Objects Layout	1
libero_spatial	1977	Objects Layout	2
libero_spatial	1978	Objects Layout	1
libero_spatial	1979	Objects Layout	1
libero_spatial	1980	Objects Layout	3
libero_spatial	1981	Objects Layout	3
libero_spatial	1982	Objects Layout	2
libero_spatial	1983	Objects Layout	3
libero_spatial	1984	Objects Layout	3
libero_spatial	1985	Objects Layout	4
libero_spatial	1986	Objects Layout	3
libero_spatial	1987	Objects Layout	3
libero_spatial	1988	Objects Layout	3
libero_spatial	1989	Objects Layout	2
libero_spatial	1990	Objects Layout	3
libero_spatial	1991	Objects Layout	2
libero_spatial	1992	Objects Layout	3
libero_spatial	1993	Objects Layout	4
libero_spatial	1994	Objects Layout	4
libero_spatial	1995	Objects Layout	4
libero_spatial	1996	Objects Layout	4
libero_spatial	1997	Objects Layout	4
libero_spatial	1998	Objects Layout	4
libero_spatial	1999	Objects Layout	3
libero_spatial	2000	Objects Layout	4
libero_spatial	2001	Objects Layout	4
libero_spatial	2002	Objects Layout	5
libero_spatial	2003	Objects Layout	4
libero_spatial	2004	Objects Layout	4
libero_spatial	2005	Objects Layout	5
libero_spatial	2006	Objects Layout	4
libero_spatial	2007	Objects Layout	5
libero_spatial	2008	Objects Layout	4
libero_spatial	2009	Objects Layout	4
libero_spatial	2010	Objects Layout	4
libero_spatial	2011	Objects Layout	3
libero_spatial	2012	Objects Layout	4
libero_spatial	2013	Objects Layout	4
libero_spatial	2014	Objects Layout	4
libero_spatial	2015	Objects Layout	4
libero_spatial	2016	Objects Layout	4
libero_spatial	2017	Objects Layout	4
libero_spatial	2018	Objects Layout	3
libero_spatial	2019	Objects Layout	3
libero_spatial	2020	Objects Layout	3
libero_spatial	2021	Objects Layout	3
libero_spatial	2022	Objects Layout	4
libero_spatial	2023	Objects Layout	4
libero_spatial	2024	Objects Layout	4
libero_spatial	2025	Objects Layout	4
libero_spatial	2026	Objects Layout	3
libero_spatial	2027	Objects Layout	4
libero_spatial	2028	Objects Layout	4
libero_spatial	2029	Objects Layout	5
libero_spatial	2030	Objects Layout	4
libero_spatial	2031	Objects Layout	4
libero_spatial	2032	Objects Layout	4
libero_spatial	2033	Objects Layout	3
libero_spatial	2034	Objects Layout	2
libero_spatial	2035	Objects Layout	3
libero_spatial	2036	Objects Layout	3
libero_spatial	2037	Objects Layout	4
libero_spatial	2038	Objects Layout	4
libero_spatial	2039	Objects Layout	4
libero_spatial	2040	Objects Layout	4
libero_spatial	2041	Objects Layout	4
libero_spatial	2042	Objects Layout	4
libero_spatial	2043	Objects Layout	3
libero_spatial	2044	Objects Layout	4
libero_spatial	2045	Objects Layout	3
libero_spatial	2046	Objects Layout	4
libero_spatial	2047	Objects Layout	3
libero_spatial	2048	Objects Layout	3
libero_spatial	2049	Objects Layout	3
libero_spatial	2050	Objects Layout	3
libero_spatial	2051	Objects Layout	3
libero_spatial	2052	Objects Layout	4
libero_spatial	2053	Objects Layout	3
libero_spatial	2054	Objects Layout	3
libero_spatial	2055	Objects Layout	3
libero_spatial	2056	Objects Layout	3
libero_spatial	2057	Objects Layout	2
libero_spatial	2058	Objects Layout	2
libero_spatial	2059	Objects Layout	3
libero_spatial	2060	Objects Layout	4
libero_spatial	2061	Objects Layout	3
libero_spatial	2062	Objects Layout	3
libero_spatial	2063	Objects Layout	4
libero_spatial	2064	Objects Layout	2
libero_spatial	2065	Objects Layout	3
libero_spatial	2066	Objects Layout	4
libero_spatial	2067	Objects Layout	2
libero_spatial	2068	Objects Layout	2
libero_spatial	2069	Objects Layout	3
libero_spatial	2070	Objects Layout	3
libero_spatial	2071	Objects Layout	4
libero_spatial	2072	Objects Layout	3
libero_spatial	2073	Objects Layout	3
libero_spatial	2074	Objects Layout	4
libero_spatial	2075	Objects Layout	3
libero_spatial	2076	Objects Layout	5
libero_spatial	2077	Objects Layout	2
libero_spatial	2078	Objects Layout	4
libero_spatial	2079	Objects Layout	5
libero_spatial	2080	Objects Layout	4
libero_spatial	2081	Objects Layout	5
libero_spatial	2082	Objects Layout	4
libero_spatial	2083	Objects Layout	3
libero_spatial	2084	Objects Layout	3
libero_spatial	2085	Objects Layout	3
libero_spatial	2086	Objects Layout	4
libero_spatial	2087	Objects Layout	3
libero_spatial	2088	Objects Layout	3
libero_spatial	2089	Objects Layout	3
libero_spatial	2090	Objects Layout	3
libero_spatial	2091	Objects Layout	2
libero_spatial	2092	Objects Layout	2
libero_spatial	2093	Objects Layout	3
libero_spatial	2094	Objects Layout	4
libero_spatial	2095	Objects Layout	2
libero_spatial	2096	Objects Layout	2
libero_spatial	2097	Objects Layout	2
libero_spatial	2098	Objects Layout	3
libero_spatial	2099	Objects Layout	3
libero_spatial	2100	Objects Layout	3
libero_spatial	2101	Objects Layout	3
libero_spatial	2102	Objects Layout	3
libero_spatial	2103	Objects Layout	3
libero_spatial	2104	Objects Layout	4
libero_spatial	2105	Objects Layout	4
libero_spatial	2106	Objects Layout	3
libero_spatial	2107	Objects Layout	3
libero_spatial	2108	Objects Layout	3
libero_spatial	2109	Objects Layout	4
libero_spatial	2110	Light Conditions	2
libero_spatial	2111	Light Conditions	2
libero_spatial	2112	Light Conditions	4
libero_spatial	2113	Light Conditions	3
libero_spatial	2114	Light Conditions	3
libero_spatial	2115	Light Conditions	3
libero_spatial	2116	Light Conditions	3
libero_spatial	2117	Light Conditions	2
libero_spatial	2118	Light Conditions	2
libero_spatial	2119	Light Conditions	4
libero_spatial	2120	Light Conditions	2
libero_spatial	2121	Light Conditions	2
libero_spatial	2122	Light Conditions	3
libero_spatial	2123	Light Conditions	1
libero_spatial	2124	Light Conditions	3
libero_spatial	2125	Light Conditions	3
libero_spatial	2126	Light Conditions	3
libero_spatial	2127	Light Conditions	4
libero_spatial	2128	Light Conditions	2
libero_spatial	2129	Light Conditions	4
libero_spatial	2130	Light Conditions	3
libero_spatial	2131	Light Conditions	2
libero_spatial	2132	Light Conditions	5
libero_spatial	2133	Light Conditions	2
libero_spatial	2134	Light Conditions	4
libero_spatial	2135	Light Conditions	3
libero_spatial	2136	Light Conditions	4
libero_spatial	2137	Light Conditions	4
libero_spatial	2138	Light Conditions	2
libero_spatial	2139	Light Conditions	5
libero_spatial	2140	Light Conditions	4
libero_spatial	2141	Light Conditions	3
libero_spatial	2142	Light Conditions	2
libero_spatial	2143	Light Conditions	3
libero_spatial	2144	Light Conditions	3
libero_spatial	2145	Light Conditions	3
libero_spatial	2146	Light Conditions	5
libero_spatial	2147	Light Conditions	2
libero_spatial	2148	Light Conditions	3
libero_spatial	2149	Light Conditions	2
libero_spatial	2150	Light Conditions	4
libero_spatial	2151	Light Conditions	2
libero_spatial	2152	Light Conditions	3
libero_spatial	2153	Light Conditions	3
libero_spatial	2154	Light Conditions	3
libero_spatial	2155	Light Conditions	1
libero_spatial	2156	Light Conditions	3
libero_spatial	2157	Light Conditions	2
libero_spatial	2158	Light Conditions	3
libero_spatial	2159	Light Conditions	3
libero_spatial	2160	Light Conditions	2
libero_spatial	2161	Light Conditions	3
libero_spatial	2162	Light Conditions	2
libero_spatial	2163	Light Conditions	3
libero_spatial	2164	Light Conditions	3
libero_spatial	2165	Light Conditions	3
libero_spatial	2166	Light Conditions	3
libero_spatial	2167	Light Conditions	3
libero_spatial	2168	Light Conditions	3
libero_spatial	2169	Light Conditions	2
libero_spatial	2170	Light Conditions	2
libero_spatial	2171	Light Conditions	2
libero_spatial	2172	Light Conditions	2
libero_spatial	2173	Light Conditions	4
libero_spatial	2174	Light Conditions	2
libero_spatial	2175	Light Conditions	3
libero_spatial	2176	Light Conditions	2
libero_spatial	2177	Light Conditions	2
libero_spatial	2178	Light Conditions	3
libero_spatial	2179	Light Conditions	3
libero_spatial	2180	Light Conditions	4
libero_spatial	2181	Light Conditions	2
libero_spatial	2182	Light Conditions	4
libero_spatial	2183	Light Conditions	1
libero_spatial	2184	Light Conditions	2
libero_spatial	2185	Light Conditions	2
libero_spatial	2186	Light Conditions	3
libero_spatial	2187	Light Conditions	3
libero_spatial	2188	Light Conditions	3
libero_spatial	2189	Light Conditions	2
libero_spatial	2190	Light Conditions	2
libero_spatial	2191	Light Conditions	3
libero_spatial	2192	Light Conditions	3
libero_spatial	2193	Light Conditions	3
libero_spatial	2194	Light Conditions	3
libero_spatial	2195	Light Conditions	3
libero_spatial	2196	Light Conditions	2
libero_spatial	2197	Light Conditions	3
libero_spatial	2198	Light Conditions	2
libero_spatial	2199	Light Conditions	2
libero_spatial	2200	Light Conditions	3
libero_spatial	2201	Light Conditions	2
libero_spatial	2202	Light Conditions	4
libero_spatial	2203	Light Conditions	4
libero_spatial	2204	Light Conditions	3
libero_spatial	2205	Light Conditions	4
libero_spatial	2206	Light Conditions	3
libero_spatial	2207	Light Conditions	3
libero_spatial	2208	Light Conditions	4
libero_spatial	2209	Light Conditions	3
libero_spatial	2210	Light Conditions	3
libero_spatial	2211	Light Conditions	5
libero_spatial	2212	Light Conditions	3
libero_spatial	2213	Light Conditions	4
libero_spatial	2214	Light Conditions	3
libero_spatial	2215	Light Conditions	2
libero_spatial	2216	Light Conditions	2
libero_spatial	2217	Light Conditions	2
libero_spatial	2218	Light Conditions	4
libero_spatial	2219	Light Conditions	3
libero_spatial	2220	Light Conditions	3
libero_spatial	2221	Light Conditions	2
libero_spatial	2222	Light Conditions	3
libero_spatial	2223	Light Conditions	1
libero_spatial	2224	Light Conditions	3
libero_spatial	2225	Light Conditions	2
libero_spatial	2226	Light Conditions	3
libero_spatial	2227	Light Conditions	2
libero_spatial	2228	Light Conditions	3
libero_spatial	2229	Light Conditions	3
libero_spatial	2230	Light Conditions	4
libero_spatial	2231	Light Conditions	2
libero_spatial	2232	Light Conditions	4
libero_spatial	2233	Light Conditions	4
libero_spatial	2234	Light Conditions	4
libero_spatial	2235	Light Conditions	3
libero_spatial	2236	Light Conditions	2
libero_spatial	2237	Light Conditions	3
libero_spatial	2238	Light Conditions	3
libero_spatial	2239	Light Conditions	3
libero_spatial	2240	Light Conditions	3
libero_spatial	2241	Light Conditions	1
libero_spatial	2242	Light Conditions	3
libero_spatial	2243	Light Conditions	4
libero_spatial	2244	Light Conditions	2
libero_spatial	2245	Light Conditions	4
libero_spatial	2246	Light Conditions	2
libero_spatial	2247	Light Conditions	2
libero_spatial	2248	Light Conditions	3
libero_spatial	2249	Light Conditions	2
libero_spatial	2250	Light Conditions	2
libero_spatial	2251	Light Conditions	2
libero_spatial	2252	Light Conditions	1
libero_spatial	2253	Light Conditions	2
libero_spatial	2254	Light Conditions	1
libero_spatial	2255	Light Conditions	2
libero_spatial	2256	Light Conditions	3
libero_spatial	2257	Light Conditions	1
libero_spatial	2258	Light Conditions	2
libero_spatial	2259	Light Conditions	2
libero_spatial	2260	Light Conditions	1
libero_spatial	2261	Light Conditions	2
libero_spatial	2262	Light Conditions	1
libero_spatial	2263	Light Conditions	1
libero_spatial	2264	Light Conditions	1
libero_spatial	2265	Light Conditions	2
libero_spatial	2266	Light Conditions	2
libero_spatial	2267	Light Conditions	2
libero_spatial	2268	Light Conditions	1
libero_spatial	2269	Light Conditions	1
libero_spatial	2270	Light Conditions	2
libero_spatial	2271	Light Conditions	2
libero_spatial	2272	Light Conditions	1
libero_spatial	2273	Light Conditions	1
libero_spatial	2274	Light Conditions	1
libero_spatial	2275	Light Conditions	1
libero_spatial	2276	Light Conditions	1
libero_spatial	2277	Light Conditions	1
libero_spatial	2278	Light Conditions	1
libero_spatial	2279	Light Conditions	3
libero_spatial	2280	Light Conditions	2
libero_spatial	2281	Light Conditions	2
libero_spatial	2282	Light Conditions	2
libero_spatial	2283	Light Conditions	1
libero_spatial	2284	Light Conditions	1
libero_spatial	2285	Light Conditions	1
libero_spatial	2286	Light Conditions	1
libero_spatial	2287	Light Conditions	2
libero_spatial	2288	Light Conditions	1
libero_spatial	2289	Light Conditions	2
libero_spatial	2290	Light Conditions	2
libero_spatial	2291	Light Conditions	1
libero_spatial	2292	Light Conditions	2
libero_spatial	2293	Light Conditions	1
libero_spatial	2294	Light Conditions	2
libero_spatial	2295	Light Conditions	1
libero_spatial	2296	Light Conditions	1
libero_spatial	2297	Light Conditions	3
libero_spatial	2298	Light Conditions	1
libero_spatial	2299	Light Conditions	1
libero_spatial	2300	Light Conditions	2
libero_spatial	2301	Light Conditions	1
libero_spatial	2302	Light Conditions	1
libero_spatial	2303	Light Conditions	2
libero_spatial	2304	Light Conditions	2
libero_spatial	2305	Light Conditions	3
libero_spatial	2306	Light Conditions	2
libero_spatial	2307	Light Conditions	1
libero_spatial	2308	Light Conditions	1
libero_spatial	2309	Light Conditions	1
libero_spatial	2310	Light Conditions	1
libero_spatial	2311	Light Conditions	1
libero_spatial	2312	Light Conditions	1
libero_spatial	2313	Light Conditions	1
libero_spatial	2314	Light Conditions	2
libero_spatial	2315	Light Conditions	4
libero_spatial	2316	Light Conditions	3
libero_spatial	2317	Light Conditions	2
libero_spatial	2318	Light Conditions	3
libero_spatial	2319	Light Conditions	3
libero_spatial	2320	Light Conditions	2
libero_spatial	2321	Light Conditions	2
libero_spatial	2322	Light Conditions	5
libero_spatial	2323	Light Conditions	4
libero_spatial	2324	Light Conditions	3
libero_spatial	2325	Light Conditions	4
libero_spatial	2326	Light Conditions	3
libero_spatial	2327	Light Conditions	4
libero_spatial	2328	Light Conditions	3
libero_spatial	2329	Light Conditions	4
libero_spatial	2330	Light Conditions	4
libero_spatial	2331	Light Conditions	4
libero_spatial	2332	Light Conditions	4
libero_spatial	2333	Light Conditions	3
libero_spatial	2334	Light Conditions	3
libero_spatial	2335	Light Conditions	4
libero_spatial	2336	Light Conditions	3
libero_spatial	2337	Light Conditions	2
libero_spatial	2338	Light Conditions	3
libero_spatial	2339	Light Conditions	4
libero_spatial	2340	Light Conditions	4
libero_spatial	2341	Light Conditions	5
libero_spatial	2342	Light Conditions	2
libero_spatial	2343	Light Conditions	1
libero_spatial	2344	Light Conditions	3
libero_spatial	2345	Light Conditions	4
libero_spatial	2346	Light Conditions	4
libero_spatial	2347	Light Conditions	3
libero_spatial	2348	Light Conditions	3
libero_spatial	2349	Light Conditions	2
libero_spatial	2350	Light Conditions	2
libero_spatial	2351	Light Conditions	2
libero_spatial	2352	Light Conditions	1
libero_spatial	2353	Light Conditions	3
libero_spatial	2354	Light Conditions	2
libero_spatial	2355	Light Conditions	1
libero_spatial	2356	Light Conditions	2
libero_spatial	2357	Light Conditions	1
libero_spatial	2358	Light Conditions	2
libero_spatial	2359	Light Conditions	2
libero_spatial	2360	Light Conditions	2
libero_spatial	2361	Light Conditions	2
libero_spatial	2362	Light Conditions	2
libero_spatial	2363	Light Conditions	1
libero_spatial	2364	Light Conditions	2
libero_spatial	2365	Light Conditions	1
libero_spatial	2366	Light Conditions	2
libero_spatial	2367	Light Conditions	3
libero_spatial	2368	Light Conditions	3
libero_spatial	2369	Light Conditions	2
libero_spatial	2370	Light Conditions	2
libero_spatial	2371	Light Conditions	2
libero_spatial	2372	Light Conditions	1
libero_spatial	2373	Light Conditions	2
libero_spatial	2374	Light Conditions	2
libero_spatial	2375	Light Conditions	2
libero_spatial	2376	Light Conditions	2
libero_spatial	2377	Light Conditions	1
libero_spatial	2378	Light Conditions	2
libero_spatial	2379	Light Conditions	3
libero_spatial	2380	Light Conditions	2
libero_spatial	2381	Light Conditions	1
libero_spatial	2382	Light Conditions	2
libero_spatial	2383	Light Conditions	3
libero_spatial	2384	Light Conditions	2
libero_spatial	2385	Light Conditions	3
libero_spatial	2386	Light Conditions	3
libero_spatial	2387	Light Conditions	3
libero_spatial	2388	Light Conditions	2
libero_spatial	2389	Light Conditions	3
libero_spatial	2390	Light Conditions	1
libero_spatial	2391	Light Conditions	3
libero_spatial	2392	Light Conditions	1
libero_spatial	2393	Light Conditions	2
libero_spatial	2394	Light Conditions	3
libero_spatial	2395	Light Conditions	2
libero_spatial	2396	Light Conditions	3
libero_spatial	2397	Light Conditions	2
libero_spatial	2398	Light Conditions	3
libero_spatial	2399	Light Conditions	2
libero_spatial	2400	Light Conditions	4
libero_spatial	2401	Light Conditions	2
